chunk_id,source_id,source,source_type,section,framework,title,url,crawl_batch,chunk_index,file,chars,prepared_at
chunk_2a602c25513d0751,lua_e470ea10143fe5e8,lua_docs,lua_hot_update_documentation,guide,xlua,介绍 — XLua,https://tencent.github.io/xLua/public/v1/guide/index.html,,1,E:/系统/桌面/工作区/本学期/大三下/IT项目管理/大作业/Data/KnowledgeBase/processed_clean/dify_import/lua_docs_chunk_2a602c25513d0751.md,1797,2026-05-27T13:07:32.097893+00:00
chunk_0ed736adfc0678a0,lua_e470ea10143fe5e8,lua_docs,lua_hot_update_documentation,guide,xlua,介绍 — XLua,https://tencent.github.io/xLua/public/v1/guide/index.html,,2,E:/系统/桌面/工作区/本学期/大三下/IT项目管理/大作业/Data/KnowledgeBase/processed_clean/dify_import/lua_docs_chunk_0ed736adfc0678a0.md,407,2026-05-27T13:07:32.099527+00:00
chunk_aacac49e43cdd09d,lua_3c40dad5a6ab76f6,lua_docs,lua_hot_update_documentation,readme,xlua,"GitHub - Tencent/xLua: xLua is a lua programming solution for C# ( Unity, .Net, Mono) , it supports android, ios, windows, linux, osx, etc. · GitHub",https://github.com/Tencent/xLua,,1,E:/系统/桌面/工作区/本学期/大三下/IT项目管理/大作业/Data/KnowledgeBase/processed_clean/dify_import/lua_docs_chunk_aacac49e43cdd09d.md,1756,2026-05-27T13:07:32.101222+00:00
chunk_32b29d6b8e0047c1,lua_3c40dad5a6ab76f6,lua_docs,lua_hot_update_documentation,readme,xlua,"GitHub - Tencent/xLua: xLua is a lua programming solution for C# ( Unity, .Net, Mono) , it supports android, ios, windows, linux, osx, etc. · GitHub",https://github.com/Tencent/xLua,,2,E:/系统/桌面/工作区/本学期/大三下/IT项目管理/大作业/Data/KnowledgeBase/processed_clean/dify_import/lua_docs_chunk_32b29d6b8e0047c1.md,900,2026-05-27T13:07:32.102112+00:00
chunk_1d1cc41bac5b5afa,lua_131f14810cb39e47,lua_docs,lua_hot_update_documentation,readme,tolua,Library,https://github.com/topameng/tolua,,1,E:/系统/桌面/工作区/本学期/大三下/IT项目管理/大作业/Data/KnowledgeBase/processed_clean/dify_import/lua_docs_chunk_1d1cc41bac5b5afa.md,1791,2026-05-27T13:07:32.105299+00:00
chunk_46e8c95ca74c12a9,lua_131f14810cb39e47,lua_docs,lua_hot_update_documentation,readme,tolua,Library,https://github.com/topameng/tolua,,2,E:/系统/桌面/工作区/本学期/大三下/IT项目管理/大作业/Data/KnowledgeBase/processed_clean/dify_import/lua_docs_chunk_46e8c95ca74c12a9.md,1798,2026-05-27T13:07:32.106175+00:00
chunk_e040168ffd824079,lua_131f14810cb39e47,lua_docs,lua_hot_update_documentation,readme,tolua,Library,https://github.com/topameng/tolua,,3,E:/系统/桌面/工作区/本学期/大三下/IT项目管理/大作业/Data/KnowledgeBase/processed_clean/dify_import/lua_docs_chunk_e040168ffd824079.md,1799,2026-05-27T13:07:32.107089+00:00
chunk_21dc025deef1b9fc,lua_131f14810cb39e47,lua_docs,lua_hot_update_documentation,readme,tolua,Library,https://github.com/topameng/tolua,,4,E:/系统/桌面/工作区/本学期/大三下/IT项目管理/大作业/Data/KnowledgeBase/processed_clean/dify_import/lua_docs_chunk_21dc025deef1b9fc.md,1683,2026-05-27T13:07:32.107876+00:00
chunk_ea68eaa53810ed15,lua_3cd1570ea8d25aa3,lua_docs,lua_hot_update_documentation,wiki,tolua,Library,https://github.com/topameng/tolua/wiki,,1,E:/系统/桌面/工作区/本学期/大三下/IT项目管理/大作业/Data/KnowledgeBase/processed_clean/dify_import/lua_docs_chunk_ea68eaa53810ed15.md,1798,2026-05-27T13:07:32.109319+00:00
chunk_ff913e24026eae62,lua_3cd1570ea8d25aa3,lua_docs,lua_hot_update_documentation,wiki,tolua,Library,https://github.com/topameng/tolua/wiki,,2,E:/系统/桌面/工作区/本学期/大三下/IT项目管理/大作业/Data/KnowledgeBase/processed_clean/dify_import/lua_docs_chunk_ff913e24026eae62.md,1426,2026-05-27T13:07:32.110348+00:00
chunk_94ddd13465c19502,lua_14b559fe47841613,lua_docs,lua_hot_update_documentation,wiki,tolua,Examples,https://github.com/topameng/tolua/wiki/Examples,,1,E:/系统/桌面/工作区/本学期/大三下/IT项目管理/大作业/Data/KnowledgeBase/processed_clean/dify_import/lua_docs_chunk_94ddd13465c19502.md,1774,2026-05-27T13:07:32.113847+00:00
chunk_4bd9f9171023b8e2,lua_14b559fe47841613,lua_docs,lua_hot_update_documentation,wiki,tolua,Examples,https://github.com/topameng/tolua/wiki/Examples,,2,E:/系统/桌面/工作区/本学期/大三下/IT项目管理/大作业/Data/KnowledgeBase/processed_clean/dify_import/lua_docs_chunk_4bd9f9171023b8e2.md,1765,2026-05-27T13:07:32.114741+00:00
chunk_579d420f723eec48,lua_14b559fe47841613,lua_docs,lua_hot_update_documentation,wiki,tolua,Examples,https://github.com/topameng/tolua/wiki/Examples,,3,E:/系统/桌面/工作区/本学期/大三下/IT项目管理/大作业/Data/KnowledgeBase/processed_clean/dify_import/lua_docs_chunk_579d420f723eec48.md,446,2026-05-27T13:07:32.115741+00:00
chunk_0b06230666669679,lua_4c474ff9e992d8e4,lua_docs,lua_hot_update_documentation,wiki,tolua,常见问题,https://github.com/topameng/tolua/wiki/%E5%B8%B8%E8%A7%81%E9%97%AE%E9%A2%98,,1,E:/系统/桌面/工作区/本学期/大三下/IT项目管理/大作业/Data/KnowledgeBase/processed_clean/dify_import/lua_docs_chunk_0b06230666669679.md,1623,2026-05-27T13:07:32.118087+00:00
chunk_5f169b1804eed290,lua_7337f5bb11f037aa,lua_docs,lua_hot_update_documentation,wiki,tolua,更新tolua#,https://github.com/topameng/tolua/wiki/%E6%9B%B4%E6%96%B0tolua%23,,1,E:/系统/桌面/工作区/本学期/大三下/IT项目管理/大作业/Data/KnowledgeBase/processed_clean/dify_import/lua_docs_chunk_5f169b1804eed290.md,468,2026-05-27T13:07:32.120187+00:00
chunk_0822d98a0626db66,lua_2f97b5c3f2cfeef4,lua_docs,lua_hot_update_documentation,wiki,tolua,环境,https://github.com/topameng/tolua/wiki/%E7%8E%AF%E5%A2%83,,1,E:/系统/桌面/工作区/本学期/大三下/IT项目管理/大作业/Data/KnowledgeBase/processed_clean/dify_import/lua_docs_chunk_0822d98a0626db66.md,447,2026-05-27T13:07:32.121815+00:00
chunk_f4ba4ed20818be2b,lua_f263d8392fc6ce00,lua_docs,lua_hot_update_documentation,guide,xlua,FAQ — XLua,https://tencent.github.io/xLua/public/v1/guide/faq.html,,1,E:/系统/桌面/工作区/本学期/大三下/IT项目管理/大作业/Data/KnowledgeBase/processed_clean/dify_import/lua_docs_chunk_f4ba4ed20818be2b.md,1789,2026-05-27T13:07:32.124684+00:00
chunk_691ed4a3ac197ee6,lua_f263d8392fc6ce00,lua_docs,lua_hot_update_documentation,guide,xlua,FAQ — XLua,https://tencent.github.io/xLua/public/v1/guide/faq.html,,2,E:/系统/桌面/工作区/本学期/大三下/IT项目管理/大作业/Data/KnowledgeBase/processed_clean/dify_import/lua_docs_chunk_691ed4a3ac197ee6.md,1708,2026-05-27T13:07:32.125846+00:00
chunk_b0e7419bb13a135a,lua_f263d8392fc6ce00,lua_docs,lua_hot_update_documentation,guide,xlua,FAQ — XLua,https://tencent.github.io/xLua/public/v1/guide/faq.html,,3,E:/系统/桌面/工作区/本学期/大三下/IT项目管理/大作业/Data/KnowledgeBase/processed_clean/dify_import/lua_docs_chunk_b0e7419bb13a135a.md,1693,2026-05-27T13:07:32.127067+00:00
chunk_49a5806f21c2664e,lua_f263d8392fc6ce00,lua_docs,lua_hot_update_documentation,guide,xlua,FAQ — XLua,https://tencent.github.io/xLua/public/v1/guide/faq.html,,4,E:/系统/桌面/工作区/本学期/大三下/IT项目管理/大作业/Data/KnowledgeBase/processed_clean/dify_import/lua_docs_chunk_49a5806f21c2664e.md,673,2026-05-27T13:07:32.128117+00:00
chunk_42258e9660a86774,lua_6bc8eec850571d50,lua_docs,lua_hot_update_documentation,guide,xlua,XLua的配置 — XLua,https://tencent.github.io/xLua/public/v1/guide/configure.html,,1,E:/系统/桌面/工作区/本学期/大三下/IT项目管理/大作业/Data/KnowledgeBase/processed_clean/dify_import/lua_docs_chunk_42258e9660a86774.md,1673,2026-05-27T13:07:32.130718+00:00
chunk_8ac3b10055f98ed2,lua_6bc8eec850571d50,lua_docs,lua_hot_update_documentation,guide,xlua,XLua的配置 — XLua,https://tencent.github.io/xLua/public/v1/guide/configure.html,,2,E:/系统/桌面/工作区/本学期/大三下/IT项目管理/大作业/Data/KnowledgeBase/processed_clean/dify_import/lua_docs_chunk_8ac3b10055f98ed2.md,1514,2026-05-27T13:07:32.131709+00:00
chunk_747d533c92efb124,lua_1965a46c9a7bd271,lua_docs,lua_hot_update_documentation,guide,xlua,热标识 — XLua,https://tencent.github.io/xLua/public/v1/guide/hotfix.html,,1,E:/系统/桌面/工作区/本学期/大三下/IT项目管理/大作业/Data/KnowledgeBase/processed_clean/dify_import/lua_docs_chunk_747d533c92efb124.md,1796,2026-05-27T13:07:32.134848+00:00
chunk_a51da2bd186a775e,lua_1965a46c9a7bd271,lua_docs,lua_hot_update_documentation,guide,xlua,热标识 — XLua,https://tencent.github.io/xLua/public/v1/guide/hotfix.html,,2,E:/系统/桌面/工作区/本学期/大三下/IT项目管理/大作业/Data/KnowledgeBase/processed_clean/dify_import/lua_docs_chunk_a51da2bd186a775e.md,1741,2026-05-27T13:07:32.135586+00:00
chunk_b553a40c9da1f163,lua_1965a46c9a7bd271,lua_docs,lua_hot_update_documentation,guide,xlua,热标识 — XLua,https://tencent.github.io/xLua/public/v1/guide/hotfix.html,,3,E:/系统/桌面/工作区/本学期/大三下/IT项目管理/大作业/Data/KnowledgeBase/processed_clean/dify_import/lua_docs_chunk_b553a40c9da1f163.md,1774,2026-05-27T13:07:32.136413+00:00
chunk_22d1d6db46c437fa,lua_1965a46c9a7bd271,lua_docs,lua_hot_update_documentation,guide,xlua,热标识 — XLua,https://tencent.github.io/xLua/public/v1/guide/hotfix.html,,4,E:/系统/桌面/工作区/本学期/大三下/IT项目管理/大作业/Data/KnowledgeBase/processed_clean/dify_import/lua_docs_chunk_22d1d6db46c437fa.md,1800,2026-05-27T13:07:32.137179+00:00
chunk_037c49b14c3e5a41,lua_1965a46c9a7bd271,lua_docs,lua_hot_update_documentation,guide,xlua,热标识 — XLua,https://tencent.github.io/xLua/public/v1/guide/hotfix.html,,5,E:/系统/桌面/工作区/本学期/大三下/IT项目管理/大作业/Data/KnowledgeBase/processed_clean/dify_import/lua_docs_chunk_037c49b14c3e5a41.md,941,2026-05-27T13:07:32.138228+00:00
chunk_e03fdf57cb79ef24,lua_a666516eb38dda43,lua_docs,lua_hot_update_documentation,guide,xlua,特性 — XLua,https://tencent.github.io/xLua/public/v1/guide/features.html,,1,E:/系统/桌面/工作区/本学期/大三下/IT项目管理/大作业/Data/KnowledgeBase/processed_clean/dify_import/lua_docs_chunk_e03fdf57cb79ef24.md,1799,2026-05-27T13:07:32.139810+00:00
chunk_274be5207bade5cd,lua_a666516eb38dda43,lua_docs,lua_hot_update_documentation,guide,xlua,特性 — XLua,https://tencent.github.io/xLua/public/v1/guide/features.html,,2,E:/系统/桌面/工作区/本学期/大三下/IT项目管理/大作业/Data/KnowledgeBase/processed_clean/dify_import/lua_docs_chunk_274be5207bade5cd.md,272,2026-05-27T13:07:32.140506+00:00
chunk_a44af136773cf376,lua_3effd24d6c4b9d61,lua_docs,lua_hot_update_documentation,guide,xlua,signature.md,https://github.com/Tencent/xLua/tree/master/Assets/XLua/Doc/signature.md,,1,E:/系统/桌面/工作区/本学期/大三下/IT项目管理/大作业/Data/KnowledgeBase/processed_clean/dify_import/lua_docs_chunk_a44af136773cf376.md,512,2026-05-27T13:07:32.141850+00:00
chunk_d5acebb4c32fb194,lua_623ad7cf81ca6e4a,lua_docs,lua_hot_update_documentation,guide,xlua,XLua教程.doc,https://github.com/Tencent/xLua/tree/master/Assets/XLua/Doc/XLua教程.doc,,1,E:/系统/桌面/工作区/本学期/大三下/IT项目管理/大作业/Data/KnowledgeBase/processed_clean/dify_import/lua_docs_chunk_d5acebb4c32fb194.md,562,2026-05-27T13:07:32.143183+00:00
chunk_7f7b10f5320f2df8,lua_c3333e84bf98c3cf,lua_docs,lua_hot_update_documentation,guide,xlua,xLua的配置,https://github.com/Tencent/xLua/tree/master/Assets/XLua/Doc/configure.md,,1,E:/系统/桌面/工作区/本学期/大三下/IT项目管理/大作业/Data/KnowledgeBase/processed_clean/dify_import/lua_docs_chunk_7f7b10f5320f2df8.md,1740,2026-05-27T13:07:32.144885+00:00
chunk_3ba523d07acbfcd2,lua_c3333e84bf98c3cf,lua_docs,lua_hot_update_documentation,guide,xlua,xLua的配置,https://github.com/Tencent/xLua/tree/master/Assets/XLua/Doc/configure.md,,2,E:/系统/桌面/工作区/本学期/大三下/IT项目管理/大作业/Data/KnowledgeBase/processed_clean/dify_import/lua_docs_chunk_3ba523d07acbfcd2.md,1788,2026-05-27T13:07:32.145708+00:00
chunk_8a5f34371cf9e894,lua_c3333e84bf98c3cf,lua_docs,lua_hot_update_documentation,guide,xlua,xLua的配置,https://github.com/Tencent/xLua/tree/master/Assets/XLua/Doc/configure.md,,3,E:/系统/桌面/工作区/本学期/大三下/IT项目管理/大作业/Data/KnowledgeBase/processed_clean/dify_import/lua_docs_chunk_8a5f34371cf9e894.md,469,2026-05-27T13:07:32.146371+00:00
chunk_66c27fdb988d7100,lua_ab3b025bc316ae2f,lua_docs,lua_hot_update_documentation,guide,xlua,XLua增加删除第三方lua库.doc,https://github.com/Tencent/xLua/tree/master/Assets/XLua/Doc/XLua增加删除第三方lua库.doc,,1,E:/系统/桌面/工作区/本学期/大三下/IT项目管理/大作业/Data/KnowledgeBase/processed_clean/dify_import/lua_docs_chunk_66c27fdb988d7100.md,600,2026-05-27T13:07:32.147698+00:00
chunk_4e8f22cb0b707ae5,lua_981726f8cca285a5,lua_docs,lua_hot_update_documentation,guide,xlua,XLua_API.doc,https://github.com/Tencent/xLua/tree/master/Assets/XLua/Doc/XLua_API.doc,,1,E:/系统/桌面/工作区/本学期/大三下/IT项目管理/大作业/Data/KnowledgeBase/processed_clean/dify_import/lua_docs_chunk_4e8f22cb0b707ae5.md,570,2026-05-27T13:07:32.148756+00:00
chunk_888935f21c2c2c55,lua_938e5ff4be3e5164,lua_docs,lua_hot_update_documentation,guide,xlua,custom_generate.md,https://github.com/Tencent/xLua/tree/master/Assets/XLua/Doc/custom_generate.md,,1,E:/系统/桌面/工作区/本学期/大三下/IT项目管理/大作业/Data/KnowledgeBase/processed_clean/dify_import/lua_docs_chunk_888935f21c2c2c55.md,1797,2026-05-27T13:07:32.150155+00:00
chunk_80083884593bbe64,lua_938e5ff4be3e5164,lua_docs,lua_hot_update_documentation,guide,xlua,custom_generate.md,https://github.com/Tencent/xLua/tree/master/Assets/XLua/Doc/custom_generate.md,,2,E:/系统/桌面/工作区/本学期/大三下/IT项目管理/大作业/Data/KnowledgeBase/processed_clean/dify_import/lua_docs_chunk_80083884593bbe64.md,1252,2026-05-27T13:07:32.150884+00:00
chunk_b70bb820e197a8a5,lua_b22b0e54cdcf94ca,lua_docs,lua_hot_update_documentation,guide,xlua,hotfix.md,https://github.com/Tencent/xLua/tree/master/Assets/XLua/Doc/hotfix.md,,1,E:/系统/桌面/工作区/本学期/大三下/IT项目管理/大作业/Data/KnowledgeBase/processed_clean/dify_import/lua_docs_chunk_b70bb820e197a8a5.md,1798,2026-05-27T13:07:32.154977+00:00
chunk_3460d6244df7170f,lua_b22b0e54cdcf94ca,lua_docs,lua_hot_update_documentation,guide,xlua,hotfix.md,https://github.com/Tencent/xLua/tree/master/Assets/XLua/Doc/hotfix.md,,2,E:/系统/桌面/工作区/本学期/大三下/IT项目管理/大作业/Data/KnowledgeBase/processed_clean/dify_import/lua_docs_chunk_3460d6244df7170f.md,1785,2026-05-27T13:07:32.156022+00:00
chunk_48d39ff21a0a4037,lua_b22b0e54cdcf94ca,lua_docs,lua_hot_update_documentation,guide,xlua,hotfix.md,https://github.com/Tencent/xLua/tree/master/Assets/XLua/Doc/hotfix.md,,3,E:/系统/桌面/工作区/本学期/大三下/IT项目管理/大作业/Data/KnowledgeBase/processed_clean/dify_import/lua_docs_chunk_48d39ff21a0a4037.md,1747,2026-05-27T13:07:32.157184+00:00
chunk_18d756ed447714e0,lua_b22b0e54cdcf94ca,lua_docs,lua_hot_update_documentation,guide,xlua,hotfix.md,https://github.com/Tencent/xLua/tree/master/Assets/XLua/Doc/hotfix.md,,4,E:/系统/桌面/工作区/本学期/大三下/IT项目管理/大作业/Data/KnowledgeBase/processed_clean/dify_import/lua_docs_chunk_18d756ed447714e0.md,1795,2026-05-27T13:07:32.158642+00:00
chunk_833ede3f611aa814,lua_b22b0e54cdcf94ca,lua_docs,lua_hot_update_documentation,guide,xlua,hotfix.md,https://github.com/Tencent/xLua/tree/master/Assets/XLua/Doc/hotfix.md,,5,E:/系统/桌面/工作区/本学期/大三下/IT项目管理/大作业/Data/KnowledgeBase/processed_clean/dify_import/lua_docs_chunk_833ede3f611aa814.md,1246,2026-05-27T13:07:32.169234+00:00
chunk_b7176d3280f4884a,lua_4a6ca13dac9858c6,lua_docs,lua_hot_update_documentation,guide,xlua,index.md,https://github.com/Tencent/xLua/tree/master/docs/source/src/v1/guide/index.md,,1,E:/系统/桌面/工作区/本学期/大三下/IT项目管理/大作业/Data/KnowledgeBase/processed_clean/dify_import/lua_docs_chunk_b7176d3280f4884a.md,1799,2026-05-27T13:07:32.171290+00:00
chunk_3aa2dbd4b8c1c547,lua_4a6ca13dac9858c6,lua_docs,lua_hot_update_documentation,guide,xlua,index.md,https://github.com/Tencent/xLua/tree/master/docs/source/src/v1/guide/index.md,,2,E:/系统/桌面/工作区/本学期/大三下/IT项目管理/大作业/Data/KnowledgeBase/processed_clean/dify_import/lua_docs_chunk_3aa2dbd4b8c1c547.md,531,2026-05-27T13:07:32.173036+00:00
chunk_13be4f21a4e8db1c,lua_7f1bd10e20fc0386,lua_docs,lua_hot_update_documentation,readme,xlua,General,https://github.com/Tencent/xLua/tree/master/General,,1,E:/系统/桌面/工作区/本学期/大三下/IT项目管理/大作业/Data/KnowledgeBase/processed_clean/dify_import/lua_docs_chunk_13be4f21a4e8db1c.md,948,2026-05-27T13:07:32.175923+00:00
chunk_320d996ef3bcf3df,lua_4a36ac56e0ec52c4,lua_docs,lua_hot_update_documentation,readme,xlua,docs,https://github.com/Tencent/xLua/tree/master/docs,,1,E:/系统/桌面/工作区/本学期/大三下/IT项目管理/大作业/Data/KnowledgeBase/processed_clean/dify_import/lua_docs_chunk_320d996ef3bcf3df.md,647,2026-05-27T13:07:32.177804+00:00
chunk_cd99d7220b8652fe,lua_f6004661efe84e5a,lua_docs,lua_hot_update_documentation,readme,xlua,README.md,https://github.com/Tencent/xLua/blob/master/README.md,,1,E:/系统/桌面/工作区/本学期/大三下/IT项目管理/大作业/Data/KnowledgeBase/processed_clean/dify_import/lua_docs_chunk_cd99d7220b8652fe.md,1766,2026-05-27T13:07:32.180017+00:00
chunk_c69ce2cdf2f8ad25,lua_f6004661efe84e5a,lua_docs,lua_hot_update_documentation,readme,xlua,README.md,https://github.com/Tencent/xLua/blob/master/README.md,,2,E:/系统/桌面/工作区/本学期/大三下/IT项目管理/大作业/Data/KnowledgeBase/processed_clean/dify_import/lua_docs_chunk_c69ce2cdf2f8ad25.md,773,2026-05-27T13:07:32.180932+00:00
chunk_a61281d1d8b49061,lua_3bfd5f5b867247f1,lua_docs,lua_hot_update_documentation,readme,xlua,README_EN.md,https://github.com/Tencent/xLua/blob/master/README_EN.md,,1,E:/系统/桌面/工作区/本学期/大三下/IT项目管理/大作业/Data/KnowledgeBase/processed_clean/dify_import/lua_docs_chunk_a61281d1d8b49061.md,1800,2026-05-27T13:07:32.183939+00:00
chunk_2b444b50ef90a43f,lua_3bfd5f5b867247f1,lua_docs,lua_hot_update_documentation,readme,xlua,README_EN.md,https://github.com/Tencent/xLua/blob/master/README_EN.md,,2,E:/系统/桌面/工作区/本学期/大三下/IT项目管理/大作业/Data/KnowledgeBase/processed_clean/dify_import/lua_docs_chunk_2b444b50ef90a43f.md,1769,2026-05-27T13:07:32.185387+00:00
chunk_36c045b4430f605e,lua_3bfd5f5b867247f1,lua_docs,lua_hot_update_documentation,readme,xlua,README_EN.md,https://github.com/Tencent/xLua/blob/master/README_EN.md,,3,E:/系统/桌面/工作区/本学期/大三下/IT项目管理/大作业/Data/KnowledgeBase/processed_clean/dify_import/lua_docs_chunk_36c045b4430f605e.md,906,2026-05-27T13:07:32.186959+00:00
chunk_190dc842ed0fd145,lua_8c2ff2dc45352acd,lua_docs,lua_hot_update_documentation,readme,xlua,xLua.png,https://github.com/Tencent/xLua/blob/master/Assets/XLua/Doc/xLua.png,,1,E:/系统/桌面/工作区/本学期/大三下/IT项目管理/大作业/Data/KnowledgeBase/processed_clean/dify_import/lua_docs_chunk_190dc842ed0fd145.md,516,2026-05-27T13:07:32.189455+00:00
chunk_2644f67c8a1807b3,lua_46b8ecac8fc1493f,lua_docs,lua_hot_update_documentation,readme,xlua,特性,https://github.com/Tencent/xLua/blob/master/Assets/XLua/Doc/features.md,,1,E:/系统/桌面/工作区/本学期/大三下/IT项目管理/大作业/Data/KnowledgeBase/processed_clean/dify_import/lua_docs_chunk_2644f67c8a1807b3.md,1793,2026-05-27T13:07:32.191729+00:00
chunk_f3589661fae37b9d,lua_46b8ecac8fc1493f,lua_docs,lua_hot_update_documentation,readme,xlua,特性,https://github.com/Tencent/xLua/blob/master/Assets/XLua/Doc/features.md,,2,E:/系统/桌面/工作区/本学期/大三下/IT项目管理/大作业/Data/KnowledgeBase/processed_clean/dify_import/lua_docs_chunk_f3589661fae37b9d.md,281,2026-05-27T13:07:32.193284+00:00
chunk_957f7a938d180851,lua_39c6ce36610411ad,lua_docs,lua_hot_update_documentation,readme,xlua,FAQ,https://github.com/Tencent/xLua/blob/master/Assets/XLua/Doc/faq.md,,1,E:/系统/桌面/工作区/本学期/大三下/IT项目管理/大作业/Data/KnowledgeBase/processed_clean/dify_import/lua_docs_chunk_957f7a938d180851.md,1734,2026-05-27T13:07:32.199607+00:00
chunk_29a491c113fcb6a6,lua_39c6ce36610411ad,lua_docs,lua_hot_update_documentation,readme,xlua,FAQ,https://github.com/Tencent/xLua/blob/master/Assets/XLua/Doc/faq.md,,2,E:/系统/桌面/工作区/本学期/大三下/IT项目管理/大作业/Data/KnowledgeBase/processed_clean/dify_import/lua_docs_chunk_29a491c113fcb6a6.md,1784,2026-05-27T13:07:32.200897+00:00
chunk_531faa1028fd1698,lua_39c6ce36610411ad,lua_docs,lua_hot_update_documentation,readme,xlua,FAQ,https://github.com/Tencent/xLua/blob/master/Assets/XLua/Doc/faq.md,,3,E:/系统/桌面/工作区/本学期/大三下/IT项目管理/大作业/Data/KnowledgeBase/processed_clean/dify_import/lua_docs_chunk_531faa1028fd1698.md,1699,2026-05-27T13:07:32.201975+00:00
chunk_851ab45b3c75c02b,lua_39c6ce36610411ad,lua_docs,lua_hot_update_documentation,readme,xlua,FAQ,https://github.com/Tencent/xLua/blob/master/Assets/XLua/Doc/faq.md,,4,E:/系统/桌面/工作区/本学期/大三下/IT项目管理/大作业/Data/KnowledgeBase/processed_clean/dify_import/lua_docs_chunk_851ab45b3c75c02b.md,1796,2026-05-27T13:07:32.219760+00:00
chunk_09b6deb1836e3f11,lua_39c6ce36610411ad,lua_docs,lua_hot_update_documentation,readme,xlua,FAQ,https://github.com/Tencent/xLua/blob/master/Assets/XLua/Doc/faq.md,,5,E:/系统/桌面/工作区/本学期/大三下/IT项目管理/大作业/Data/KnowledgeBase/processed_clean/dify_import/lua_docs_chunk_09b6deb1836e3f11.md,1754,2026-05-27T13:07:32.221349+00:00
chunk_03160865ed3d3789,lua_39c6ce36610411ad,lua_docs,lua_hot_update_documentation,readme,xlua,FAQ,https://github.com/Tencent/xLua/blob/master/Assets/XLua/Doc/faq.md,,6,E:/系统/桌面/工作区/本学期/大三下/IT项目管理/大作业/Data/KnowledgeBase/processed_clean/dify_import/lua_docs_chunk_03160865ed3d3789.md,1746,2026-05-27T13:07:32.222674+00:00
chunk_519bca5d5dae65f6,lua_39c6ce36610411ad,lua_docs,lua_hot_update_documentation,readme,xlua,FAQ,https://github.com/Tencent/xLua/blob/master/Assets/XLua/Doc/faq.md,,7,E:/系统/桌面/工作区/本学期/大三下/IT项目管理/大作业/Data/KnowledgeBase/processed_clean/dify_import/lua_docs_chunk_519bca5d5dae65f6.md,1798,2026-05-27T13:07:32.224705+00:00
chunk_bc7be0b7a4550a59,lua_39c6ce36610411ad,lua_docs,lua_hot_update_documentation,readme,xlua,FAQ,https://github.com/Tencent/xLua/blob/master/Assets/XLua/Doc/faq.md,,8,E:/系统/桌面/工作区/本学期/大三下/IT项目管理/大作业/Data/KnowledgeBase/processed_clean/dify_import/lua_docs_chunk_bc7be0b7a4550a59.md,1798,2026-05-27T13:07:32.226419+00:00
chunk_c3c62d9413fbaf7f,lua_39c6ce36610411ad,lua_docs,lua_hot_update_documentation,readme,xlua,FAQ,https://github.com/Tencent/xLua/blob/master/Assets/XLua/Doc/faq.md,,9,E:/系统/桌面/工作区/本学期/大三下/IT项目管理/大作业/Data/KnowledgeBase/processed_clean/dify_import/lua_docs_chunk_c3c62d9413fbaf7f.md,904,2026-05-27T13:07:32.227612+00:00
chunk_931e6d5050cb91c2,lua_b6eadb57f7146249,lua_docs,lua_hot_update_documentation,readme,xlua,XLua教程.md,https://github.com/Tencent/xLua/blob/master/Assets/XLua/Doc/XLua%E6%95%99%E7%A8%8B.md,,1,E:/系统/桌面/工作区/本学期/大三下/IT项目管理/大作业/Data/KnowledgeBase/processed_clean/dify_import/lua_docs_chunk_931e6d5050cb91c2.md,1796,2026-05-27T13:07:32.233524+00:00
chunk_4f03d7feea8a7092,lua_b6eadb57f7146249,lua_docs,lua_hot_update_documentation,readme,xlua,XLua教程.md,https://github.com/Tencent/xLua/blob/master/Assets/XLua/Doc/XLua%E6%95%99%E7%A8%8B.md,,2,E:/系统/桌面/工作区/本学期/大三下/IT项目管理/大作业/Data/KnowledgeBase/processed_clean/dify_import/lua_docs_chunk_4f03d7feea8a7092.md,1800,2026-05-27T13:07:32.235276+00:00
chunk_7d08797bf3e4c4c1,lua_b6eadb57f7146249,lua_docs,lua_hot_update_documentation,readme,xlua,XLua教程.md,https://github.com/Tencent/xLua/blob/master/Assets/XLua/Doc/XLua%E6%95%99%E7%A8%8B.md,,3,E:/系统/桌面/工作区/本学期/大三下/IT项目管理/大作业/Data/KnowledgeBase/processed_clean/dify_import/lua_docs_chunk_7d08797bf3e4c4c1.md,1778,2026-05-27T13:07:32.237942+00:00
chunk_dbf1829a1d1e6381,lua_b6eadb57f7146249,lua_docs,lua_hot_update_documentation,readme,xlua,XLua教程.md,https://github.com/Tencent/xLua/blob/master/Assets/XLua/Doc/XLua%E6%95%99%E7%A8%8B.md,,4,E:/系统/桌面/工作区/本学期/大三下/IT项目管理/大作业/Data/KnowledgeBase/processed_clean/dify_import/lua_docs_chunk_dbf1829a1d1e6381.md,861,2026-05-27T13:07:32.239294+00:00
chunk_ddd27a1dff0beaab,lua_6e56f59b795d184a,lua_docs,lua_hot_update_documentation,readme,xlua,xLua的配置,https://github.com/Tencent/xLua/blob/master/Assets/XLua/Doc/configure.md,,1,E:/系统/桌面/工作区/本学期/大三下/IT项目管理/大作业/Data/KnowledgeBase/processed_clean/dify_import/lua_docs_chunk_ddd27a1dff0beaab.md,1741,2026-05-27T13:07:32.242992+00:00
chunk_55c4e534d395fc2b,lua_6e56f59b795d184a,lua_docs,lua_hot_update_documentation,readme,xlua,xLua的配置,https://github.com/Tencent/xLua/blob/master/Assets/XLua/Doc/configure.md,,2,E:/系统/桌面/工作区/本学期/大三下/IT项目管理/大作业/Data/KnowledgeBase/processed_clean/dify_import/lua_docs_chunk_55c4e534d395fc2b.md,1788,2026-05-27T13:07:32.244042+00:00
chunk_4c7a6d42520b3a47,lua_6e56f59b795d184a,lua_docs,lua_hot_update_documentation,readme,xlua,xLua的配置,https://github.com/Tencent/xLua/blob/master/Assets/XLua/Doc/configure.md,,3,E:/系统/桌面/工作区/本学期/大三下/IT项目管理/大作业/Data/KnowledgeBase/processed_clean/dify_import/lua_docs_chunk_4c7a6d42520b3a47.md,469,2026-05-27T13:07:32.247021+00:00
chunk_ed2089e2faab94d5,lua_699d59ad1d662d89,lua_docs,lua_hot_update_documentation,readme,xlua,hotfix.md,https://github.com/Tencent/xLua/blob/master/Assets/XLua/Doc/hotfix.md,,1,E:/系统/桌面/工作区/本学期/大三下/IT项目管理/大作业/Data/KnowledgeBase/processed_clean/dify_import/lua_docs_chunk_ed2089e2faab94d5.md,1799,2026-05-27T13:07:32.251293+00:00
chunk_853bc89162c73d9c,lua_699d59ad1d662d89,lua_docs,lua_hot_update_documentation,readme,xlua,hotfix.md,https://github.com/Tencent/xLua/blob/master/Assets/XLua/Doc/hotfix.md,,2,E:/系统/桌面/工作区/本学期/大三下/IT项目管理/大作业/Data/KnowledgeBase/processed_clean/dify_import/lua_docs_chunk_853bc89162c73d9c.md,1785,2026-05-27T13:07:32.252362+00:00
chunk_d79dd150a2862708,lua_699d59ad1d662d89,lua_docs,lua_hot_update_documentation,readme,xlua,hotfix.md,https://github.com/Tencent/xLua/blob/master/Assets/XLua/Doc/hotfix.md,,3,E:/系统/桌面/工作区/本学期/大三下/IT项目管理/大作业/Data/KnowledgeBase/processed_clean/dify_import/lua_docs_chunk_d79dd150a2862708.md,1747,2026-05-27T13:07:32.253766+00:00
chunk_7813ec8be69ba6a6,lua_699d59ad1d662d89,lua_docs,lua_hot_update_documentation,readme,xlua,hotfix.md,https://github.com/Tencent/xLua/blob/master/Assets/XLua/Doc/hotfix.md,,4,E:/系统/桌面/工作区/本学期/大三下/IT项目管理/大作业/Data/KnowledgeBase/processed_clean/dify_import/lua_docs_chunk_7813ec8be69ba6a6.md,1795,2026-05-27T13:07:32.256982+00:00
chunk_19a039a00d60a58b,lua_699d59ad1d662d89,lua_docs,lua_hot_update_documentation,readme,xlua,hotfix.md,https://github.com/Tencent/xLua/blob/master/Assets/XLua/Doc/hotfix.md,,5,E:/系统/桌面/工作区/本学期/大三下/IT项目管理/大作业/Data/KnowledgeBase/processed_clean/dify_import/lua_docs_chunk_19a039a00d60a58b.md,1246,2026-05-27T13:07:32.259381+00:00
chunk_e41b388a6c7caaae,lua_149c48618a32bf7e,lua_docs,lua_hot_update_documentation,readme,xlua,XLua增加删除第三方lua库.md,https://github.com/Tencent/xLua/blob/master/Assets/XLua/Doc/XLua%E5%A2%9E%E5%8A%A0%E5%88%A0%E9%99%A4%E7%AC%AC%E4%B8%89%E6%96%B9lua%E5%BA%93.md,,1,E:/系统/桌面/工作区/本学期/大三下/IT项目管理/大作业/Data/KnowledgeBase/processed_clean/dify_import/lua_docs_chunk_e41b388a6c7caaae.md,1717,2026-05-27T13:07:32.263348+00:00
chunk_64492d8bc6312204,lua_149c48618a32bf7e,lua_docs,lua_hot_update_documentation,readme,xlua,XLua增加删除第三方lua库.md,https://github.com/Tencent/xLua/blob/master/Assets/XLua/Doc/XLua%E5%A2%9E%E5%8A%A0%E5%88%A0%E9%99%A4%E7%AC%AC%E4%B8%89%E6%96%B9lua%E5%BA%93.md,,2,E:/系统/桌面/工作区/本学期/大三下/IT项目管理/大作业/Data/KnowledgeBase/processed_clean/dify_import/lua_docs_chunk_64492d8bc6312204.md,1647,2026-05-27T13:07:32.264856+00:00
chunk_93fc3ba881937455,lua_d9f61cb5eb6440c8,lua_docs,lua_hot_update_documentation,readme,xlua,XLua_API.md,https://github.com/Tencent/xLua/blob/master/Assets/XLua/Doc/XLua_API.md,,1,E:/系统/桌面/工作区/本学期/大三下/IT项目管理/大作业/Data/KnowledgeBase/processed_clean/dify_import/lua_docs_chunk_93fc3ba881937455.md,1798,2026-05-27T13:07:32.268183+00:00
chunk_299adf4198e3a474,lua_d9f61cb5eb6440c8,lua_docs,lua_hot_update_documentation,readme,xlua,XLua_API.md,https://github.com/Tencent/xLua/blob/master/Assets/XLua/Doc/XLua_API.md,,2,E:/系统/桌面/工作区/本学期/大三下/IT项目管理/大作业/Data/KnowledgeBase/processed_clean/dify_import/lua_docs_chunk_299adf4198e3a474.md,1799,2026-05-27T13:07:32.269209+00:00
chunk_a030c437d855a015,lua_d9f61cb5eb6440c8,lua_docs,lua_hot_update_documentation,readme,xlua,XLua_API.md,https://github.com/Tencent/xLua/blob/master/Assets/XLua/Doc/XLua_API.md,,3,E:/系统/桌面/工作区/本学期/大三下/IT项目管理/大作业/Data/KnowledgeBase/processed_clean/dify_import/lua_docs_chunk_a030c437d855a015.md,1778,2026-05-27T13:07:32.270713+00:00
chunk_82ee914eac110c63,lua_d9f61cb5eb6440c8,lua_docs,lua_hot_update_documentation,readme,xlua,XLua_API.md,https://github.com/Tencent/xLua/blob/master/Assets/XLua/Doc/XLua_API.md,,4,E:/系统/桌面/工作区/本学期/大三下/IT项目管理/大作业/Data/KnowledgeBase/processed_clean/dify_import/lua_docs_chunk_82ee914eac110c63.md,344,2026-05-27T13:07:32.272187+00:00
chunk_1f6ae8229c73634c,lua_7f456d00aabf0689,lua_docs,lua_hot_update_documentation,readme,xlua,custom_generate.md,https://github.com/Tencent/xLua/blob/master/Assets/XLua/Doc/custom_generate.md,,1,E:/系统/桌面/工作区/本学期/大三下/IT项目管理/大作业/Data/KnowledgeBase/processed_clean/dify_import/lua_docs_chunk_1f6ae8229c73634c.md,1798,2026-05-27T13:07:32.274732+00:00
chunk_4fb5e909990c6ca1,lua_7f456d00aabf0689,lua_docs,lua_hot_update_documentation,readme,xlua,custom_generate.md,https://github.com/Tencent/xLua/blob/master/Assets/XLua/Doc/custom_generate.md,,2,E:/系统/桌面/工作区/本学期/大三下/IT项目管理/大作业/Data/KnowledgeBase/processed_clean/dify_import/lua_docs_chunk_4fb5e909990c6ca1.md,1252,2026-05-27T13:07:32.277645+00:00
chunk_27975ef26e392bda,lua_80973287b91f134f,lua_docs,lua_hot_update_documentation,readme,xlua,signature.md,https://github.com/Tencent/xLua/blob/master/Assets/XLua/Doc/signature.md,,1,E:/系统/桌面/工作区/本学期/大三下/IT项目管理/大作业/Data/KnowledgeBase/processed_clean/dify_import/lua_docs_chunk_27975ef26e392bda.md,513,2026-05-27T13:07:32.280214+00:00
chunk_c1c2029a8a66cda2,lua_b08858b75aaf72a5,lua_docs,lua_hot_update_documentation,readme,tolua,Library,https://github.com/topameng/tolua/blob/master/README.md,,1,E:/系统/桌面/工作区/本学期/大三下/IT项目管理/大作业/Data/KnowledgeBase/processed_clean/dify_import/lua_docs_chunk_c1c2029a8a66cda2.md,1775,2026-05-27T13:07:32.284608+00:00
chunk_a7df28cf9e3b080f,lua_b08858b75aaf72a5,lua_docs,lua_hot_update_documentation,readme,tolua,Library,https://github.com/topameng/tolua/blob/master/README.md,,2,E:/系统/桌面/工作区/本学期/大三下/IT项目管理/大作业/Data/KnowledgeBase/processed_clean/dify_import/lua_docs_chunk_a7df28cf9e3b080f.md,1798,2026-05-27T13:07:32.285928+00:00
chunk_b8de5c99d0cf2b89,lua_b08858b75aaf72a5,lua_docs,lua_hot_update_documentation,readme,tolua,Library,https://github.com/topameng/tolua/blob/master/README.md,,3,E:/系统/桌面/工作区/本学期/大三下/IT项目管理/大作业/Data/KnowledgeBase/processed_clean/dify_import/lua_docs_chunk_b8de5c99d0cf2b89.md,1799,2026-05-27T13:07:32.287123+00:00
chunk_ba51b54ffc846abf,lua_b08858b75aaf72a5,lua_docs,lua_hot_update_documentation,readme,tolua,Library,https://github.com/topameng/tolua/blob/master/README.md,,4,E:/系统/桌面/工作区/本学期/大三下/IT项目管理/大作业/Data/KnowledgeBase/processed_clean/dify_import/lua_docs_chunk_ba51b54ffc846abf.md,1721,2026-05-27T13:07:32.288474+00:00
chunk_37b247e098616070,lua_7c97b43d84326e30,lua_docs,lua_hot_update_documentation,readme,tolua,README.md,https://github.com/topameng/tolua/blob/master/Assets/ToLua/Examples/README.md,,1,E:/系统/桌面/工作区/本学期/大三下/IT项目管理/大作业/Data/KnowledgeBase/processed_clean/dify_import/lua_docs_chunk_37b247e098616070.md,1715,2026-05-27T13:07:32.292669+00:00
chunk_ebda7e9900784778,lua_7c97b43d84326e30,lua_docs,lua_hot_update_documentation,readme,tolua,README.md,https://github.com/topameng/tolua/blob/master/Assets/ToLua/Examples/README.md,,2,E:/系统/桌面/工作区/本学期/大三下/IT项目管理/大作业/Data/KnowledgeBase/processed_clean/dify_import/lua_docs_chunk_ebda7e9900784778.md,1797,2026-05-27T13:07:32.293858+00:00
chunk_a4ef05a03f5a26df,lua_7c97b43d84326e30,lua_docs,lua_hot_update_documentation,readme,tolua,README.md,https://github.com/topameng/tolua/blob/master/Assets/ToLua/Examples/README.md,,3,E:/系统/桌面/工作区/本学期/大三下/IT项目管理/大作业/Data/KnowledgeBase/processed_clean/dify_import/lua_docs_chunk_a4ef05a03f5a26df.md,1782,2026-05-27T13:07:32.294923+00:00
chunk_0d8ca21ca3093168,lua_7c97b43d84326e30,lua_docs,lua_hot_update_documentation,readme,tolua,README.md,https://github.com/topameng/tolua/blob/master/Assets/ToLua/Examples/README.md,,4,E:/系统/桌面/工作区/本学期/大三下/IT项目管理/大作业/Data/KnowledgeBase/processed_clean/dify_import/lua_docs_chunk_0d8ca21ca3093168.md,1798,2026-05-27T13:07:32.296140+00:00
chunk_d77767f8a792d16b,lua_7c97b43d84326e30,lua_docs,lua_hot_update_documentation,readme,tolua,README.md,https://github.com/topameng/tolua/blob/master/Assets/ToLua/Examples/README.md,,5,E:/系统/桌面/工作区/本学期/大三下/IT项目管理/大作业/Data/KnowledgeBase/processed_clean/dify_import/lua_docs_chunk_d77767f8a792d16b.md,1687,2026-05-27T13:07:32.297843+00:00
chunk_e3c07ed857be2d2c,lua_524226bf02fa7ee1,lua_docs,lua_hot_update_documentation,wiki,tolua,Create new page,https://github.com/topameng/tolua/wiki/Assets/ToLua/Examples/README.md,,1,E:/系统/桌面/工作区/本学期/大三下/IT项目管理/大作业/Data/KnowledgeBase/processed_clean/dify_import/lua_docs_chunk_e3c07ed857be2d2c.md,1400,2026-05-27T13:07:32.301707+00:00
chunk_6e2ff8d1cb7e3297,lua_20eafd0de6c9bed0,lua_docs,lua_hot_update_documentation,guide,xlua,faq.md,https://github.com/Tencent/xLua/tree/master/docs/source/src/v1/guide/faq.md,,1,E:/系统/桌面/工作区/本学期/大三下/IT项目管理/大作业/Data/KnowledgeBase/processed_clean/dify_import/lua_docs_chunk_6e2ff8d1cb7e3297.md,1763,2026-05-27T13:07:32.305215+00:00
chunk_7378edd3451aa308,lua_20eafd0de6c9bed0,lua_docs,lua_hot_update_documentation,guide,xlua,faq.md,https://github.com/Tencent/xLua/tree/master/docs/source/src/v1/guide/faq.md,,2,E:/系统/桌面/工作区/本学期/大三下/IT项目管理/大作业/Data/KnowledgeBase/processed_clean/dify_import/lua_docs_chunk_7378edd3451aa308.md,1796,2026-05-27T13:07:32.306341+00:00
chunk_64009be62f40574e,lua_20eafd0de6c9bed0,lua_docs,lua_hot_update_documentation,guide,xlua,faq.md,https://github.com/Tencent/xLua/tree/master/docs/source/src/v1/guide/faq.md,,3,E:/系统/桌面/工作区/本学期/大三下/IT项目管理/大作业/Data/KnowledgeBase/processed_clean/dify_import/lua_docs_chunk_64009be62f40574e.md,1800,2026-05-27T13:07:32.307770+00:00
chunk_02880cd757d11308,lua_20eafd0de6c9bed0,lua_docs,lua_hot_update_documentation,guide,xlua,faq.md,https://github.com/Tencent/xLua/tree/master/docs/source/src/v1/guide/faq.md,,4,E:/系统/桌面/工作区/本学期/大三下/IT项目管理/大作业/Data/KnowledgeBase/processed_clean/dify_import/lua_docs_chunk_02880cd757d11308.md,722,2026-05-27T13:07:32.309204+00:00
chunk_5b873ca85de7f2de,lua_df1fb0e574895bd0,lua_docs,lua_hot_update_documentation,guide,xlua,configure.md,https://github.com/Tencent/xLua/tree/master/docs/source/src/v1/guide/configure.md,,1,E:/系统/桌面/工作区/本学期/大三下/IT项目管理/大作业/Data/KnowledgeBase/processed_clean/dify_import/lua_docs_chunk_5b873ca85de7f2de.md,1791,2026-05-27T13:07:32.312517+00:00
chunk_270bce923a8ca7f6,lua_df1fb0e574895bd0,lua_docs,lua_hot_update_documentation,guide,xlua,configure.md,https://github.com/Tencent/xLua/tree/master/docs/source/src/v1/guide/configure.md,,2,E:/系统/桌面/工作区/本学期/大三下/IT项目管理/大作业/Data/KnowledgeBase/processed_clean/dify_import/lua_docs_chunk_270bce923a8ca7f6.md,1574,2026-05-27T13:07:32.314058+00:00
chunk_ea6973e1f2998d1a,lua_ad06c7437aaf9025,lua_docs,lua_hot_update_documentation,guide,xlua,api.md,https://github.com/Tencent/xLua/tree/master/docs/source/src/v1/guide/api.md,,1,E:/系统/桌面/工作区/本学期/大三下/IT项目管理/大作业/Data/KnowledgeBase/processed_clean/dify_import/lua_docs_chunk_ea6973e1f2998d1a.md,1796,2026-05-27T13:07:32.318617+00:00
chunk_17346460690cda70,lua_ad06c7437aaf9025,lua_docs,lua_hot_update_documentation,guide,xlua,api.md,https://github.com/Tencent/xLua/tree/master/docs/source/src/v1/guide/api.md,,2,E:/系统/桌面/工作区/本学期/大三下/IT项目管理/大作业/Data/KnowledgeBase/processed_clean/dify_import/lua_docs_chunk_17346460690cda70.md,1787,2026-05-27T13:07:32.321110+00:00
chunk_d81b7e99ac48f76a,lua_ad06c7437aaf9025,lua_docs,lua_hot_update_documentation,guide,xlua,api.md,https://github.com/Tencent/xLua/tree/master/docs/source/src/v1/guide/api.md,,3,E:/系统/桌面/工作区/本学期/大三下/IT项目管理/大作业/Data/KnowledgeBase/processed_clean/dify_import/lua_docs_chunk_d81b7e99ac48f76a.md,1475,2026-05-27T13:07:32.323646+00:00
chunk_3dd78b6f855fb1df,lua_7de4a298c5e02f41,lua_docs,lua_hot_update_documentation,guide,xlua,hotfix.md,https://github.com/Tencent/xLua/tree/master/docs/source/src/v1/guide/hotfix.md,,1,E:/系统/桌面/工作区/本学期/大三下/IT项目管理/大作业/Data/KnowledgeBase/processed_clean/dify_import/lua_docs_chunk_3dd78b6f855fb1df.md,1783,2026-05-27T13:07:32.328028+00:00
chunk_3129a77db210d760,lua_7de4a298c5e02f41,lua_docs,lua_hot_update_documentation,guide,xlua,hotfix.md,https://github.com/Tencent/xLua/tree/master/docs/source/src/v1/guide/hotfix.md,,2,E:/系统/桌面/工作区/本学期/大三下/IT项目管理/大作业/Data/KnowledgeBase/processed_clean/dify_import/lua_docs_chunk_3129a77db210d760.md,1799,2026-05-27T13:07:32.329395+00:00
chunk_e0a0eefb0ed9cfdc,lua_7de4a298c5e02f41,lua_docs,lua_hot_update_documentation,guide,xlua,hotfix.md,https://github.com/Tencent/xLua/tree/master/docs/source/src/v1/guide/hotfix.md,,3,E:/系统/桌面/工作区/本学期/大三下/IT项目管理/大作业/Data/KnowledgeBase/processed_clean/dify_import/lua_docs_chunk_e0a0eefb0ed9cfdc.md,1798,2026-05-27T13:07:32.330701+00:00
chunk_6d45d4c683b08687,lua_7de4a298c5e02f41,lua_docs,lua_hot_update_documentation,guide,xlua,hotfix.md,https://github.com/Tencent/xLua/tree/master/docs/source/src/v1/guide/hotfix.md,,4,E:/系统/桌面/工作区/本学期/大三下/IT项目管理/大作业/Data/KnowledgeBase/processed_clean/dify_import/lua_docs_chunk_6d45d4c683b08687.md,1786,2026-05-27T13:07:32.334201+00:00
chunk_41d18a06395dc8e1,lua_7de4a298c5e02f41,lua_docs,lua_hot_update_documentation,guide,xlua,hotfix.md,https://github.com/Tencent/xLua/tree/master/docs/source/src/v1/guide/hotfix.md,,5,E:/系统/桌面/工作区/本学期/大三下/IT项目管理/大作业/Data/KnowledgeBase/processed_clean/dify_import/lua_docs_chunk_41d18a06395dc8e1.md,1485,2026-05-27T13:07:32.336374+00:00
chunk_e74cb9b3858ad04f,lua_6fe185a9f8abe3c6,lua_docs,lua_hot_update_documentation,guide,xlua,features.md,https://github.com/Tencent/xLua/tree/master/docs/source/src/v1/guide/features.md,,1,E:/系统/桌面/工作区/本学期/大三下/IT项目管理/大作业/Data/KnowledgeBase/processed_clean/dify_import/lua_docs_chunk_e74cb9b3858ad04f.md,1794,2026-05-27T13:07:32.341950+00:00
chunk_fe60f5acf93edc2e,lua_6fe185a9f8abe3c6,lua_docs,lua_hot_update_documentation,guide,xlua,features.md,https://github.com/Tencent/xLua/tree/master/docs/source/src/v1/guide/features.md,,2,E:/系统/桌面/工作区/本学期/大三下/IT项目管理/大作业/Data/KnowledgeBase/processed_clean/dify_import/lua_docs_chunk_fe60f5acf93edc2e.md,611,2026-05-27T13:07:32.343723+00:00
chunk_39aa42abb524d7ca,lua_fb8fee61ced5a78d,lua_docs,lua_hot_update_documentation,guide,xlua,Doc,https://github.com/Tencent/xLua/tree/master/Assets/XLua/Doc,,1,E:/系统/桌面/工作区/本学期/大三下/IT项目管理/大作业/Data/KnowledgeBase/processed_clean/dify_import/lua_docs_chunk_39aa42abb524d7ca.md,1795,2026-05-27T13:07:32.347695+00:00
chunk_4cb9e337bf0a3fbb,lua_fb8fee61ced5a78d,lua_docs,lua_hot_update_documentation,guide,xlua,Doc,https://github.com/Tencent/xLua/tree/master/Assets/XLua/Doc,,2,E:/系统/桌面/工作区/本学期/大三下/IT项目管理/大作业/Data/KnowledgeBase/processed_clean/dify_import/lua_docs_chunk_4cb9e337bf0a3fbb.md,865,2026-05-27T13:07:32.349148+00:00
chunk_c764447334923b25,lua_b8e370488dd13295,lua_docs,lua_hot_update_documentation,guide,xlua,XLua 教程文档,https://github.com/Tencent/xLua/tree/master/docs/source,,1,E:/系统/桌面/工作区/本学期/大三下/IT项目管理/大作业/Data/KnowledgeBase/processed_clean/dify_import/lua_docs_chunk_c764447334923b25.md,437,2026-05-27T13:07:32.351576+00:00
chunk_5e5fbab90258c8f6,lua_c0f3e5c5f3124832,lua_docs,lua_hot_update_documentation,guide,xlua,src,https://github.com/Tencent/xLua/tree/master/docs/source/src,,1,E:/系统/桌面/工作区/本学期/大三下/IT项目管理/大作业/Data/KnowledgeBase/processed_clean/dify_import/lua_docs_chunk_5e5fbab90258c8f6.md,617,2026-05-27T13:07:32.354303+00:00
chunk_66fb88267b17b473,lua_a5f655cf23a7cb06,lua_docs,lua_hot_update_documentation,guide,xlua,v1,https://github.com/Tencent/xLua/tree/master/docs/source/src/v1,,1,E:/系统/桌面/工作区/本学期/大三下/IT项目管理/大作业/Data/KnowledgeBase/processed_clean/dify_import/lua_docs_chunk_66fb88267b17b473.md,588,2026-05-27T13:07:32.357017+00:00
chunk_3f9e42fcc866a07b,lua_ef8ecec710815bf8,lua_docs,lua_hot_update_documentation,guide,xlua,guide,https://github.com/Tencent/xLua/tree/master/docs/source/src/v1/guide,,1,E:/系统/桌面/工作区/本学期/大三下/IT项目管理/大作业/Data/KnowledgeBase/processed_clean/dify_import/lua_docs_chunk_3f9e42fcc866a07b.md,931,2026-05-27T13:07:32.359561+00:00
chunk_2d52a9a91f2b982d,lua_d898a3bd2d8fd8ed,lua_docs,lua_hot_update_documentation,guide,xlua,XLua教程.doc,https://github.com/Tencent/xLua/tree/master/Assets/XLua/Doc/XLua%E6%95%99%E7%A8%8B.doc,,1,E:/系统/桌面/工作区/本学期/大三下/IT项目管理/大作业/Data/KnowledgeBase/processed_clean/dify_import/lua_docs_chunk_2d52a9a91f2b982d.md,578,2026-05-27T13:07:32.362680+00:00
chunk_56be1e4aea0d3c6e,lua_10cb9480a0558b4e,lua_docs,lua_hot_update_documentation,guide,xlua,XLua增加删除第三方lua库.doc,https://github.com/Tencent/xLua/tree/master/Assets/XLua/Doc/XLua%E5%A2%9E%E5%8A%A0%E5%88%A0%E9%99%A4%E7%AC%AC%E4%B8%89%E6%96%B9lua%E5%BA%93.doc,,1,E:/系统/桌面/工作区/本学期/大三下/IT项目管理/大作业/Data/KnowledgeBase/processed_clean/dify_import/lua_docs_chunk_56be1e4aea0d3c6e.md,664,2026-05-27T13:07:32.364800+00:00
chunk_93e3a846946dc885,lua_624e8c38a185c963,lua_docs,lua_hot_update_documentation,readme,xlua,Lib,https://github.com/Tencent/xLua/tree/master/General/Lib,,1,E:/系统/桌面/工作区/本学期/大三下/IT项目管理/大作业/Data/KnowledgeBase/processed_clean/dify_import/lua_docs_chunk_93e3a846946dc885.md,683,2026-05-27T13:07:32.369464+00:00
chunk_2697088d5436858c,lua_834f4e3992bdfd92,lua_docs,lua_hot_update_documentation,readme,xlua,LuaMemoryLeakChecker,https://github.com/Tencent/xLua/tree/master/General/LuaMemoryLeakChecker,,1,E:/系统/桌面/工作区/本学期/大三下/IT项目管理/大作业/Data/KnowledgeBase/processed_clean/dify_import/lua_docs_chunk_2697088d5436858c.md,747,2026-05-27T13:07:32.371605+00:00
chunk_cd67f1cf3ddbc911,lua_9d850aa3a1da26b2,lua_docs,lua_hot_update_documentation,readme,xlua,Src,https://github.com/Tencent/xLua/tree/master/General/Src,,1,E:/系统/桌面/工作区/本学期/大三下/IT项目管理/大作业/Data/KnowledgeBase/processed_clean/dify_import/lua_docs_chunk_cd67f1cf3ddbc911.md,871,2026-05-27T13:07:32.373789+00:00
chunk_2fab023b6f604ac9,lua_7a04455222f976b2,lua_docs,lua_hot_update_documentation,readme,xlua,vs2013,https://github.com/Tencent/xLua/tree/master/General/vs2013,,1,E:/系统/桌面/工作区/本学期/大三下/IT项目管理/大作业/Data/KnowledgeBase/processed_clean/dify_import/lua_docs_chunk_2fab023b6f604ac9.md,1031,2026-05-27T13:07:32.376322+00:00
chunk_70f25bae8e9cb605,lua_262f5c46e1a0ca09,lua_docs,lua_hot_update_documentation,readme,xlua,XLua的配置.doc,https://github.com/Tencent/xLua/blob/master/Assets/XLua/Doc/XLua%E7%9A%84%E9%85%8D%E7%BD%AE.doc,,1,E:/系统/桌面/工作区/本学期/大三下/IT项目管理/大作业/Data/KnowledgeBase/processed_clean/dify_import/lua_docs_chunk_70f25bae8e9cb605.md,595,2026-05-27T13:07:32.381723+00:00
chunk_e34a16ff9e286944,lua_b94976db75a23255,lua_docs,lua_hot_update_documentation,readme,xlua,public,https://github.com/Tencent/xLua/tree/master/docs/public,,1,E:/系统/桌面/工作区/本学期/大三下/IT项目管理/大作业/Data/KnowledgeBase/processed_clean/dify_import/lua_docs_chunk_e34a16ff9e286944.md,1717,2026-05-27T13:07:32.386160+00:00
chunk_fe83287c1d1a51a9,lua_b94976db75a23255,lua_docs,lua_hot_update_documentation,readme,xlua,public,https://github.com/Tencent/xLua/tree/master/docs/public,,2,E:/系统/桌面/工作区/本学期/大三下/IT项目管理/大作业/Data/KnowledgeBase/processed_clean/dify_import/lua_docs_chunk_fe83287c1d1a51a9.md,1718,2026-05-27T13:07:32.387408+00:00
chunk_e9a23fc670df8e94,lua_b94976db75a23255,lua_docs,lua_hot_update_documentation,readme,xlua,public,https://github.com/Tencent/xLua/tree/master/docs/public,,3,E:/系统/桌面/工作区/本学期/大三下/IT项目管理/大作业/Data/KnowledgeBase/processed_clean/dify_import/lua_docs_chunk_e9a23fc670df8e94.md,1769,2026-05-27T13:07:32.388839+00:00
chunk_a4fc0d7a18458c7c,lua_b94976db75a23255,lua_docs,lua_hot_update_documentation,readme,xlua,public,https://github.com/Tencent/xLua/tree/master/docs/public,,4,E:/系统/桌面/工作区/本学期/大三下/IT项目管理/大作业/Data/KnowledgeBase/processed_clean/dify_import/lua_docs_chunk_a4fc0d7a18458c7c.md,1212,2026-05-27T13:07:32.390211+00:00
chunk_e0ed865ddd6427aa,lua_3532dd60066fd6d5,lua_docs,lua_hot_update_documentation,readme,xlua,.gitignore,https://github.com/Tencent/xLua/blob/master/docs/.gitignore,,1,E:/系统/桌面/工作区/本学期/大三下/IT项目管理/大作业/Data/KnowledgeBase/processed_clean/dify_import/lua_docs_chunk_e0ed865ddd6427aa.md,708,2026-05-27T13:07:32.393802+00:00
chunk_1377ce2cad3736cc,lua_199a9202fad4fc4d,lua_docs,lua_hot_update_documentation,readme,xlua,index.html,https://github.com/Tencent/xLua/blob/master/docs/index.html,,1,E:/系统/桌面/工作区/本学期/大三下/IT项目管理/大作业/Data/KnowledgeBase/processed_clean/dify_import/lua_docs_chunk_1377ce2cad3736cc.md,1147,2026-05-27T13:07:32.397154+00:00
chunk_2447e9eeca61881d,lua_4c2f6c24f21ded50,lua_docs,lua_hot_update_documentation,readme,xlua,FAQs,https://github.com/Tencent/xLua/blob/master/Assets/XLua/Doc/Faq_EN.md,,1,E:/系统/桌面/工作区/本学期/大三下/IT项目管理/大作业/Data/KnowledgeBase/processed_clean/dify_import/lua_docs_chunk_2447e9eeca61881d.md,1640,2026-05-27T13:07:32.403481+00:00
chunk_df8255c24e1a9b5a,lua_4c2f6c24f21ded50,lua_docs,lua_hot_update_documentation,readme,xlua,FAQs,https://github.com/Tencent/xLua/blob/master/Assets/XLua/Doc/Faq_EN.md,,2,E:/系统/桌面/工作区/本学期/大三下/IT项目管理/大作业/Data/KnowledgeBase/processed_clean/dify_import/lua_docs_chunk_df8255c24e1a9b5a.md,1787,2026-05-27T13:07:32.404712+00:00
chunk_af5116dbd81393dd,lua_4c2f6c24f21ded50,lua_docs,lua_hot_update_documentation,readme,xlua,FAQs,https://github.com/Tencent/xLua/blob/master/Assets/XLua/Doc/Faq_EN.md,,3,E:/系统/桌面/工作区/本学期/大三下/IT项目管理/大作业/Data/KnowledgeBase/processed_clean/dify_import/lua_docs_chunk_af5116dbd81393dd.md,1643,2026-05-27T13:07:32.406964+00:00
chunk_4895a01eaacdb776,lua_4c2f6c24f21ded50,lua_docs,lua_hot_update_documentation,readme,xlua,FAQs,https://github.com/Tencent/xLua/blob/master/Assets/XLua/Doc/Faq_EN.md,,4,E:/系统/桌面/工作区/本学期/大三下/IT项目管理/大作业/Data/KnowledgeBase/processed_clean/dify_import/lua_docs_chunk_4895a01eaacdb776.md,1798,2026-05-27T13:07:32.409151+00:00
chunk_0521ea273b25c993,lua_4c2f6c24f21ded50,lua_docs,lua_hot_update_documentation,readme,xlua,FAQs,https://github.com/Tencent/xLua/blob/master/Assets/XLua/Doc/Faq_EN.md,,5,E:/系统/桌面/工作区/本学期/大三下/IT项目管理/大作业/Data/KnowledgeBase/processed_clean/dify_import/lua_docs_chunk_0521ea273b25c993.md,1684,2026-05-27T13:07:32.410353+00:00
chunk_f80084009703fce9,lua_4c2f6c24f21ded50,lua_docs,lua_hot_update_documentation,readme,xlua,FAQs,https://github.com/Tencent/xLua/blob/master/Assets/XLua/Doc/Faq_EN.md,,6,E:/系统/桌面/工作区/本学期/大三下/IT项目管理/大作业/Data/KnowledgeBase/processed_clean/dify_import/lua_docs_chunk_f80084009703fce9.md,1750,2026-05-27T13:07:32.411409+00:00
chunk_3600c5389bdc7e4f,lua_4c2f6c24f21ded50,lua_docs,lua_hot_update_documentation,readme,xlua,FAQs,https://github.com/Tencent/xLua/blob/master/Assets/XLua/Doc/Faq_EN.md,,7,E:/系统/桌面/工作区/本学期/大三下/IT项目管理/大作业/Data/KnowledgeBase/processed_clean/dify_import/lua_docs_chunk_3600c5389bdc7e4f.md,1770,2026-05-27T13:07:32.412646+00:00
chunk_9ba031090bccb70e,lua_4c2f6c24f21ded50,lua_docs,lua_hot_update_documentation,readme,xlua,FAQs,https://github.com/Tencent/xLua/blob/master/Assets/XLua/Doc/Faq_EN.md,,8,E:/系统/桌面/工作区/本学期/大三下/IT项目管理/大作业/Data/KnowledgeBase/processed_clean/dify_import/lua_docs_chunk_9ba031090bccb70e.md,1717,2026-05-27T13:07:32.414280+00:00
chunk_65c705fb821554b4,lua_4c2f6c24f21ded50,lua_docs,lua_hot_update_documentation,readme,xlua,FAQs,https://github.com/Tencent/xLua/blob/master/Assets/XLua/Doc/Faq_EN.md,,9,E:/系统/桌面/工作区/本学期/大三下/IT项目管理/大作业/Data/KnowledgeBase/processed_clean/dify_import/lua_docs_chunk_65c705fb821554b4.md,1760,2026-05-27T13:07:32.416221+00:00
chunk_7b6e25197d237282,lua_4c2f6c24f21ded50,lua_docs,lua_hot_update_documentation,readme,xlua,FAQs,https://github.com/Tencent/xLua/blob/master/Assets/XLua/Doc/Faq_EN.md,,10,E:/系统/桌面/工作区/本学期/大三下/IT项目管理/大作业/Data/KnowledgeBase/processed_clean/dify_import/lua_docs_chunk_7b6e25197d237282.md,1799,2026-05-27T13:07:32.420699+00:00
chunk_2bd59e9a2c821ab2,lua_4c2f6c24f21ded50,lua_docs,lua_hot_update_documentation,readme,xlua,FAQs,https://github.com/Tencent/xLua/blob/master/Assets/XLua/Doc/Faq_EN.md,,11,E:/系统/桌面/工作区/本学期/大三下/IT项目管理/大作业/Data/KnowledgeBase/processed_clean/dify_import/lua_docs_chunk_2bd59e9a2c821ab2.md,1793,2026-05-27T13:07:32.438407+00:00
chunk_d3cf71e6b16aa1b2,lua_4c2f6c24f21ded50,lua_docs,lua_hot_update_documentation,readme,xlua,FAQs,https://github.com/Tencent/xLua/blob/master/Assets/XLua/Doc/Faq_EN.md,,12,E:/系统/桌面/工作区/本学期/大三下/IT项目管理/大作业/Data/KnowledgeBase/processed_clean/dify_import/lua_docs_chunk_d3cf71e6b16aa1b2.md,1199,2026-05-27T13:07:32.439959+00:00
chunk_b6a980db6268004f,lua_c685d592871daddd,lua_docs,lua_hot_update_documentation,readme,xlua,XLua_Tutorial_EN.md,https://github.com/Tencent/xLua/blob/master/Assets/XLua/Doc/XLua_Tutorial_EN.md,,1,E:/系统/桌面/工作区/本学期/大三下/IT项目管理/大作业/Data/KnowledgeBase/processed_clean/dify_import/lua_docs_chunk_b6a980db6268004f.md,1739,2026-05-27T13:07:32.445181+00:00
chunk_257b353b229b6e79,lua_c685d592871daddd,lua_docs,lua_hot_update_documentation,readme,xlua,XLua_Tutorial_EN.md,https://github.com/Tencent/xLua/blob/master/Assets/XLua/Doc/XLua_Tutorial_EN.md,,2,E:/系统/桌面/工作区/本学期/大三下/IT项目管理/大作业/Data/KnowledgeBase/processed_clean/dify_import/lua_docs_chunk_257b353b229b6e79.md,1750,2026-05-27T13:07:32.446975+00:00
chunk_82fc5a5c3082b2da,lua_c685d592871daddd,lua_docs,lua_hot_update_documentation,readme,xlua,XLua_Tutorial_EN.md,https://github.com/Tencent/xLua/blob/master/Assets/XLua/Doc/XLua_Tutorial_EN.md,,3,E:/系统/桌面/工作区/本学期/大三下/IT项目管理/大作业/Data/KnowledgeBase/processed_clean/dify_import/lua_docs_chunk_82fc5a5c3082b2da.md,1740,2026-05-27T13:07:32.449051+00:00
chunk_0f77892eb974291c,lua_c685d592871daddd,lua_docs,lua_hot_update_documentation,readme,xlua,XLua_Tutorial_EN.md,https://github.com/Tencent/xLua/blob/master/Assets/XLua/Doc/XLua_Tutorial_EN.md,,4,E:/系统/桌面/工作区/本学期/大三下/IT项目管理/大作业/Data/KnowledgeBase/processed_clean/dify_import/lua_docs_chunk_0f77892eb974291c.md,1796,2026-05-27T13:07:32.452633+00:00
chunk_5fe2181d919a30cb,lua_c685d592871daddd,lua_docs,lua_hot_update_documentation,readme,xlua,XLua_Tutorial_EN.md,https://github.com/Tencent/xLua/blob/master/Assets/XLua/Doc/XLua_Tutorial_EN.md,,5,E:/系统/桌面/工作区/本学期/大三下/IT项目管理/大作业/Data/KnowledgeBase/processed_clean/dify_import/lua_docs_chunk_5fe2181d919a30cb.md,1800,2026-05-27T13:07:32.454268+00:00
chunk_77cd7744f3723304,lua_c685d592871daddd,lua_docs,lua_hot_update_documentation,readme,xlua,XLua_Tutorial_EN.md,https://github.com/Tencent/xLua/blob/master/Assets/XLua/Doc/XLua_Tutorial_EN.md,,6,E:/系统/桌面/工作区/本学期/大三下/IT项目管理/大作业/Data/KnowledgeBase/processed_clean/dify_import/lua_docs_chunk_77cd7744f3723304.md,1733,2026-05-27T13:07:32.455752+00:00
chunk_6a7cfe204b876006,lua_c685d592871daddd,lua_docs,lua_hot_update_documentation,readme,xlua,XLua_Tutorial_EN.md,https://github.com/Tencent/xLua/blob/master/Assets/XLua/Doc/XLua_Tutorial_EN.md,,7,E:/系统/桌面/工作区/本学期/大三下/IT项目管理/大作业/Data/KnowledgeBase/processed_clean/dify_import/lua_docs_chunk_6a7cfe204b876006.md,1543,2026-05-27T13:07:32.458188+00:00
chunk_7346583d54c95a34,lua_c685d592871daddd,lua_docs,lua_hot_update_documentation,readme,xlua,XLua_Tutorial_EN.md,https://github.com/Tencent/xLua/blob/master/Assets/XLua/Doc/XLua_Tutorial_EN.md,,8,E:/系统/桌面/工作区/本学期/大三下/IT项目管理/大作业/Data/KnowledgeBase/processed_clean/dify_import/lua_docs_chunk_7346583d54c95a34.md,1127,2026-05-27T13:07:32.459484+00:00
chunk_b0fbdcb7981004d7,lua_c685d592871daddd,lua_docs,lua_hot_update_documentation,readme,xlua,XLua_Tutorial_EN.md,https://github.com/Tencent/xLua/blob/master/Assets/XLua/Doc/XLua_Tutorial_EN.md,,9,E:/系统/桌面/工作区/本学期/大三下/IT项目管理/大作业/Data/KnowledgeBase/processed_clean/dify_import/lua_docs_chunk_b0fbdcb7981004d7.md,859,2026-05-27T13:07:32.461101+00:00
chunk_33c53c20acb20d71,lua_a78bf968a679a686,lua_docs,lua_hot_update_documentation,readme,xlua,XLua configuration,https://github.com/Tencent/xLua/blob/master/Assets/XLua/Doc/Configure_EN.md,,1,E:/系统/桌面/工作区/本学期/大三下/IT项目管理/大作业/Data/KnowledgeBase/processed_clean/dify_import/lua_docs_chunk_33c53c20acb20d71.md,1794,2026-05-27T13:07:32.466026+00:00
chunk_5c4317efee2b8152,lua_a78bf968a679a686,lua_docs,lua_hot_update_documentation,readme,xlua,XLua configuration,https://github.com/Tencent/xLua/blob/master/Assets/XLua/Doc/Configure_EN.md,,2,E:/系统/桌面/工作区/本学期/大三下/IT项目管理/大作业/Data/KnowledgeBase/processed_clean/dify_import/lua_docs_chunk_5c4317efee2b8152.md,1787,2026-05-27T13:07:32.467239+00:00
chunk_db2ddfb91a0cab73,lua_a78bf968a679a686,lua_docs,lua_hot_update_documentation,readme,xlua,XLua configuration,https://github.com/Tencent/xLua/blob/master/Assets/XLua/Doc/Configure_EN.md,,3,E:/系统/桌面/工作区/本学期/大三下/IT项目管理/大作业/Data/KnowledgeBase/processed_clean/dify_import/lua_docs_chunk_db2ddfb91a0cab73.md,1389,2026-05-27T13:07:32.468859+00:00
chunk_0ee85cd9c173fede,lua_a78bf968a679a686,lua_docs,lua_hot_update_documentation,readme,xlua,XLua configuration,https://github.com/Tencent/xLua/blob/master/Assets/XLua/Doc/Configure_EN.md,,4,E:/系统/桌面/工作区/本学期/大三下/IT项目管理/大作业/Data/KnowledgeBase/processed_clean/dify_import/lua_docs_chunk_0ee85cd9c173fede.md,1599,2026-05-27T13:07:32.470052+00:00
chunk_dfea1d3c119ed740,lua_a78bf968a679a686,lua_docs,lua_hot_update_documentation,readme,xlua,XLua configuration,https://github.com/Tencent/xLua/blob/master/Assets/XLua/Doc/Configure_EN.md,,5,E:/系统/桌面/工作区/本学期/大三下/IT项目管理/大作业/Data/KnowledgeBase/processed_clean/dify_import/lua_docs_chunk_dfea1d3c119ed740.md,1663,2026-05-27T13:07:32.473082+00:00
chunk_de7b87f9a4f2e654,lua_5ec3fd288f40c25e,lua_docs,lua_hot_update_documentation,readme,xlua,Hotfix_EN.md,https://github.com/Tencent/xLua/blob/master/Assets/XLua/Doc/Hotfix_EN.md,,1,E:/系统/桌面/工作区/本学期/大三下/IT项目管理/大作业/Data/KnowledgeBase/processed_clean/dify_import/lua_docs_chunk_de7b87f9a4f2e654.md,1792,2026-05-27T13:07:32.479600+00:00
chunk_55a9f391eedc700d,lua_5ec3fd288f40c25e,lua_docs,lua_hot_update_documentation,readme,xlua,Hotfix_EN.md,https://github.com/Tencent/xLua/blob/master/Assets/XLua/Doc/Hotfix_EN.md,,2,E:/系统/桌面/工作区/本学期/大三下/IT项目管理/大作业/Data/KnowledgeBase/processed_clean/dify_import/lua_docs_chunk_55a9f391eedc700d.md,1794,2026-05-27T13:07:32.481851+00:00
chunk_71b250c18838c030,lua_5ec3fd288f40c25e,lua_docs,lua_hot_update_documentation,readme,xlua,Hotfix_EN.md,https://github.com/Tencent/xLua/blob/master/Assets/XLua/Doc/Hotfix_EN.md,,3,E:/系统/桌面/工作区/本学期/大三下/IT项目管理/大作业/Data/KnowledgeBase/processed_clean/dify_import/lua_docs_chunk_71b250c18838c030.md,1799,2026-05-27T13:07:32.483227+00:00
chunk_3075dda4bd3d9923,lua_5ec3fd288f40c25e,lua_docs,lua_hot_update_documentation,readme,xlua,Hotfix_EN.md,https://github.com/Tencent/xLua/blob/master/Assets/XLua/Doc/Hotfix_EN.md,,4,E:/系统/桌面/工作区/本学期/大三下/IT项目管理/大作业/Data/KnowledgeBase/processed_clean/dify_import/lua_docs_chunk_3075dda4bd3d9923.md,1666,2026-05-27T13:07:32.484978+00:00
chunk_69c062351e1d7878,lua_5ec3fd288f40c25e,lua_docs,lua_hot_update_documentation,readme,xlua,Hotfix_EN.md,https://github.com/Tencent/xLua/blob/master/Assets/XLua/Doc/Hotfix_EN.md,,5,E:/系统/桌面/工作区/本学期/大三下/IT项目管理/大作业/Data/KnowledgeBase/processed_clean/dify_import/lua_docs_chunk_69c062351e1d7878.md,1614,2026-05-27T13:07:32.486723+00:00
chunk_4de407123a75c9be,lua_5ec3fd288f40c25e,lua_docs,lua_hot_update_documentation,readme,xlua,Hotfix_EN.md,https://github.com/Tencent/xLua/blob/master/Assets/XLua/Doc/Hotfix_EN.md,,6,E:/系统/桌面/工作区/本学期/大三下/IT项目管理/大作业/Data/KnowledgeBase/processed_clean/dify_import/lua_docs_chunk_4de407123a75c9be.md,1798,2026-05-27T13:07:32.488209+00:00
chunk_3bc533b1fa156174,lua_5ec3fd288f40c25e,lua_docs,lua_hot_update_documentation,readme,xlua,Hotfix_EN.md,https://github.com/Tencent/xLua/blob/master/Assets/XLua/Doc/Hotfix_EN.md,,7,E:/系统/桌面/工作区/本学期/大三下/IT项目管理/大作业/Data/KnowledgeBase/processed_clean/dify_import/lua_docs_chunk_3bc533b1fa156174.md,1800,2026-05-27T13:07:32.489621+00:00
chunk_16b9b3c13108719e,lua_5ec3fd288f40c25e,lua_docs,lua_hot_update_documentation,readme,xlua,Hotfix_EN.md,https://github.com/Tencent/xLua/blob/master/Assets/XLua/Doc/Hotfix_EN.md,,8,E:/系统/桌面/工作区/本学期/大三下/IT项目管理/大作业/Data/KnowledgeBase/processed_clean/dify_import/lua_docs_chunk_16b9b3c13108719e.md,719,2026-05-27T13:07:32.491013+00:00
chunk_8b85c61eb0516a79,lua_f0900809b7f5c9a3,lua_docs,lua_hot_update_documentation,readme,xlua,Add_Remove_Lua_Lib.md,https://github.com/Tencent/xLua/blob/master/Assets/XLua/Doc/Add_Remove_Lua_Lib.md,,1,E:/系统/桌面/工作区/本学期/大三下/IT项目管理/大作业/Data/KnowledgeBase/processed_clean/dify_import/lua_docs_chunk_8b85c61eb0516a79.md,1641,2026-05-27T13:07:32.494680+00:00
chunk_80eeb9e7806b75bd,lua_f0900809b7f5c9a3,lua_docs,lua_hot_update_documentation,readme,xlua,Add_Remove_Lua_Lib.md,https://github.com/Tencent/xLua/blob/master/Assets/XLua/Doc/Add_Remove_Lua_Lib.md,,2,E:/系统/桌面/工作区/本学期/大三下/IT项目管理/大作业/Data/KnowledgeBase/processed_clean/dify_import/lua_docs_chunk_80eeb9e7806b75bd.md,1699,2026-05-27T13:07:32.496139+00:00
chunk_01810ffb7347f975,lua_f0900809b7f5c9a3,lua_docs,lua_hot_update_documentation,readme,xlua,Add_Remove_Lua_Lib.md,https://github.com/Tencent/xLua/blob/master/Assets/XLua/Doc/Add_Remove_Lua_Lib.md,,3,E:/系统/桌面/工作区/本学期/大三下/IT项目管理/大作业/Data/KnowledgeBase/processed_clean/dify_import/lua_docs_chunk_01810ffb7347f975.md,1752,2026-05-27T13:07:32.497278+00:00
chunk_d077613a672938f9,lua_f0900809b7f5c9a3,lua_docs,lua_hot_update_documentation,readme,xlua,Add_Remove_Lua_Lib.md,https://github.com/Tencent/xLua/blob/master/Assets/XLua/Doc/Add_Remove_Lua_Lib.md,,4,E:/系统/桌面/工作区/本学期/大三下/IT项目管理/大作业/Data/KnowledgeBase/processed_clean/dify_import/lua_docs_chunk_d077613a672938f9.md,1020,2026-05-27T13:07:32.499281+00:00
chunk_8a073855c0213560,lua_cf7ac935a05ae2ff,lua_docs,lua_hot_update_documentation,readme,xlua,XLua_API_EN.md,https://github.com/Tencent/xLua/blob/master/Assets/XLua/Doc/XLua_API_EN.md,,1,E:/系统/桌面/工作区/本学期/大三下/IT项目管理/大作业/Data/KnowledgeBase/processed_clean/dify_import/lua_docs_chunk_8a073855c0213560.md,1796,2026-05-27T13:07:32.503035+00:00
chunk_6e4d808807df5bc0,lua_cf7ac935a05ae2ff,lua_docs,lua_hot_update_documentation,readme,xlua,XLua_API_EN.md,https://github.com/Tencent/xLua/blob/master/Assets/XLua/Doc/XLua_API_EN.md,,2,E:/系统/桌面/工作区/本学期/大三下/IT项目管理/大作业/Data/KnowledgeBase/processed_clean/dify_import/lua_docs_chunk_6e4d808807df5bc0.md,1732,2026-05-27T13:07:32.504244+00:00
chunk_60ce6898cef7b6be,lua_cf7ac935a05ae2ff,lua_docs,lua_hot_update_documentation,readme,xlua,XLua_API_EN.md,https://github.com/Tencent/xLua/blob/master/Assets/XLua/Doc/XLua_API_EN.md,,3,E:/系统/桌面/工作区/本学期/大三下/IT项目管理/大作业/Data/KnowledgeBase/processed_clean/dify_import/lua_docs_chunk_60ce6898cef7b6be.md,1776,2026-05-27T13:07:32.505439+00:00
chunk_12fa3fc4cb986313,lua_cf7ac935a05ae2ff,lua_docs,lua_hot_update_documentation,readme,xlua,XLua_API_EN.md,https://github.com/Tencent/xLua/blob/master/Assets/XLua/Doc/XLua_API_EN.md,,4,E:/系统/桌面/工作区/本学期/大三下/IT项目管理/大作业/Data/KnowledgeBase/processed_clean/dify_import/lua_docs_chunk_12fa3fc4cb986313.md,1796,2026-05-27T13:07:32.506611+00:00
chunk_ed8ae170d18218ef,lua_cf7ac935a05ae2ff,lua_docs,lua_hot_update_documentation,readme,xlua,XLua_API_EN.md,https://github.com/Tencent/xLua/blob/master/Assets/XLua/Doc/XLua_API_EN.md,,5,E:/系统/桌面/工作区/本学期/大三下/IT项目管理/大作业/Data/KnowledgeBase/processed_clean/dify_import/lua_docs_chunk_ed8ae170d18218ef.md,1791,2026-05-27T13:07:32.507823+00:00
chunk_160e002e7efe75af,lua_09586c4978e698c7,lua_docs,lua_hot_update_documentation,readme,xlua,Custom_Generate_EN.md,https://github.com/Tencent/xLua/blob/master/Assets/XLua/Doc/Custom_Generate_EN.md,,1,E:/系统/桌面/工作区/本学期/大三下/IT项目管理/大作业/Data/KnowledgeBase/processed_clean/dify_import/lua_docs_chunk_160e002e7efe75af.md,1602,2026-05-27T13:07:32.511200+00:00
chunk_3d0f0d87cd941a4d,lua_09586c4978e698c7,lua_docs,lua_hot_update_documentation,readme,xlua,Custom_Generate_EN.md,https://github.com/Tencent/xLua/blob/master/Assets/XLua/Doc/Custom_Generate_EN.md,,2,E:/系统/桌面/工作区/本学期/大三下/IT项目管理/大作业/Data/KnowledgeBase/processed_clean/dify_import/lua_docs_chunk_3d0f0d87cd941a4d.md,1797,2026-05-27T13:07:32.514508+00:00
chunk_89db4e4a6f4f9228,lua_09586c4978e698c7,lua_docs,lua_hot_update_documentation,readme,xlua,Custom_Generate_EN.md,https://github.com/Tencent/xLua/blob/master/Assets/XLua/Doc/Custom_Generate_EN.md,,3,E:/系统/桌面/工作区/本学期/大三下/IT项目管理/大作业/Data/KnowledgeBase/processed_clean/dify_import/lua_docs_chunk_89db4e4a6f4f9228.md,1204,2026-05-27T13:07:32.524319+00:00
chunk_38410b42a6e3c781,lua_7696835eb7496c14,lua_docs,lua_hot_update_documentation,readme,xlua,通用字节码,https://github.com/Tencent/xLua/blob/master/Assets/XLua/Doc/compatible_bytecode.md,,1,E:/系统/桌面/工作区/本学期/大三下/IT项目管理/大作业/Data/KnowledgeBase/processed_clean/dify_import/lua_docs_chunk_38410b42a6e3c781.md,1211,2026-05-27T13:07:32.530071+00:00
chunk_b49de46289342f1a,lua_ea42a7d3efebfce5,lua_docs,lua_hot_update_documentation,guide,xlua,Materials,https://github.com/Tencent/xLua/tree/master/Assets/XLua/Doc/Materials,,1,E:/系统/桌面/工作区/本学期/大三下/IT项目管理/大作业/Data/KnowledgeBase/processed_clean/dify_import/lua_docs_chunk_b49de46289342f1a.md,652,2026-05-27T13:07:32.532518+00:00
chunk_8f54403b9c0505c8,lua_44fcc2dd0eb13441,lua_docs,lua_hot_update_documentation,guide,xlua,Add_Remove_Lua_Lib.md.meta,https://github.com/Tencent/xLua/blob/master/Assets/XLua/Doc/Add_Remove_Lua_Lib.md.meta,,1,E:/系统/桌面/工作区/本学期/大三下/IT项目管理/大作业/Data/KnowledgeBase/processed_clean/dify_import/lua_docs_chunk_8f54403b9c0505c8.md,911,2026-05-27T13:07:32.535261+00:00
chunk_96696a5c7fa3ff7c,lua_8af8d326f0ee669d,lua_docs,lua_hot_update_documentation,guide,xlua,Configure_EN.md.meta,https://github.com/Tencent/xLua/blob/master/Assets/XLua/Doc/Configure_EN.md.meta,,1,E:/系统/桌面/工作区/本学期/大三下/IT项目管理/大作业/Data/KnowledgeBase/processed_clean/dify_import/lua_docs_chunk_96696a5c7fa3ff7c.md,887,2026-05-27T13:07:32.538974+00:00
chunk_de4a65f4ff93f2a0,lua_5152d9197b48a7e2,lua_docs,lua_hot_update_documentation,guide,xlua,Custom_Generate_EN.md.meta,https://github.com/Tencent/xLua/blob/master/Assets/XLua/Doc/Custom_Generate_EN.md.meta,,1,E:/系统/桌面/工作区/本学期/大三下/IT项目管理/大作业/Data/KnowledgeBase/processed_clean/dify_import/lua_docs_chunk_de4a65f4ff93f2a0.md,911,2026-05-27T13:07:32.542117+00:00
chunk_d5c35daf0acaf763,lua_181fcb8a5dc1591f,lua_docs,lua_hot_update_documentation,guide,xlua,Faq_EN.md.meta,https://github.com/Tencent/xLua/blob/master/Assets/XLua/Doc/Faq_EN.md.meta,,1,E:/系统/桌面/工作区/本学期/大三下/IT项目管理/大作业/Data/KnowledgeBase/processed_clean/dify_import/lua_docs_chunk_d5c35daf0acaf763.md,863,2026-05-27T13:07:32.544737+00:00
chunk_3a2c7fcd8d53b72f,lua_344d2bcc89bccce5,lua_docs,lua_hot_update_documentation,guide,xlua,Hotfix_EN.md.meta,https://github.com/Tencent/xLua/blob/master/Assets/XLua/Doc/Hotfix_EN.md.meta,,1,E:/系统/桌面/工作区/本学期/大三下/IT项目管理/大作业/Data/KnowledgeBase/processed_clean/dify_import/lua_docs_chunk_3a2c7fcd8d53b72f.md,875,2026-05-27T13:07:32.547085+00:00
chunk_0c0ebf15ca380265,lua_9a11fff084376bda,lua_docs,lua_hot_update_documentation,guide,xlua,Materials.meta,https://github.com/Tencent/xLua/blob/master/Assets/XLua/Doc/Materials.meta,,1,E:/系统/桌面/工作区/本学期/大三下/IT项目管理/大作业/Data/KnowledgeBase/processed_clean/dify_import/lua_docs_chunk_0c0ebf15ca380265.md,887,2026-05-27T13:07:32.549614+00:00
chunk_9d8bc97dec1516c8,lua_844ebc5fbe934b39,lua_docs,lua_hot_update_documentation,guide,xlua,XLua_API.doc,https://github.com/Tencent/xLua/blob/master/Assets/XLua/Doc/XLua_API.doc,,1,E:/系统/桌面/工作区/本学期/大三下/IT项目管理/大作业/Data/KnowledgeBase/processed_clean/dify_import/lua_docs_chunk_9d8bc97dec1516c8.md,570,2026-05-27T13:07:32.551833+00:00
chunk_17b685723a1c9f71,lua_6cb14a49176cd6d7,lua_docs,lua_hot_update_documentation,guide,xlua,XLua_API.doc.meta,https://github.com/Tencent/xLua/blob/master/Assets/XLua/Doc/XLua_API.doc.meta,,1,E:/系统/桌面/工作区/本学期/大三下/IT项目管理/大作业/Data/KnowledgeBase/processed_clean/dify_import/lua_docs_chunk_17b685723a1c9f71.md,769,2026-05-27T13:07:32.554220+00:00
chunk_edf678ccc6603131,lua_a3ec520931db0148,lua_docs,lua_hot_update_documentation,guide,xlua,XLua_API.md.meta,https://github.com/Tencent/xLua/blob/master/Assets/XLua/Doc/XLua_API.md.meta,,1,E:/系统/桌面/工作区/本学期/大三下/IT项目管理/大作业/Data/KnowledgeBase/processed_clean/dify_import/lua_docs_chunk_edf678ccc6603131.md,871,2026-05-27T13:07:32.557292+00:00
chunk_b392be542c9d9115,lua_70367f081a1e16b9,lua_docs,lua_hot_update_documentation,guide,xlua,XLua_API_EN.md.meta,https://github.com/Tencent/xLua/blob/master/Assets/XLua/Doc/XLua_API_EN.md.meta,,1,E:/系统/桌面/工作区/本学期/大三下/IT项目管理/大作业/Data/KnowledgeBase/processed_clean/dify_import/lua_docs_chunk_b392be542c9d9115.md,883,2026-05-27T13:07:32.559700+00:00
chunk_0bb2f854586db501,lua_facb2fd9eb9430a8,lua_docs,lua_hot_update_documentation,guide,xlua,XLua_Tutorial_EN.md.meta,https://github.com/Tencent/xLua/blob/master/Assets/XLua/Doc/XLua_Tutorial_EN.md.meta,,1,E:/系统/桌面/工作区/本学期/大三下/IT项目管理/大作业/Data/KnowledgeBase/processed_clean/dify_import/lua_docs_chunk_0bb2f854586db501.md,903,2026-05-27T13:07:32.562409+00:00
chunk_936245e4e74b72ab,lua_7d101f396783bf4f,lua_docs,lua_hot_update_documentation,guide,xlua,XLua增加删除第三方lua库.doc,https://github.com/Tencent/xLua/blob/master/Assets/XLua/Doc/XLua%E5%A2%9E%E5%8A%A0%E5%88%A0%E9%99%A4%E7%AC%AC%E4%B8%89%E6%96%B9lua%E5%BA%93.doc,,1,E:/系统/桌面/工作区/本学期/大三下/IT项目管理/大作业/Data/KnowledgeBase/processed_clean/dify_import/lua_docs_chunk_936245e4e74b72ab.md,664,2026-05-27T13:07:32.565061+00:00
chunk_f97bc18014d93f6f,lua_24da36698c71ec6d,lua_docs,lua_hot_update_documentation,guide,xlua,XLua增加删除第三方lua库.doc.meta,https://github.com/Tencent/xLua/blob/master/Assets/XLua/Doc/XLua%E5%A2%9E%E5%8A%A0%E5%88%A0%E9%99%A4%E7%AC%AC%E4%B8%89%E6%96%B9lua%E5%BA%93.doc.meta,,1,E:/系统/桌面/工作区/本学期/大三下/IT项目管理/大作业/Data/KnowledgeBase/processed_clean/dify_import/lua_docs_chunk_f97bc18014d93f6f.md,967,2026-05-27T13:07:32.568203+00:00
chunk_9754fa5add66fed4,lua_f81db64135bf9385,lua_docs,lua_hot_update_documentation,guide,xlua,XLua增加删除第三方lua库.md.meta,https://github.com/Tencent/xLua/blob/master/Assets/XLua/Doc/XLua%E5%A2%9E%E5%8A%A0%E5%88%A0%E9%99%A4%E7%AC%AC%E4%B8%89%E6%96%B9lua%E5%BA%93.md.meta,,1,E:/系统/桌面/工作区/本学期/大三下/IT项目管理/大作业/Data/KnowledgeBase/processed_clean/dify_import/lua_docs_chunk_9754fa5add66fed4.md,963,2026-05-27T13:07:32.571891+00:00
chunk_db005f430606b9fa,lua_4ea64042510b5e09,lua_docs,lua_hot_update_documentation,guide,xlua,XLua复杂值类型（struct）gc优化指南.doc,https://github.com/Tencent/xLua/blob/master/Assets/XLua/Doc/XLua%E5%A4%8D%E6%9D%82%E5%80%BC%E7%B1%BB%E5%9E%8B%EF%BC%88struct%EF%BC%89gc%E4%BC%98%E5%8C%96%E6%8C%87%E5%8D%97.doc,,1,E:/系统/桌面/工作区/本学期/大三下/IT项目管理/大作业/Data/KnowledgeBase/processed_clean/dify_import/lua_docs_chunk_db005f430606b9fa.md,722,2026-05-27T13:07:32.574324+00:00
chunk_a18f62d3bbaf00f0,lua_5a1236d41c46a271,lua_docs,lua_hot_update_documentation,guide,xlua,XLua复杂值类型（struct）gc优化指南.doc.meta,https://github.com/Tencent/xLua/blob/master/Assets/XLua/Doc/XLua%E5%A4%8D%E6%9D%82%E5%80%BC%E7%B1%BB%E5%9E%8B%EF%BC%88struct%EF%BC%89gc%E4%BC%98%E5%8C%96%E6%8C%87%E5%8D%97.doc.meta,,1,E:/系统/桌面/工作区/本学期/大三下/IT项目管理/大作业/Data/KnowledgeBase/processed_clean/dify_import/lua_docs_chunk_a18f62d3bbaf00f0.md,1023,2026-05-27T13:07:32.577021+00:00
chunk_b32b683c22245ec0,lua_fa9b6c6f4fff4e9f,lua_docs,lua_hot_update_documentation,guide,xlua,XLua复杂值类型（struct）gc优化指南.md,https://github.com/Tencent/xLua/blob/master/Assets/XLua/Doc/XLua%E5%A4%8D%E6%9D%82%E5%80%BC%E7%B1%BB%E5%9E%8B%EF%BC%88struct%EF%BC%89gc%E4%BC%98%E5%8C%96%E6%8C%87%E5%8D%97.md,,1,E:/系统/桌面/工作区/本学期/大三下/IT项目管理/大作业/Data/KnowledgeBase/processed_clean/dify_import/lua_docs_chunk_b32b683c22245ec0.md,843,2026-05-27T13:07:32.579345+00:00
chunk_b5a0ecbd39dfcb1a,lua_592eabf5cb4fc371,lua_docs,lua_hot_update_documentation,guide,xlua,XLua复杂值类型（struct）gc优化指南.md.meta,https://github.com/Tencent/xLua/blob/master/Assets/XLua/Doc/XLua%E5%A4%8D%E6%9D%82%E5%80%BC%E7%B1%BB%E5%9E%8B%EF%BC%88struct%EF%BC%89gc%E4%BC%98%E5%8C%96%E6%8C%87%E5%8D%97.md.meta,,1,E:/系统/桌面/工作区/本学期/大三下/IT项目管理/大作业/Data/KnowledgeBase/processed_clean/dify_import/lua_docs_chunk_b5a0ecbd39dfcb1a.md,1019,2026-05-27T13:07:32.581669+00:00
chunk_d370acccb8895fa7,lua_6051097ce2da4011,lua_docs,lua_hot_update_documentation,guide,xlua,XLua性能分析工具.doc,https://github.com/Tencent/xLua/blob/master/Assets/XLua/Doc/XLua%E6%80%A7%E8%83%BD%E5%88%86%E6%9E%90%E5%B7%A5%E5%85%B7.doc,,1,E:/系统/桌面/工作区/本学期/大三下/IT项目管理/大作业/Data/KnowledgeBase/processed_clean/dify_import/lua_docs_chunk_d370acccb8895fa7.md,628,2026-05-27T13:07:32.585231+00:00
chunk_84366f94db225065,lua_40e84948bbcdce59,lua_docs,lua_hot_update_documentation,guide,xlua,XLua性能分析工具.doc.meta,https://github.com/Tencent/xLua/blob/master/Assets/XLua/Doc/XLua%E6%80%A7%E8%83%BD%E5%88%86%E6%9E%90%E5%B7%A5%E5%85%B7.doc.meta,,1,E:/系统/桌面/工作区/本学期/大三下/IT项目管理/大作业/Data/KnowledgeBase/processed_clean/dify_import/lua_docs_chunk_84366f94db225065.md,931,2026-05-27T13:07:32.588812+00:00
chunk_38397f9e1502a09b,lua_970e9f872f9e3b77,lua_docs,lua_hot_update_documentation,guide,xlua,XLua性能分析工具.md,https://github.com/Tencent/xLua/blob/master/Assets/XLua/Doc/XLua%E6%80%A7%E8%83%BD%E5%88%86%E6%9E%90%E5%B7%A5%E5%85%B7.md,,1,E:/系统/桌面/工作区/本学期/大三下/IT项目管理/大作业/Data/KnowledgeBase/processed_clean/dify_import/lua_docs_chunk_38397f9e1502a09b.md,1146,2026-05-27T13:07:32.591364+00:00
chunk_3da570411202a0d2,lua_d924f130d1593339,lua_docs,lua_hot_update_documentation,guide,xlua,XLua性能分析工具.md.meta,https://github.com/Tencent/xLua/blob/master/Assets/XLua/Doc/XLua%E6%80%A7%E8%83%BD%E5%88%86%E6%9E%90%E5%B7%A5%E5%85%B7.md.meta,,1,E:/系统/桌面/工作区/本学期/大三下/IT项目管理/大作业/Data/KnowledgeBase/processed_clean/dify_import/lua_docs_chunk_3da570411202a0d2.md,927,2026-05-27T13:07:32.593667+00:00
chunk_ae5799cbd98edef7,lua_ca5c7bddff631d68,lua_docs,lua_hot_update_documentation,guide,xlua,XLua教程.doc,https://github.com/Tencent/xLua/blob/master/Assets/XLua/Doc/XLua%E6%95%99%E7%A8%8B.doc,,1,E:/系统/桌面/工作区/本学期/大三下/IT项目管理/大作业/Data/KnowledgeBase/processed_clean/dify_import/lua_docs_chunk_ae5799cbd98edef7.md,578,2026-05-27T13:07:32.596589+00:00
chunk_d456eb0e0a8218b4,lua_69e42e56b5741733,lua_docs,lua_hot_update_documentation,guide,xlua,XLua教程.doc.meta,https://github.com/Tencent/xLua/blob/master/Assets/XLua/Doc/XLua%E6%95%99%E7%A8%8B.doc.meta,,1,E:/系统/桌面/工作区/本学期/大三下/IT项目管理/大作业/Data/KnowledgeBase/processed_clean/dify_import/lua_docs_chunk_d456eb0e0a8218b4.md,883,2026-05-27T13:07:32.601006+00:00
chunk_e26f09557b0575a0,lua_3e8dbe3b667acdf6,lua_docs,lua_hot_update_documentation,guide,xlua,XLua教程.md.meta,https://github.com/Tencent/xLua/blob/master/Assets/XLua/Doc/XLua%E6%95%99%E7%A8%8B.md.meta,,1,E:/系统/桌面/工作区/本学期/大三下/IT项目管理/大作业/Data/KnowledgeBase/processed_clean/dify_import/lua_docs_chunk_e26f09557b0575a0.md,879,2026-05-27T13:07:32.603853+00:00
chunk_83a92c28b2ce0d96,lua_ffe6aff0b3ec97f9,lua_docs,lua_hot_update_documentation,guide,xlua,XLua的配置.doc.meta,https://github.com/Tencent/xLua/blob/master/Assets/XLua/Doc/XLua%E7%9A%84%E9%85%8D%E7%BD%AE.doc.meta,,1,E:/系统/桌面/工作区/本学期/大三下/IT项目管理/大作业/Data/KnowledgeBase/processed_clean/dify_import/lua_docs_chunk_83a92c28b2ce0d96.md,895,2026-05-27T13:07:32.607647+00:00
chunk_860fa204377bcd60,lua_ebab1a9bb27243f5,lua_docs,lua_hot_update_documentation,guide,xlua,compatible_bytecode.md.meta,https://github.com/Tencent/xLua/blob/master/Assets/XLua/Doc/compatible_bytecode.md.meta,,1,E:/系统/桌面/工作区/本学期/大三下/IT项目管理/大作业/Data/KnowledgeBase/processed_clean/dify_import/lua_docs_chunk_860fa204377bcd60.md,915,2026-05-27T13:07:32.610149+00:00
chunk_a0b096a7f0669f99,lua_e0531a83e8fa1494,lua_docs,lua_hot_update_documentation,guide,xlua,configure.md.meta,https://github.com/Tencent/xLua/blob/master/Assets/XLua/Doc/configure.md.meta,,1,E:/系统/桌面/工作区/本学期/大三下/IT项目管理/大作业/Data/KnowledgeBase/processed_clean/dify_import/lua_docs_chunk_a0b096a7f0669f99.md,875,2026-05-27T13:07:32.612457+00:00
chunk_058eb55cfbca7bad,lua_fb011b87b704d654,lua_docs,lua_hot_update_documentation,guide,xlua,custom_generate.md.meta,https://github.com/Tencent/xLua/blob/master/Assets/XLua/Doc/custom_generate.md.meta,,1,E:/系统/桌面/工作区/本学期/大三下/IT项目管理/大作业/Data/KnowledgeBase/processed_clean/dify_import/lua_docs_chunk_058eb55cfbca7bad.md,899,2026-05-27T13:07:32.615004+00:00
chunk_431f0b1bf92de39f,lua_c165d7dd3c173d24,lua_docs,lua_hot_update_documentation,guide,xlua,faq.md.meta,https://github.com/Tencent/xLua/blob/master/Assets/XLua/Doc/faq.md.meta,,1,E:/系统/桌面/工作区/本学期/大三下/IT项目管理/大作业/Data/KnowledgeBase/processed_clean/dify_import/lua_docs_chunk_431f0b1bf92de39f.md,851,2026-05-27T13:07:32.619459+00:00
chunk_b6e5e22259f9e8e1,lua_59e0edea4cb3f25e,lua_docs,lua_hot_update_documentation,guide,xlua,features.md.meta,https://github.com/Tencent/xLua/blob/master/Assets/XLua/Doc/features.md.meta,,1,E:/系统/桌面/工作区/本学期/大三下/IT项目管理/大作业/Data/KnowledgeBase/processed_clean/dify_import/lua_docs_chunk_b6e5e22259f9e8e1.md,871,2026-05-27T13:07:32.622211+00:00
chunk_4b750d553a26be89,lua_a7a9acaf9f20dbec,lua_docs,lua_hot_update_documentation,guide,xlua,hotfix.md.meta,https://github.com/Tencent/xLua/blob/master/Assets/XLua/Doc/hotfix.md.meta,,1,E:/系统/桌面/工作区/本学期/大三下/IT项目管理/大作业/Data/KnowledgeBase/processed_clean/dify_import/lua_docs_chunk_4b750d553a26be89.md,863,2026-05-27T13:07:32.626169+00:00
chunk_049edfa33bf0120e,lua_1bd3c6bea3255132,lua_docs,lua_hot_update_documentation,guide,xlua,logo.png,https://github.com/Tencent/xLua/blob/master/Assets/XLua/Doc/logo.png,,1,E:/系统/桌面/工作区/本学期/大三下/IT项目管理/大作业/Data/KnowledgeBase/processed_clean/dify_import/lua_docs_chunk_049edfa33bf0120e.md,515,2026-05-27T13:07:32.628674+00:00
chunk_f69901fafead5c26,lua_073681b488604d35,lua_docs,lua_hot_update_documentation,guide,xlua,logo.png.meta,https://github.com/Tencent/xLua/blob/master/Assets/XLua/Doc/logo.png.meta,,1,E:/系统/桌面/工作区/本学期/大三下/IT项目管理/大作业/Data/KnowledgeBase/processed_clean/dify_import/lua_docs_chunk_f69901fafead5c26.md,1793,2026-05-27T13:07:32.632325+00:00
chunk_9ade22479d0d4b95,lua_073681b488604d35,lua_docs,lua_hot_update_documentation,guide,xlua,logo.png.meta,https://github.com/Tencent/xLua/blob/master/Assets/XLua/Doc/logo.png.meta,,2,E:/系统/桌面/工作区/本学期/大三下/IT项目管理/大作业/Data/KnowledgeBase/processed_clean/dify_import/lua_docs_chunk_9ade22479d0d4b95.md,325,2026-05-27T13:07:32.633659+00:00
chunk_bbfab22640bed556,lua_724a868baf45c228,lua_docs,lua_hot_update_documentation,guide,xlua,signature.md.meta,https://github.com/Tencent/xLua/blob/master/Assets/XLua/Doc/signature.md.meta,,1,E:/系统/桌面/工作区/本学期/大三下/IT项目管理/大作业/Data/KnowledgeBase/processed_clean/dify_import/lua_docs_chunk_bbfab22640bed556.md,875,2026-05-27T13:07:32.636289+00:00
chunk_b9a8ed0d039ad416,lua_023824c4eed37899,lua_docs,lua_hot_update_documentation,guide,xlua,xLua.png.meta,https://github.com/Tencent/xLua/blob/master/Assets/XLua/Doc/xLua.png.meta,,1,E:/系统/桌面/工作区/本学期/大三下/IT项目管理/大作业/Data/KnowledgeBase/processed_clean/dify_import/lua_docs_chunk_b9a8ed0d039ad416.md,1793,2026-05-27T13:07:32.639725+00:00
chunk_f868ac8d1d7f3db8,lua_023824c4eed37899,lua_docs,lua_hot_update_documentation,guide,xlua,xLua.png.meta,https://github.com/Tencent/xLua/blob/master/Assets/XLua/Doc/xLua.png.meta,,2,E:/系统/桌面/工作区/本学期/大三下/IT项目管理/大作业/Data/KnowledgeBase/processed_clean/dify_import/lua_docs_chunk_f868ac8d1d7f3db8.md,325,2026-05-27T13:07:32.640963+00:00
chunk_76e7e1c3a92bd62c,lua_2000b483eb3cd4d5,lua_docs,lua_hot_update_documentation,guide,xlua,languages,https://github.com/Tencent/xLua/tree/master/docs/source/patch/highlight.js/lib/languages,,1,E:/系统/桌面/工作区/本学期/大三下/IT项目管理/大作业/Data/KnowledgeBase/processed_clean/dify_import/lua_docs_chunk_76e7e1c3a92bd62c.md,635,2026-05-27T13:07:32.643660+00:00
chunk_4250461e147770f1,lua_077f58ab254323bc,lua_docs,lua_hot_update_documentation,guide,xlua,catlib,https://github.com/Tencent/xLua/tree/master/docs/source/themes/catlib,,1,E:/系统/桌面/工作区/本学期/大三下/IT项目管理/大作业/Data/KnowledgeBase/processed_clean/dify_import/lua_docs_chunk_4250461e147770f1.md,651,2026-05-27T13:07:32.645902+00:00
chunk_2df832122415901c,lua_84d1099c5877989e,lua_docs,lua_hot_update_documentation,guide,xlua,.npmignore,https://github.com/Tencent/xLua/blob/master/docs/source/.npmignore,,1,E:/系统/桌面/工作区/本学期/大三下/IT项目管理/大作业/Data/KnowledgeBase/processed_clean/dify_import/lua_docs_chunk_2df832122415901c.md,728,2026-05-27T13:07:32.648013+00:00
chunk_366c786a90b90720,lua_f7b65fe0175a193b,lua_docs,lua_hot_update_documentation,guide,xlua,XLua 教程文档,https://github.com/Tencent/xLua/blob/master/docs/source/README.md,,1,E:/系统/桌面/工作区/本学期/大三下/IT项目管理/大作业/Data/KnowledgeBase/processed_clean/dify_import/lua_docs_chunk_366c786a90b90720.md,447,2026-05-27T13:07:32.651295+00:00
chunk_22b4a1c1ee31ca2e,lua_330dcc961404fff6,lua_docs,lua_hot_update_documentation,guide,xlua,_config.yml,https://github.com/Tencent/xLua/blob/master/docs/source/_config.yml,,1,E:/系统/桌面/工作区/本学期/大三下/IT项目管理/大作业/Data/KnowledgeBase/processed_clean/dify_import/lua_docs_chunk_22b4a1c1ee31ca2e.md,1800,2026-05-27T13:07:32.654794+00:00
chunk_ca483e732789dd23,lua_330dcc961404fff6,lua_docs,lua_hot_update_documentation,guide,xlua,_config.yml,https://github.com/Tencent/xLua/blob/master/docs/source/_config.yml,,2,E:/系统/桌面/工作区/本学期/大三下/IT项目管理/大作业/Data/KnowledgeBase/processed_clean/dify_import/lua_docs_chunk_ca483e732789dd23.md,877,2026-05-27T13:07:32.656270+00:00
chunk_0261f4b39ef97b8e,lua_ad094d7b9c993fb7,lua_docs,lua_hot_update_documentation,guide,xlua,package-lock.json,https://github.com/Tencent/xLua/blob/master/docs/source/package-lock.json,,1,E:/系统/桌面/工作区/本学期/大三下/IT项目管理/大作业/Data/KnowledgeBase/processed_clean/dify_import/lua_docs_chunk_0261f4b39ef97b8e.md,1800,2026-05-27T13:07:32.666021+00:00
chunk_b798c5bc90cced04,lua_ad094d7b9c993fb7,lua_docs,lua_hot_update_documentation,guide,xlua,package-lock.json,https://github.com/Tencent/xLua/blob/master/docs/source/package-lock.json,,2,E:/系统/桌面/工作区/本学期/大三下/IT项目管理/大作业/Data/KnowledgeBase/processed_clean/dify_import/lua_docs_chunk_b798c5bc90cced04.md,1798,2026-05-27T13:07:32.667461+00:00
chunk_239fd72bd5e90b10,lua_ad094d7b9c993fb7,lua_docs,lua_hot_update_documentation,guide,xlua,package-lock.json,https://github.com/Tencent/xLua/blob/master/docs/source/package-lock.json,,3,E:/系统/桌面/工作区/本学期/大三下/IT项目管理/大作业/Data/KnowledgeBase/processed_clean/dify_import/lua_docs_chunk_239fd72bd5e90b10.md,1798,2026-05-27T13:07:32.668708+00:00
chunk_120e85872e1ccc1f,lua_ad094d7b9c993fb7,lua_docs,lua_hot_update_documentation,guide,xlua,package-lock.json,https://github.com/Tencent/xLua/blob/master/docs/source/package-lock.json,,4,E:/系统/桌面/工作区/本学期/大三下/IT项目管理/大作业/Data/KnowledgeBase/processed_clean/dify_import/lua_docs_chunk_120e85872e1ccc1f.md,1790,2026-05-27T13:07:32.669660+00:00
chunk_1372215529aa2d88,lua_ad094d7b9c993fb7,lua_docs,lua_hot_update_documentation,guide,xlua,package-lock.json,https://github.com/Tencent/xLua/blob/master/docs/source/package-lock.json,,5,E:/系统/桌面/工作区/本学期/大三下/IT项目管理/大作业/Data/KnowledgeBase/processed_clean/dify_import/lua_docs_chunk_1372215529aa2d88.md,1796,2026-05-27T13:07:32.670606+00:00
chunk_cd2aabcf1ee00869,lua_ad094d7b9c993fb7,lua_docs,lua_hot_update_documentation,guide,xlua,package-lock.json,https://github.com/Tencent/xLua/blob/master/docs/source/package-lock.json,,6,E:/系统/桌面/工作区/本学期/大三下/IT项目管理/大作业/Data/KnowledgeBase/processed_clean/dify_import/lua_docs_chunk_cd2aabcf1ee00869.md,1796,2026-05-27T13:07:32.671506+00:00
chunk_9fa0b73201d57937,lua_ad094d7b9c993fb7,lua_docs,lua_hot_update_documentation,guide,xlua,package-lock.json,https://github.com/Tencent/xLua/blob/master/docs/source/package-lock.json,,7,E:/系统/桌面/工作区/本学期/大三下/IT项目管理/大作业/Data/KnowledgeBase/processed_clean/dify_import/lua_docs_chunk_9fa0b73201d57937.md,1800,2026-05-27T13:07:32.672527+00:00
chunk_0346082040e59d6c,lua_ad094d7b9c993fb7,lua_docs,lua_hot_update_documentation,guide,xlua,package-lock.json,https://github.com/Tencent/xLua/blob/master/docs/source/package-lock.json,,8,E:/系统/桌面/工作区/本学期/大三下/IT项目管理/大作业/Data/KnowledgeBase/processed_clean/dify_import/lua_docs_chunk_0346082040e59d6c.md,1798,2026-05-27T13:07:32.673730+00:00
chunk_77e2b66536594142,lua_ad094d7b9c993fb7,lua_docs,lua_hot_update_documentation,guide,xlua,package-lock.json,https://github.com/Tencent/xLua/blob/master/docs/source/package-lock.json,,9,E:/系统/桌面/工作区/本学期/大三下/IT项目管理/大作业/Data/KnowledgeBase/processed_clean/dify_import/lua_docs_chunk_77e2b66536594142.md,1798,2026-05-27T13:07:32.674774+00:00
chunk_b2f10616e240efcf,lua_ad094d7b9c993fb7,lua_docs,lua_hot_update_documentation,guide,xlua,package-lock.json,https://github.com/Tencent/xLua/blob/master/docs/source/package-lock.json,,10,E:/系统/桌面/工作区/本学期/大三下/IT项目管理/大作业/Data/KnowledgeBase/processed_clean/dify_import/lua_docs_chunk_b2f10616e240efcf.md,1757,2026-05-27T13:07:32.675878+00:00
chunk_c113417f5abcdd96,lua_ad094d7b9c993fb7,lua_docs,lua_hot_update_documentation,guide,xlua,package-lock.json,https://github.com/Tencent/xLua/blob/master/docs/source/package-lock.json,,11,E:/系统/桌面/工作区/本学期/大三下/IT项目管理/大作业/Data/KnowledgeBase/processed_clean/dify_import/lua_docs_chunk_c113417f5abcdd96.md,1799,2026-05-27T13:07:32.676845+00:00
chunk_3a1e0ff15cc5b60e,lua_ad094d7b9c993fb7,lua_docs,lua_hot_update_documentation,guide,xlua,package-lock.json,https://github.com/Tencent/xLua/blob/master/docs/source/package-lock.json,,12,E:/系统/桌面/工作区/本学期/大三下/IT项目管理/大作业/Data/KnowledgeBase/processed_clean/dify_import/lua_docs_chunk_3a1e0ff15cc5b60e.md,1769,2026-05-27T13:07:32.678247+00:00
chunk_c4959c06a342e615,lua_ad094d7b9c993fb7,lua_docs,lua_hot_update_documentation,guide,xlua,package-lock.json,https://github.com/Tencent/xLua/blob/master/docs/source/package-lock.json,,13,E:/系统/桌面/工作区/本学期/大三下/IT项目管理/大作业/Data/KnowledgeBase/processed_clean/dify_import/lua_docs_chunk_c4959c06a342e615.md,1800,2026-05-27T13:07:32.679995+00:00
chunk_75eeb68be891df46,lua_ad094d7b9c993fb7,lua_docs,lua_hot_update_documentation,guide,xlua,package-lock.json,https://github.com/Tencent/xLua/blob/master/docs/source/package-lock.json,,14,E:/系统/桌面/工作区/本学期/大三下/IT项目管理/大作业/Data/KnowledgeBase/processed_clean/dify_import/lua_docs_chunk_75eeb68be891df46.md,1785,2026-05-27T13:07:32.681648+00:00
chunk_5d400ffa7be40784,lua_ad094d7b9c993fb7,lua_docs,lua_hot_update_documentation,guide,xlua,package-lock.json,https://github.com/Tencent/xLua/blob/master/docs/source/package-lock.json,,15,E:/系统/桌面/工作区/本学期/大三下/IT项目管理/大作业/Data/KnowledgeBase/processed_clean/dify_import/lua_docs_chunk_5d400ffa7be40784.md,1800,2026-05-27T13:07:32.682967+00:00
chunk_77af1eed30418ff7,lua_ad094d7b9c993fb7,lua_docs,lua_hot_update_documentation,guide,xlua,package-lock.json,https://github.com/Tencent/xLua/blob/master/docs/source/package-lock.json,,16,E:/系统/桌面/工作区/本学期/大三下/IT项目管理/大作业/Data/KnowledgeBase/processed_clean/dify_import/lua_docs_chunk_77af1eed30418ff7.md,1800,2026-05-27T13:07:32.684247+00:00
chunk_c1b1be051214b1d8,lua_ad094d7b9c993fb7,lua_docs,lua_hot_update_documentation,guide,xlua,package-lock.json,https://github.com/Tencent/xLua/blob/master/docs/source/package-lock.json,,17,E:/系统/桌面/工作区/本学期/大三下/IT项目管理/大作业/Data/KnowledgeBase/processed_clean/dify_import/lua_docs_chunk_c1b1be051214b1d8.md,1798,2026-05-27T13:07:32.685673+00:00
chunk_9da80aabf677aece,lua_ad094d7b9c993fb7,lua_docs,lua_hot_update_documentation,guide,xlua,package-lock.json,https://github.com/Tencent/xLua/blob/master/docs/source/package-lock.json,,18,E:/系统/桌面/工作区/本学期/大三下/IT项目管理/大作业/Data/KnowledgeBase/processed_clean/dify_import/lua_docs_chunk_9da80aabf677aece.md,1799,2026-05-27T13:07:32.687266+00:00
chunk_74d2f46a4e9df954,lua_ad094d7b9c993fb7,lua_docs,lua_hot_update_documentation,guide,xlua,package-lock.json,https://github.com/Tencent/xLua/blob/master/docs/source/package-lock.json,,19,E:/系统/桌面/工作区/本学期/大三下/IT项目管理/大作业/Data/KnowledgeBase/processed_clean/dify_import/lua_docs_chunk_74d2f46a4e9df954.md,1797,2026-05-27T13:07:32.688747+00:00
chunk_ee842a63919de29d,lua_ad094d7b9c993fb7,lua_docs,lua_hot_update_documentation,guide,xlua,package-lock.json,https://github.com/Tencent/xLua/blob/master/docs/source/package-lock.json,,20,E:/系统/桌面/工作区/本学期/大三下/IT项目管理/大作业/Data/KnowledgeBase/processed_clean/dify_import/lua_docs_chunk_ee842a63919de29d.md,1158,2026-05-27T13:07:32.690128+00:00
chunk_4f89a5d554d86060,lua_9fec95abb26ed1ed,lua_docs,lua_hot_update_documentation,guide,xlua,package.json,https://github.com/Tencent/xLua/blob/master/docs/source/package.json,,1,E:/系统/桌面/工作区/本学期/大三下/IT项目管理/大作业/Data/KnowledgeBase/processed_clean/dify_import/lua_docs_chunk_4f89a5d554d86060.md,1268,2026-05-27T13:07:32.693592+00:00
chunk_3b3507cf020ae009,lua_574133106cb09778,lua_docs,lua_hot_update_documentation,guide,xlua,patch.ps1,https://github.com/Tencent/xLua/blob/master/docs/source/patch.ps1,,1,E:/系统/桌面/工作区/本学期/大三下/IT项目管理/大作业/Data/KnowledgeBase/processed_clean/dify_import/lua_docs_chunk_3b3507cf020ae009.md,922,2026-05-27T13:07:32.696089+00:00
chunk_ba445acb23f746db,lua_c89f3d6239960479,lua_docs,lua_hot_update_documentation,guide,xlua,src,https://github.com/Tencent/xLua/blob/master/docs/source/src,,1,E:/系统/桌面/工作区/本学期/大三下/IT项目管理/大作业/Data/KnowledgeBase/processed_clean/dify_import/lua_docs_chunk_ba445acb23f746db.md,617,2026-05-27T13:07:32.698604+00:00
chunk_5160b67138828f58,lua_eb95b31b142bb4d6,lua_docs,lua_hot_update_documentation,guide,xlua,readme.md,https://github.com/Tencent/xLua/blob/master/docs/source/src/readme.md,,1,E:/系统/桌面/工作区/本学期/大三下/IT项目管理/大作业/Data/KnowledgeBase/processed_clean/dify_import/lua_docs_chunk_5160b67138828f58.md,633,2026-05-27T13:07:32.701551+00:00
chunk_0ed4e2ad0eb68987,lua_a5e9a3ffd7529177,lua_docs,lua_hot_update_documentation,guide,xlua,api.md,https://github.com/Tencent/xLua/blob/master/docs/source/src/v1/guide/api.md,,1,E:/系统/桌面/工作区/本学期/大三下/IT项目管理/大作业/Data/KnowledgeBase/processed_clean/dify_import/lua_docs_chunk_0ed4e2ad0eb68987.md,1796,2026-05-27T13:07:32.716546+00:00
chunk_f2c9264599f74411,lua_a5e9a3ffd7529177,lua_docs,lua_hot_update_documentation,guide,xlua,api.md,https://github.com/Tencent/xLua/blob/master/docs/source/src/v1/guide/api.md,,2,E:/系统/桌面/工作区/本学期/大三下/IT项目管理/大作业/Data/KnowledgeBase/processed_clean/dify_import/lua_docs_chunk_f2c9264599f74411.md,1787,2026-05-27T13:07:32.718722+00:00
chunk_6be6ca7ec859ebf5,lua_a5e9a3ffd7529177,lua_docs,lua_hot_update_documentation,guide,xlua,api.md,https://github.com/Tencent/xLua/blob/master/docs/source/src/v1/guide/api.md,,3,E:/系统/桌面/工作区/本学期/大三下/IT项目管理/大作业/Data/KnowledgeBase/processed_clean/dify_import/lua_docs_chunk_6be6ca7ec859ebf5.md,1475,2026-05-27T13:07:32.719970+00:00
chunk_4bd2fe2b125f383a,lua_d05f41ef9b8f3b30,lua_docs,lua_hot_update_documentation,guide,xlua,configure.md,https://github.com/Tencent/xLua/blob/master/docs/source/src/v1/guide/configure.md,,1,E:/系统/桌面/工作区/本学期/大三下/IT项目管理/大作业/Data/KnowledgeBase/processed_clean/dify_import/lua_docs_chunk_4bd2fe2b125f383a.md,1791,2026-05-27T13:07:32.725882+00:00
chunk_5381ee32bb467e6a,lua_d05f41ef9b8f3b30,lua_docs,lua_hot_update_documentation,guide,xlua,configure.md,https://github.com/Tencent/xLua/blob/master/docs/source/src/v1/guide/configure.md,,2,E:/系统/桌面/工作区/本学期/大三下/IT项目管理/大作业/Data/KnowledgeBase/processed_clean/dify_import/lua_docs_chunk_5381ee32bb467e6a.md,1574,2026-05-27T13:07:32.727948+00:00
chunk_98017c529ad71fdc,lua_9e5e32adbc026660,lua_docs,lua_hot_update_documentation,guide,xlua,faq.md,https://github.com/Tencent/xLua/blob/master/docs/source/src/v1/guide/faq.md,,1,E:/系统/桌面/工作区/本学期/大三下/IT项目管理/大作业/Data/KnowledgeBase/processed_clean/dify_import/lua_docs_chunk_98017c529ad71fdc.md,1763,2026-05-27T13:07:32.731646+00:00
chunk_63cec53896dbd7ac,lua_9e5e32adbc026660,lua_docs,lua_hot_update_documentation,guide,xlua,faq.md,https://github.com/Tencent/xLua/blob/master/docs/source/src/v1/guide/faq.md,,2,E:/系统/桌面/工作区/本学期/大三下/IT项目管理/大作业/Data/KnowledgeBase/processed_clean/dify_import/lua_docs_chunk_63cec53896dbd7ac.md,1796,2026-05-27T13:07:32.732976+00:00
chunk_13ab9040e6f03954,lua_9e5e32adbc026660,lua_docs,lua_hot_update_documentation,guide,xlua,faq.md,https://github.com/Tencent/xLua/blob/master/docs/source/src/v1/guide/faq.md,,3,E:/系统/桌面/工作区/本学期/大三下/IT项目管理/大作业/Data/KnowledgeBase/processed_clean/dify_import/lua_docs_chunk_13ab9040e6f03954.md,1800,2026-05-27T13:07:32.734270+00:00
chunk_969afa45fba93153,lua_9e5e32adbc026660,lua_docs,lua_hot_update_documentation,guide,xlua,faq.md,https://github.com/Tencent/xLua/blob/master/docs/source/src/v1/guide/faq.md,,4,E:/系统/桌面/工作区/本学期/大三下/IT项目管理/大作业/Data/KnowledgeBase/processed_clean/dify_import/lua_docs_chunk_969afa45fba93153.md,722,2026-05-27T13:07:32.736027+00:00
chunk_e4ae9fbe6e80dacc,lua_a407f7149d2727eb,lua_docs,lua_hot_update_documentation,guide,xlua,features.md,https://github.com/Tencent/xLua/blob/master/docs/source/src/v1/guide/features.md,,1,E:/系统/桌面/工作区/本学期/大三下/IT项目管理/大作业/Data/KnowledgeBase/processed_clean/dify_import/lua_docs_chunk_e4ae9fbe6e80dacc.md,1794,2026-05-27T13:07:32.739234+00:00
chunk_60a25aee0904945f,lua_a407f7149d2727eb,lua_docs,lua_hot_update_documentation,guide,xlua,features.md,https://github.com/Tencent/xLua/blob/master/docs/source/src/v1/guide/features.md,,2,E:/系统/桌面/工作区/本学期/大三下/IT项目管理/大作业/Data/KnowledgeBase/processed_clean/dify_import/lua_docs_chunk_60a25aee0904945f.md,611,2026-05-27T13:07:32.740611+00:00
chunk_ece1668b80c69871,lua_a3652d4ac613b572,lua_docs,lua_hot_update_documentation,guide,xlua,hotfix.md,https://github.com/Tencent/xLua/blob/master/docs/source/src/v1/guide/hotfix.md,,1,E:/系统/桌面/工作区/本学期/大三下/IT项目管理/大作业/Data/KnowledgeBase/processed_clean/dify_import/lua_docs_chunk_ece1668b80c69871.md,1783,2026-05-27T13:07:32.745845+00:00
chunk_5638bc8909e6c1f5,lua_a3652d4ac613b572,lua_docs,lua_hot_update_documentation,guide,xlua,hotfix.md,https://github.com/Tencent/xLua/blob/master/docs/source/src/v1/guide/hotfix.md,,2,E:/系统/桌面/工作区/本学期/大三下/IT项目管理/大作业/Data/KnowledgeBase/processed_clean/dify_import/lua_docs_chunk_5638bc8909e6c1f5.md,1799,2026-05-27T13:07:32.747355+00:00
chunk_3d960d623d607256,lua_a3652d4ac613b572,lua_docs,lua_hot_update_documentation,guide,xlua,hotfix.md,https://github.com/Tencent/xLua/blob/master/docs/source/src/v1/guide/hotfix.md,,3,E:/系统/桌面/工作区/本学期/大三下/IT项目管理/大作业/Data/KnowledgeBase/processed_clean/dify_import/lua_docs_chunk_3d960d623d607256.md,1798,2026-05-27T13:07:32.749410+00:00
chunk_ca2a3dfda460179e,lua_a3652d4ac613b572,lua_docs,lua_hot_update_documentation,guide,xlua,hotfix.md,https://github.com/Tencent/xLua/blob/master/docs/source/src/v1/guide/hotfix.md,,4,E:/系统/桌面/工作区/本学期/大三下/IT项目管理/大作业/Data/KnowledgeBase/processed_clean/dify_import/lua_docs_chunk_ca2a3dfda460179e.md,1786,2026-05-27T13:07:32.750702+00:00
chunk_05f87e8ff95a8862,lua_a3652d4ac613b572,lua_docs,lua_hot_update_documentation,guide,xlua,hotfix.md,https://github.com/Tencent/xLua/blob/master/docs/source/src/v1/guide/hotfix.md,,5,E:/系统/桌面/工作区/本学期/大三下/IT项目管理/大作业/Data/KnowledgeBase/processed_clean/dify_import/lua_docs_chunk_05f87e8ff95a8862.md,1485,2026-05-27T13:07:32.752887+00:00
chunk_788a7d3663762eba,lua_e8610d18d7565c5a,lua_docs,lua_hot_update_documentation,guide,xlua,index.md,https://github.com/Tencent/xLua/blob/master/docs/source/src/v1/guide/index.md,,1,E:/系统/桌面/工作区/本学期/大三下/IT项目管理/大作业/Data/KnowledgeBase/processed_clean/dify_import/lua_docs_chunk_788a7d3663762eba.md,1799,2026-05-27T13:07:32.759442+00:00
chunk_d9023558aedf805d,lua_e8610d18d7565c5a,lua_docs,lua_hot_update_documentation,guide,xlua,index.md,https://github.com/Tencent/xLua/blob/master/docs/source/src/v1/guide/index.md,,2,E:/系统/桌面/工作区/本学期/大三下/IT项目管理/大作业/Data/KnowledgeBase/processed_clean/dify_import/lua_docs_chunk_d9023558aedf805d.md,531,2026-05-27T13:07:32.761404+00:00
chunk_54368d82b0507367,lua_08aa272b83a60e82,lua_docs,lua_hot_update_documentation,readme,xlua,css,https://github.com/Tencent/xLua/tree/master/docs/public/css,,1,E:/系统/桌面/工作区/本学期/大三下/IT项目管理/大作业/Data/KnowledgeBase/processed_clean/dify_import/lua_docs_chunk_54368d82b0507367.md,617,2026-05-27T13:07:32.764261+00:00
chunk_9e5b3e5e9bce7781,lua_4d280a592fa46b68,lua_docs,lua_hot_update_documentation,readme,xlua,images,https://github.com/Tencent/xLua/tree/master/docs/public/images,,1,E:/系统/桌面/工作区/本学期/大三下/IT项目管理/大作业/Data/KnowledgeBase/processed_clean/dify_import/lua_docs_chunk_9e5b3e5e9bce7781.md,787,2026-05-27T13:07:32.766692+00:00
chunk_073b26301cf7652b,lua_82761288e3ff5910,lua_docs,lua_hot_update_documentation,readme,xlua,js,https://github.com/Tencent/xLua/tree/master/docs/public/js,,1,E:/系统/桌面/工作区/本学期/大三下/IT项目管理/大作业/Data/KnowledgeBase/processed_clean/dify_import/lua_docs_chunk_073b26301cf7652b.md,609,2026-05-27T13:07:32.769234+00:00
chunk_3f1eaa309a2dd9b5,lua_32691e5426dfd88a,lua_docs,lua_hot_update_documentation,readme,xlua,guide,https://github.com/Tencent/xLua/tree/master/docs/public/v1/guide,,1,E:/系统/桌面/工作区/本学期/大三下/IT项目管理/大作业/Data/KnowledgeBase/processed_clean/dify_import/lua_docs_chunk_3f1eaa309a2dd9b5.md,980,2026-05-27T13:07:32.773681+00:00
chunk_9a36337fc032ffe9,lua_7a0d33860585355c,lua_docs,lua_hot_update_documentation,readme,xlua,index.html,https://github.com/Tencent/xLua/blob/master/docs/public/index.html,,1,E:/系统/桌面/工作区/本学期/大三下/IT项目管理/大作业/Data/KnowledgeBase/processed_clean/dify_import/lua_docs_chunk_9a36337fc032ffe9.md,1377,2026-05-27T13:07:32.776570+00:00
chunk_10663303b98206a9,lua_32b64dcceab8d55d,lua_docs,lua_hot_update_documentation,readme,xlua,readme.html,https://github.com/Tencent/xLua/blob/master/docs/public/readme.html,,1,E:/系统/桌面/工作区/本学期/大三下/IT项目管理/大作业/Data/KnowledgeBase/processed_clean/dify_import/lua_docs_chunk_10663303b98206a9.md,1797,2026-05-27T13:07:32.783776+00:00
chunk_4e7b3c1fe295da8c,lua_32b64dcceab8d55d,lua_docs,lua_hot_update_documentation,readme,xlua,readme.html,https://github.com/Tencent/xLua/blob/master/docs/public/readme.html,,2,E:/系统/桌面/工作区/本学期/大三下/IT项目管理/大作业/Data/KnowledgeBase/processed_clean/dify_import/lua_docs_chunk_4e7b3c1fe295da8c.md,1788,2026-05-27T13:07:32.785684+00:00
chunk_793830b13ac5c3af,lua_32b64dcceab8d55d,lua_docs,lua_hot_update_documentation,readme,xlua,readme.html,https://github.com/Tencent/xLua/blob/master/docs/public/readme.html,,3,E:/系统/桌面/工作区/本学期/大三下/IT项目管理/大作业/Data/KnowledgeBase/processed_clean/dify_import/lua_docs_chunk_793830b13ac5c3af.md,1768,2026-05-27T13:07:32.787723+00:00
chunk_01d63743697170c1,lua_32b64dcceab8d55d,lua_docs,lua_hot_update_documentation,readme,xlua,readme.html,https://github.com/Tencent/xLua/blob/master/docs/public/readme.html,,4,E:/系统/桌面/工作区/本学期/大三下/IT项目管理/大作业/Data/KnowledgeBase/processed_clean/dify_import/lua_docs_chunk_01d63743697170c1.md,1800,2026-05-27T13:07:32.791752+00:00
chunk_17dbe5af2ccaa73c,lua_32b64dcceab8d55d,lua_docs,lua_hot_update_documentation,readme,xlua,readme.html,https://github.com/Tencent/xLua/blob/master/docs/public/readme.html,,5,E:/系统/桌面/工作区/本学期/大三下/IT项目管理/大作业/Data/KnowledgeBase/processed_clean/dify_import/lua_docs_chunk_17dbe5af2ccaa73c.md,1794,2026-05-27T13:07:32.792992+00:00
chunk_c2b1f71a21cbc51a,lua_32b64dcceab8d55d,lua_docs,lua_hot_update_documentation,readme,xlua,readme.html,https://github.com/Tencent/xLua/blob/master/docs/public/readme.html,,6,E:/系统/桌面/工作区/本学期/大三下/IT项目管理/大作业/Data/KnowledgeBase/processed_clean/dify_import/lua_docs_chunk_c2b1f71a21cbc51a.md,1346,2026-05-27T13:07:32.794925+00:00
chunk_68527f66e754c4bc,lua_b910e4fd4e3efdd1,lua_docs,lua_hot_update_documentation,readme,xlua,readme.md,https://github.com/Tencent/xLua/tree/master/docs/source/src/readme.md,,1,E:/系统/桌面/工作区/本学期/大三下/IT项目管理/大作业/Data/KnowledgeBase/processed_clean/dify_import/lua_docs_chunk_68527f66e754c4bc.md,634,2026-05-27T13:07:32.799370+00:00
chunk_da7db9c3dc1686cd,lua_96bf69019b36748a,lua_docs,lua_hot_update_documentation,guide,xlua,logo.mat,https://github.com/Tencent/xLua/blob/master/Assets/XLua/Doc/Materials/logo.mat,,1,E:/系统/桌面/工作区/本学期/大三下/IT项目管理/大作业/Data/KnowledgeBase/processed_clean/dify_import/lua_docs_chunk_da7db9c3dc1686cd.md,568,2026-05-27T13:07:32.801740+00:00
chunk_d20549353cb0ce7e,lua_d19a0d511156a97d,lua_docs,lua_hot_update_documentation,guide,xlua,logo.mat.meta,https://github.com/Tencent/xLua/blob/master/Assets/XLua/Doc/Materials/logo.mat.meta,,1,E:/系统/桌面/工作区/本学期/大三下/IT项目管理/大作业/Data/KnowledgeBase/processed_clean/dify_import/lua_docs_chunk_d20549353cb0ce7e.md,768,2026-05-27T13:07:32.805369+00:00
chunk_19a084a1ed05e098,lua_49fcd701ae5d347e,lua_docs,lua_hot_update_documentation,guide,xlua,patch,https://github.com/Tencent/xLua/tree/master/docs/source/patch,,1,E:/系统/桌面/工作区/本学期/大三下/IT项目管理/大作业/Data/KnowledgeBase/processed_clean/dify_import/lua_docs_chunk_19a084a1ed05e098.md,646,2026-05-27T13:07:32.809102+00:00
chunk_4b387579109e76f3,lua_7400e75e8c1a3e68,lua_docs,lua_hot_update_documentation,guide,xlua,highlight.js,https://github.com/Tencent/xLua/tree/master/docs/source/patch/highlight.js,,1,E:/系统/桌面/工作区/本学期/大三下/IT项目管理/大作业/Data/KnowledgeBase/processed_clean/dify_import/lua_docs_chunk_4b387579109e76f3.md,650,2026-05-27T13:07:32.811589+00:00
chunk_3d768728ebf37536,lua_7004e9abb52fbbca,lua_docs,lua_hot_update_documentation,guide,xlua,lib,https://github.com/Tencent/xLua/tree/master/docs/source/patch/highlight.js/lib,,1,E:/系统/桌面/工作区/本学期/大三下/IT项目管理/大作业/Data/KnowledgeBase/processed_clean/dify_import/lua_docs_chunk_3d768728ebf37536.md,615,2026-05-27T13:07:32.813817+00:00
chunk_371d677f5dc82539,lua_9fc3704594602c36,lua_docs,lua_hot_update_documentation,guide,xlua,cs.js,https://github.com/Tencent/xLua/blob/master/docs/source/patch/highlight.js/lib/languages/cs.js,,1,E:/系统/桌面/工作区/本学期/大三下/IT项目管理/大作业/Data/KnowledgeBase/processed_clean/dify_import/lua_docs_chunk_371d677f5dc82539.md,1767,2026-05-27T13:07:32.820209+00:00
chunk_26787f1e2e94e514,lua_9fc3704594602c36,lua_docs,lua_hot_update_documentation,guide,xlua,cs.js,https://github.com/Tencent/xLua/blob/master/docs/source/patch/highlight.js/lib/languages/cs.js,,2,E:/系统/桌面/工作区/本学期/大三下/IT项目管理/大作业/Data/KnowledgeBase/processed_clean/dify_import/lua_docs_chunk_26787f1e2e94e514.md,1789,2026-05-27T13:07:32.821520+00:00
chunk_ef72d04dd1cdf4fd,lua_9fc3704594602c36,lua_docs,lua_hot_update_documentation,guide,xlua,cs.js,https://github.com/Tencent/xLua/blob/master/docs/source/patch/highlight.js/lib/languages/cs.js,,3,E:/系统/桌面/工作区/本学期/大三下/IT项目管理/大作业/Data/KnowledgeBase/processed_clean/dify_import/lua_docs_chunk_ef72d04dd1cdf4fd.md,1789,2026-05-27T13:07:32.825698+00:00
chunk_baebec38bb9805cf,lua_9fc3704594602c36,lua_docs,lua_hot_update_documentation,guide,xlua,cs.js,https://github.com/Tencent/xLua/blob/master/docs/source/patch/highlight.js/lib/languages/cs.js,,4,E:/系统/桌面/工作区/本学期/大三下/IT项目管理/大作业/Data/KnowledgeBase/processed_clean/dify_import/lua_docs_chunk_baebec38bb9805cf.md,1213,2026-05-27T13:07:32.827041+00:00
chunk_d856ba41360e451e,lua_c5911c5b45072ac9,lua_docs,lua_hot_update_documentation,guide,xlua,themes,https://github.com/Tencent/xLua/tree/master/docs/source/themes,,1,E:/系统/桌面/工作区/本学期/大三下/IT项目管理/大作业/Data/KnowledgeBase/processed_clean/dify_import/lua_docs_chunk_d856ba41360e451e.md,602,2026-05-27T13:07:32.829739+00:00
chunk_ce03314de6bdeb30,lua_53336e0f76c558d8,lua_docs,lua_hot_update_documentation,guide,xlua,layout,https://github.com/Tencent/xLua/tree/master/docs/source/themes/catlib/layout,,1,E:/系统/桌面/工作区/本学期/大三下/IT项目管理/大作业/Data/KnowledgeBase/processed_clean/dify_import/lua_docs_chunk_ce03314de6bdeb30.md,686,2026-05-27T13:07:32.832485+00:00
chunk_b4baa2f588cb96e2,lua_a1dde72502f522b3,lua_docs,lua_hot_update_documentation,guide,xlua,source,https://github.com/Tencent/xLua/tree/master/docs/source/themes/catlib/source,,1,E:/系统/桌面/工作区/本学期/大三下/IT项目管理/大作业/Data/KnowledgeBase/processed_clean/dify_import/lua_docs_chunk_b4baa2f588cb96e2.md,634,2026-05-27T13:07:32.835048+00:00
chunk_f58600efbad45755,lua_7dc85c17608beb07,lua_docs,lua_hot_update_documentation,guide,xlua,_config.yml,https://github.com/Tencent/xLua/blob/master/docs/source/themes/catlib/_config.yml,,1,E:/系统/桌面/工作区/本学期/大三下/IT项目管理/大作业/Data/KnowledgeBase/processed_clean/dify_import/lua_docs_chunk_f58600efbad45755.md,909,2026-05-27T13:07:32.844896+00:00
chunk_e53b14f94cbb7e2e,lua_a703a534175b4df1,lua_docs,lua_hot_update_documentation,readme,xlua,index.css,https://github.com/Tencent/xLua/blob/master/docs/public/css/index.css,,1,E:/系统/桌面/工作区/本学期/大三下/IT项目管理/大作业/Data/KnowledgeBase/processed_clean/dify_import/lua_docs_chunk_e53b14f94cbb7e2e.md,1798,2026-05-27T13:07:32.851809+00:00
chunk_f502335aadf14fa5,lua_a703a534175b4df1,lua_docs,lua_hot_update_documentation,readme,xlua,index.css,https://github.com/Tencent/xLua/blob/master/docs/public/css/index.css,,2,E:/系统/桌面/工作区/本学期/大三下/IT项目管理/大作业/Data/KnowledgeBase/processed_clean/dify_import/lua_docs_chunk_f502335aadf14fa5.md,1794,2026-05-27T13:07:32.853988+00:00
chunk_fb87cfeb3ebce2e8,lua_a703a534175b4df1,lua_docs,lua_hot_update_documentation,readme,xlua,index.css,https://github.com/Tencent/xLua/blob/master/docs/public/css/index.css,,3,E:/系统/桌面/工作区/本学期/大三下/IT项目管理/大作业/Data/KnowledgeBase/processed_clean/dify_import/lua_docs_chunk_fb87cfeb3ebce2e8.md,1798,2026-05-27T13:07:32.855678+00:00
chunk_9cb53acb8442351d,lua_a703a534175b4df1,lua_docs,lua_hot_update_documentation,readme,xlua,index.css,https://github.com/Tencent/xLua/blob/master/docs/public/css/index.css,,4,E:/系统/桌面/工作区/本学期/大三下/IT项目管理/大作业/Data/KnowledgeBase/processed_clean/dify_import/lua_docs_chunk_9cb53acb8442351d.md,1790,2026-05-27T13:07:32.857058+00:00
chunk_cba99039cd2c6e7c,lua_a703a534175b4df1,lua_docs,lua_hot_update_documentation,readme,xlua,index.css,https://github.com/Tencent/xLua/blob/master/docs/public/css/index.css,,5,E:/系统/桌面/工作区/本学期/大三下/IT项目管理/大作业/Data/KnowledgeBase/processed_clean/dify_import/lua_docs_chunk_cba99039cd2c6e7c.md,790,2026-05-27T13:07:32.858256+00:00
chunk_1eb422f709074737,lua_b54f413c10be48e9,lua_docs,lua_hot_update_documentation,readme,xlua,page.css,https://github.com/Tencent/xLua/blob/master/docs/public/css/page.css,,1,E:/系统/桌面/工作区/本学期/大三下/IT项目管理/大作业/Data/KnowledgeBase/processed_clean/dify_import/lua_docs_chunk_1eb422f709074737.md,1799,2026-05-27T13:07:32.867101+00:00
chunk_a33b563265a2c02d,lua_b54f413c10be48e9,lua_docs,lua_hot_update_documentation,readme,xlua,page.css,https://github.com/Tencent/xLua/blob/master/docs/public/css/page.css,,2,E:/系统/桌面/工作区/本学期/大三下/IT项目管理/大作业/Data/KnowledgeBase/processed_clean/dify_import/lua_docs_chunk_a33b563265a2c02d.md,1799,2026-05-27T13:07:32.869040+00:00
chunk_365ed96893d4f0aa,lua_b54f413c10be48e9,lua_docs,lua_hot_update_documentation,readme,xlua,page.css,https://github.com/Tencent/xLua/blob/master/docs/public/css/page.css,,3,E:/系统/桌面/工作区/本学期/大三下/IT项目管理/大作业/Data/KnowledgeBase/processed_clean/dify_import/lua_docs_chunk_365ed96893d4f0aa.md,1795,2026-05-27T13:07:32.870737+00:00
chunk_2ffbafa70c940598,lua_b54f413c10be48e9,lua_docs,lua_hot_update_documentation,readme,xlua,page.css,https://github.com/Tencent/xLua/blob/master/docs/public/css/page.css,,4,E:/系统/桌面/工作区/本学期/大三下/IT项目管理/大作业/Data/KnowledgeBase/processed_clean/dify_import/lua_docs_chunk_2ffbafa70c940598.md,1788,2026-05-27T13:07:32.872059+00:00
chunk_c0d490405a3a94fa,lua_b54f413c10be48e9,lua_docs,lua_hot_update_documentation,readme,xlua,page.css,https://github.com/Tencent/xLua/blob/master/docs/public/css/page.css,,5,E:/系统/桌面/工作区/本学期/大三下/IT项目管理/大作业/Data/KnowledgeBase/processed_clean/dify_import/lua_docs_chunk_c0d490405a3a94fa.md,1800,2026-05-27T13:07:32.877358+00:00
chunk_2cc3aea9327becde,lua_b54f413c10be48e9,lua_docs,lua_hot_update_documentation,readme,xlua,page.css,https://github.com/Tencent/xLua/blob/master/docs/public/css/page.css,,6,E:/系统/桌面/工作区/本学期/大三下/IT项目管理/大作业/Data/KnowledgeBase/processed_clean/dify_import/lua_docs_chunk_2cc3aea9327becde.md,1797,2026-05-27T13:07:32.878548+00:00
chunk_5442df3faad755cd,lua_b54f413c10be48e9,lua_docs,lua_hot_update_documentation,readme,xlua,page.css,https://github.com/Tencent/xLua/blob/master/docs/public/css/page.css,,7,E:/系统/桌面/工作区/本学期/大三下/IT项目管理/大作业/Data/KnowledgeBase/processed_clean/dify_import/lua_docs_chunk_5442df3faad755cd.md,1800,2026-05-27T13:07:32.880005+00:00
chunk_8206bbaec9f59ba7,lua_b54f413c10be48e9,lua_docs,lua_hot_update_documentation,readme,xlua,page.css,https://github.com/Tencent/xLua/blob/master/docs/public/css/page.css,,8,E:/系统/桌面/工作区/本学期/大三下/IT项目管理/大作业/Data/KnowledgeBase/processed_clean/dify_import/lua_docs_chunk_8206bbaec9f59ba7.md,1800,2026-05-27T13:07:32.881707+00:00
chunk_94c800fc5e99a526,lua_b54f413c10be48e9,lua_docs,lua_hot_update_documentation,readme,xlua,page.css,https://github.com/Tencent/xLua/blob/master/docs/public/css/page.css,,9,E:/系统/桌面/工作区/本学期/大三下/IT项目管理/大作业/Data/KnowledgeBase/processed_clean/dify_import/lua_docs_chunk_94c800fc5e99a526.md,1799,2026-05-27T13:07:32.883966+00:00
chunk_688d2c51b25520f7,lua_b54f413c10be48e9,lua_docs,lua_hot_update_documentation,readme,xlua,page.css,https://github.com/Tencent/xLua/blob/master/docs/public/css/page.css,,10,E:/系统/桌面/工作区/本学期/大三下/IT项目管理/大作业/Data/KnowledgeBase/processed_clean/dify_import/lua_docs_chunk_688d2c51b25520f7.md,924,2026-05-27T13:07:32.886860+00:00
chunk_f6f5b1d66ade9775,lua_09dd7658c2c53cdb,lua_docs,lua_hot_update_documentation,readme,xlua,github.png,https://github.com/Tencent/xLua/blob/master/docs/public/images/github.png,,1,E:/系统/桌面/工作区/本学期/大三下/IT项目管理/大作业/Data/KnowledgeBase/processed_clean/dify_import/lua_docs_chunk_f6f5b1d66ade9775.md,527,2026-05-27T13:07:32.890129+00:00
chunk_d75b0e3a00424b48,lua_7ca698be0d7e6d6c,lua_docs,lua_hot_update_documentation,readme,xlua,logo.png,https://github.com/Tencent/xLua/blob/master/docs/public/images/logo.png,,1,E:/系统/桌面/工作区/本学期/大三下/IT项目管理/大作业/Data/KnowledgeBase/processed_clean/dify_import/lua_docs_chunk_d75b0e3a00424b48.md,519,2026-05-27T13:07:32.893154+00:00
chunk_237d96d637efe399,lua_b65f59ffe14faaa7,lua_docs,lua_hot_update_documentation,readme,xlua,power.png,https://github.com/Tencent/xLua/blob/master/docs/public/images/power.png,,1,E:/系统/桌面/工作区/本学期/大三下/IT项目管理/大作业/Data/KnowledgeBase/processed_clean/dify_import/lua_docs_chunk_237d96d637efe399.md,523,2026-05-27T13:07:32.895936+00:00
chunk_0f70195f3b52ee8c,lua_28829a575b816379,lua_docs,lua_hot_update_documentation,readme,xlua,quick.png,https://github.com/Tencent/xLua/blob/master/docs/public/images/quick.png,,1,E:/系统/桌面/工作区/本学期/大三下/IT项目管理/大作业/Data/KnowledgeBase/processed_clean/dify_import/lua_docs_chunk_0f70195f3b52ee8c.md,523,2026-05-27T13:07:32.898205+00:00
chunk_9064ea99f9ac408a,lua_c9824118144857c8,lua_docs,lua_hot_update_documentation,readme,xlua,reliable.png,https://github.com/Tencent/xLua/blob/master/docs/public/images/reliable.png,,1,E:/系统/桌面/工作区/本学期/大三下/IT项目管理/大作业/Data/KnowledgeBase/processed_clean/dify_import/lua_docs_chunk_9064ea99f9ac408a.md,535,2026-05-27T13:07:32.900972+00:00
chunk_7b2549fb2475566b,lua_f58615cb7f9acb46,lua_docs,lua_hot_update_documentation,readme,xlua,search.focus.png,https://github.com/Tencent/xLua/blob/master/docs/public/images/search.focus.png,,1,E:/系统/桌面/工作区/本学期/大三下/IT项目管理/大作业/Data/KnowledgeBase/processed_clean/dify_import/lua_docs_chunk_7b2549fb2475566b.md,555,2026-05-27T13:07:32.903914+00:00
chunk_4e0fa92c6f304f07,lua_07ce699c6a168d16,lua_docs,lua_hot_update_documentation,readme,xlua,search.png,https://github.com/Tencent/xLua/blob/master/docs/public/images/search.png,,1,E:/系统/桌面/工作区/本学期/大三下/IT项目管理/大作业/Data/KnowledgeBase/processed_clean/dify_import/lua_docs_chunk_4e0fa92c6f304f07.md,527,2026-05-27T13:07:32.906914+00:00
chunk_0934077d794299cf,lua_2483ab2cbb732d34,lua_docs,lua_hot_update_documentation,readme,xlua,simple.png,https://github.com/Tencent/xLua/blob/master/docs/public/images/simple.png,,1,E:/系统/桌面/工作区/本学期/大三下/IT项目管理/大作业/Data/KnowledgeBase/processed_clean/dify_import/lua_docs_chunk_0934077d794299cf.md,527,2026-05-27T13:07:32.909849+00:00
chunk_6a80ee2dfe35d12f,lua_071a6282dc4f2c2c,lua_docs,lua_hot_update_documentation,readme,xlua,jquery.js,https://github.com/Tencent/xLua/blob/master/docs/public/js/jquery.js,,1,E:/系统/桌面/工作区/本学期/大三下/IT项目管理/大作业/Data/KnowledgeBase/processed_clean/dify_import/lua_docs_chunk_6a80ee2dfe35d12f.md,720,2026-05-27T13:07:32.919575+00:00
chunk_c154ebcf1b0dc833,lua_071a6282dc4f2c2c,lua_docs,lua_hot_update_documentation,readme,xlua,jquery.js,https://github.com/Tencent/xLua/blob/master/docs/public/js/jquery.js,,2,E:/系统/桌面/工作区/本学期/大三下/IT项目管理/大作业/Data/KnowledgeBase/processed_clean/dify_import/lua_docs_chunk_c154ebcf1b0dc833.md,1800,2026-05-27T13:07:32.921543+00:00
chunk_24ab750a386b1a1e,lua_071a6282dc4f2c2c,lua_docs,lua_hot_update_documentation,readme,xlua,jquery.js,https://github.com/Tencent/xLua/blob/master/docs/public/js/jquery.js,,3,E:/系统/桌面/工作区/本学期/大三下/IT项目管理/大作业/Data/KnowledgeBase/processed_clean/dify_import/lua_docs_chunk_24ab750a386b1a1e.md,1800,2026-05-27T13:07:32.923364+00:00
chunk_a7df88fc53c52dd6,lua_071a6282dc4f2c2c,lua_docs,lua_hot_update_documentation,readme,xlua,jquery.js,https://github.com/Tencent/xLua/blob/master/docs/public/js/jquery.js,,4,E:/系统/桌面/工作区/本学期/大三下/IT项目管理/大作业/Data/KnowledgeBase/processed_clean/dify_import/lua_docs_chunk_a7df88fc53c52dd6.md,1800,2026-05-27T13:07:32.924752+00:00
chunk_193acbb1396b3288,lua_071a6282dc4f2c2c,lua_docs,lua_hot_update_documentation,readme,xlua,jquery.js,https://github.com/Tencent/xLua/blob/master/docs/public/js/jquery.js,,5,E:/系统/桌面/工作区/本学期/大三下/IT项目管理/大作业/Data/KnowledgeBase/processed_clean/dify_import/lua_docs_chunk_193acbb1396b3288.md,1800,2026-05-27T13:07:32.926186+00:00
chunk_a48c355cc067d72e,lua_071a6282dc4f2c2c,lua_docs,lua_hot_update_documentation,readme,xlua,jquery.js,https://github.com/Tencent/xLua/blob/master/docs/public/js/jquery.js,,6,E:/系统/桌面/工作区/本学期/大三下/IT项目管理/大作业/Data/KnowledgeBase/processed_clean/dify_import/lua_docs_chunk_a48c355cc067d72e.md,1800,2026-05-27T13:07:32.927674+00:00
chunk_48321ca55bd18163,lua_071a6282dc4f2c2c,lua_docs,lua_hot_update_documentation,readme,xlua,jquery.js,https://github.com/Tencent/xLua/blob/master/docs/public/js/jquery.js,,7,E:/系统/桌面/工作区/本学期/大三下/IT项目管理/大作业/Data/KnowledgeBase/processed_clean/dify_import/lua_docs_chunk_48321ca55bd18163.md,1800,2026-05-27T13:07:32.928987+00:00
chunk_e1ed4cd74c119ae7,lua_071a6282dc4f2c2c,lua_docs,lua_hot_update_documentation,readme,xlua,jquery.js,https://github.com/Tencent/xLua/blob/master/docs/public/js/jquery.js,,8,E:/系统/桌面/工作区/本学期/大三下/IT项目管理/大作业/Data/KnowledgeBase/processed_clean/dify_import/lua_docs_chunk_e1ed4cd74c119ae7.md,1800,2026-05-27T13:07:32.930838+00:00
chunk_89c73afa10e53fbd,lua_071a6282dc4f2c2c,lua_docs,lua_hot_update_documentation,readme,xlua,jquery.js,https://github.com/Tencent/xLua/blob/master/docs/public/js/jquery.js,,9,E:/系统/桌面/工作区/本学期/大三下/IT项目管理/大作业/Data/KnowledgeBase/processed_clean/dify_import/lua_docs_chunk_89c73afa10e53fbd.md,1800,2026-05-27T13:07:32.932134+00:00
chunk_993f9a068bd1b4c2,lua_071a6282dc4f2c2c,lua_docs,lua_hot_update_documentation,readme,xlua,jquery.js,https://github.com/Tencent/xLua/blob/master/docs/public/js/jquery.js,,10,E:/系统/桌面/工作区/本学期/大三下/IT项目管理/大作业/Data/KnowledgeBase/processed_clean/dify_import/lua_docs_chunk_993f9a068bd1b4c2.md,1800,2026-05-27T13:07:32.933946+00:00
chunk_b0d4b0019bce6a43,lua_071a6282dc4f2c2c,lua_docs,lua_hot_update_documentation,readme,xlua,jquery.js,https://github.com/Tencent/xLua/blob/master/docs/public/js/jquery.js,,11,E:/系统/桌面/工作区/本学期/大三下/IT项目管理/大作业/Data/KnowledgeBase/processed_clean/dify_import/lua_docs_chunk_b0d4b0019bce6a43.md,1800,2026-05-27T13:07:32.936608+00:00
chunk_224493185d12a62a,lua_071a6282dc4f2c2c,lua_docs,lua_hot_update_documentation,readme,xlua,jquery.js,https://github.com/Tencent/xLua/blob/master/docs/public/js/jquery.js,,12,E:/系统/桌面/工作区/本学期/大三下/IT项目管理/大作业/Data/KnowledgeBase/processed_clean/dify_import/lua_docs_chunk_224493185d12a62a.md,1800,2026-05-27T13:07:32.937886+00:00
chunk_581d6003eb2fc930,lua_071a6282dc4f2c2c,lua_docs,lua_hot_update_documentation,readme,xlua,jquery.js,https://github.com/Tencent/xLua/blob/master/docs/public/js/jquery.js,,13,E:/系统/桌面/工作区/本学期/大三下/IT项目管理/大作业/Data/KnowledgeBase/processed_clean/dify_import/lua_docs_chunk_581d6003eb2fc930.md,1800,2026-05-27T13:07:32.939230+00:00
chunk_729ffc1e17c7bf64,lua_071a6282dc4f2c2c,lua_docs,lua_hot_update_documentation,readme,xlua,jquery.js,https://github.com/Tencent/xLua/blob/master/docs/public/js/jquery.js,,14,E:/系统/桌面/工作区/本学期/大三下/IT项目管理/大作业/Data/KnowledgeBase/processed_clean/dify_import/lua_docs_chunk_729ffc1e17c7bf64.md,1800,2026-05-27T13:07:32.940605+00:00
chunk_0c8181f2cd99e40d,lua_071a6282dc4f2c2c,lua_docs,lua_hot_update_documentation,readme,xlua,jquery.js,https://github.com/Tencent/xLua/blob/master/docs/public/js/jquery.js,,15,E:/系统/桌面/工作区/本学期/大三下/IT项目管理/大作业/Data/KnowledgeBase/processed_clean/dify_import/lua_docs_chunk_0c8181f2cd99e40d.md,1800,2026-05-27T13:07:32.941904+00:00
chunk_4d14cc767718dee8,lua_071a6282dc4f2c2c,lua_docs,lua_hot_update_documentation,readme,xlua,jquery.js,https://github.com/Tencent/xLua/blob/master/docs/public/js/jquery.js,,16,E:/系统/桌面/工作区/本学期/大三下/IT项目管理/大作业/Data/KnowledgeBase/processed_clean/dify_import/lua_docs_chunk_4d14cc767718dee8.md,1800,2026-05-27T13:07:32.943424+00:00
chunk_a780b3e5345f4fb8,lua_071a6282dc4f2c2c,lua_docs,lua_hot_update_documentation,readme,xlua,jquery.js,https://github.com/Tencent/xLua/blob/master/docs/public/js/jquery.js,,17,E:/系统/桌面/工作区/本学期/大三下/IT项目管理/大作业/Data/KnowledgeBase/processed_clean/dify_import/lua_docs_chunk_a780b3e5345f4fb8.md,1800,2026-05-27T13:07:32.944870+00:00
chunk_ab89a17fc77ead84,lua_071a6282dc4f2c2c,lua_docs,lua_hot_update_documentation,readme,xlua,jquery.js,https://github.com/Tencent/xLua/blob/master/docs/public/js/jquery.js,,18,E:/系统/桌面/工作区/本学期/大三下/IT项目管理/大作业/Data/KnowledgeBase/processed_clean/dify_import/lua_docs_chunk_ab89a17fc77ead84.md,1800,2026-05-27T13:07:32.946287+00:00
chunk_b34789db2d52b1d5,lua_071a6282dc4f2c2c,lua_docs,lua_hot_update_documentation,readme,xlua,jquery.js,https://github.com/Tencent/xLua/blob/master/docs/public/js/jquery.js,,19,E:/系统/桌面/工作区/本学期/大三下/IT项目管理/大作业/Data/KnowledgeBase/processed_clean/dify_import/lua_docs_chunk_b34789db2d52b1d5.md,1800,2026-05-27T13:07:32.947898+00:00
chunk_aeb71c890430f1f2,lua_071a6282dc4f2c2c,lua_docs,lua_hot_update_documentation,readme,xlua,jquery.js,https://github.com/Tencent/xLua/blob/master/docs/public/js/jquery.js,,20,E:/系统/桌面/工作区/本学期/大三下/IT项目管理/大作业/Data/KnowledgeBase/processed_clean/dify_import/lua_docs_chunk_aeb71c890430f1f2.md,1800,2026-05-27T13:07:32.949473+00:00
chunk_d32c441df322b23b,lua_071a6282dc4f2c2c,lua_docs,lua_hot_update_documentation,readme,xlua,jquery.js,https://github.com/Tencent/xLua/blob/master/docs/public/js/jquery.js,,21,E:/系统/桌面/工作区/本学期/大三下/IT项目管理/大作业/Data/KnowledgeBase/processed_clean/dify_import/lua_docs_chunk_d32c441df322b23b.md,1253,2026-05-27T13:07:32.951024+00:00
chunk_cba27462e48b352b,lua_071a6282dc4f2c2c,lua_docs,lua_hot_update_documentation,readme,xlua,jquery.js,https://github.com/Tencent/xLua/blob/master/docs/public/js/jquery.js,,22,E:/系统/桌面/工作区/本学期/大三下/IT项目管理/大作业/Data/KnowledgeBase/processed_clean/dify_import/lua_docs_chunk_cba27462e48b352b.md,1800,2026-05-27T13:07:32.952388+00:00
chunk_fa41969c77f8e7b3,lua_071a6282dc4f2c2c,lua_docs,lua_hot_update_documentation,readme,xlua,jquery.js,https://github.com/Tencent/xLua/blob/master/docs/public/js/jquery.js,,23,E:/系统/桌面/工作区/本学期/大三下/IT项目管理/大作业/Data/KnowledgeBase/processed_clean/dify_import/lua_docs_chunk_fa41969c77f8e7b3.md,1800,2026-05-27T13:07:32.953871+00:00
chunk_233ca357289f48b3,lua_071a6282dc4f2c2c,lua_docs,lua_hot_update_documentation,readme,xlua,jquery.js,https://github.com/Tencent/xLua/blob/master/docs/public/js/jquery.js,,24,E:/系统/桌面/工作区/本学期/大三下/IT项目管理/大作业/Data/KnowledgeBase/processed_clean/dify_import/lua_docs_chunk_233ca357289f48b3.md,1800,2026-05-27T13:07:32.955103+00:00
chunk_ff55e09df1b0281a,lua_071a6282dc4f2c2c,lua_docs,lua_hot_update_documentation,readme,xlua,jquery.js,https://github.com/Tencent/xLua/blob/master/docs/public/js/jquery.js,,25,E:/系统/桌面/工作区/本学期/大三下/IT项目管理/大作业/Data/KnowledgeBase/processed_clean/dify_import/lua_docs_chunk_ff55e09df1b0281a.md,1800,2026-05-27T13:07:32.956318+00:00
chunk_6ffee970fdb5dc75,lua_071a6282dc4f2c2c,lua_docs,lua_hot_update_documentation,readme,xlua,jquery.js,https://github.com/Tencent/xLua/blob/master/docs/public/js/jquery.js,,26,E:/系统/桌面/工作区/本学期/大三下/IT项目管理/大作业/Data/KnowledgeBase/processed_clean/dify_import/lua_docs_chunk_6ffee970fdb5dc75.md,1800,2026-05-27T13:07:32.957780+00:00
chunk_b1f45061522393d5,lua_071a6282dc4f2c2c,lua_docs,lua_hot_update_documentation,readme,xlua,jquery.js,https://github.com/Tencent/xLua/blob/master/docs/public/js/jquery.js,,27,E:/系统/桌面/工作区/本学期/大三下/IT项目管理/大作业/Data/KnowledgeBase/processed_clean/dify_import/lua_docs_chunk_b1f45061522393d5.md,1800,2026-05-27T13:07:32.959549+00:00
chunk_af141f5cb815cffc,lua_071a6282dc4f2c2c,lua_docs,lua_hot_update_documentation,readme,xlua,jquery.js,https://github.com/Tencent/xLua/blob/master/docs/public/js/jquery.js,,28,E:/系统/桌面/工作区/本学期/大三下/IT项目管理/大作业/Data/KnowledgeBase/processed_clean/dify_import/lua_docs_chunk_af141f5cb815cffc.md,1800,2026-05-27T13:07:32.962346+00:00
chunk_7a401d2fb475b03c,lua_071a6282dc4f2c2c,lua_docs,lua_hot_update_documentation,readme,xlua,jquery.js,https://github.com/Tencent/xLua/blob/master/docs/public/js/jquery.js,,29,E:/系统/桌面/工作区/本学期/大三下/IT项目管理/大作业/Data/KnowledgeBase/processed_clean/dify_import/lua_docs_chunk_7a401d2fb475b03c.md,1800,2026-05-27T13:07:32.964222+00:00
chunk_4df66b0c7ca97a12,lua_071a6282dc4f2c2c,lua_docs,lua_hot_update_documentation,readme,xlua,jquery.js,https://github.com/Tencent/xLua/blob/master/docs/public/js/jquery.js,,30,E:/系统/桌面/工作区/本学期/大三下/IT项目管理/大作业/Data/KnowledgeBase/processed_clean/dify_import/lua_docs_chunk_4df66b0c7ca97a12.md,1800,2026-05-27T13:07:32.965744+00:00
chunk_598a1fe3104ff206,lua_071a6282dc4f2c2c,lua_docs,lua_hot_update_documentation,readme,xlua,jquery.js,https://github.com/Tencent/xLua/blob/master/docs/public/js/jquery.js,,31,E:/系统/桌面/工作区/本学期/大三下/IT项目管理/大作业/Data/KnowledgeBase/processed_clean/dify_import/lua_docs_chunk_598a1fe3104ff206.md,1800,2026-05-27T13:07:32.967116+00:00
chunk_9b26bd2da8881be8,lua_071a6282dc4f2c2c,lua_docs,lua_hot_update_documentation,readme,xlua,jquery.js,https://github.com/Tencent/xLua/blob/master/docs/public/js/jquery.js,,32,E:/系统/桌面/工作区/本学期/大三下/IT项目管理/大作业/Data/KnowledgeBase/processed_clean/dify_import/lua_docs_chunk_9b26bd2da8881be8.md,1800,2026-05-27T13:07:32.968602+00:00
chunk_a35fea1c43af9146,lua_071a6282dc4f2c2c,lua_docs,lua_hot_update_documentation,readme,xlua,jquery.js,https://github.com/Tencent/xLua/blob/master/docs/public/js/jquery.js,,33,E:/系统/桌面/工作区/本学期/大三下/IT项目管理/大作业/Data/KnowledgeBase/processed_clean/dify_import/lua_docs_chunk_a35fea1c43af9146.md,1800,2026-05-27T13:07:32.969764+00:00
chunk_ff40ab899a3f11c4,lua_071a6282dc4f2c2c,lua_docs,lua_hot_update_documentation,readme,xlua,jquery.js,https://github.com/Tencent/xLua/blob/master/docs/public/js/jquery.js,,34,E:/系统/桌面/工作区/本学期/大三下/IT项目管理/大作业/Data/KnowledgeBase/processed_clean/dify_import/lua_docs_chunk_ff40ab899a3f11c4.md,1800,2026-05-27T13:07:32.971026+00:00
chunk_de07592910dc3d74,lua_071a6282dc4f2c2c,lua_docs,lua_hot_update_documentation,readme,xlua,jquery.js,https://github.com/Tencent/xLua/blob/master/docs/public/js/jquery.js,,35,E:/系统/桌面/工作区/本学期/大三下/IT项目管理/大作业/Data/KnowledgeBase/processed_clean/dify_import/lua_docs_chunk_de07592910dc3d74.md,1800,2026-05-27T13:07:32.972690+00:00
chunk_52ee4645bdbbea04,lua_071a6282dc4f2c2c,lua_docs,lua_hot_update_documentation,readme,xlua,jquery.js,https://github.com/Tencent/xLua/blob/master/docs/public/js/jquery.js,,36,E:/系统/桌面/工作区/本学期/大三下/IT项目管理/大作业/Data/KnowledgeBase/processed_clean/dify_import/lua_docs_chunk_52ee4645bdbbea04.md,1800,2026-05-27T13:07:32.973905+00:00
chunk_d8ab2b5b7df1fad4,lua_071a6282dc4f2c2c,lua_docs,lua_hot_update_documentation,readme,xlua,jquery.js,https://github.com/Tencent/xLua/blob/master/docs/public/js/jquery.js,,37,E:/系统/桌面/工作区/本学期/大三下/IT项目管理/大作业/Data/KnowledgeBase/processed_clean/dify_import/lua_docs_chunk_d8ab2b5b7df1fad4.md,1800,2026-05-27T13:07:32.975095+00:00
chunk_d162a4e48bdec7bb,lua_071a6282dc4f2c2c,lua_docs,lua_hot_update_documentation,readme,xlua,jquery.js,https://github.com/Tencent/xLua/blob/master/docs/public/js/jquery.js,,38,E:/系统/桌面/工作区/本学期/大三下/IT项目管理/大作业/Data/KnowledgeBase/processed_clean/dify_import/lua_docs_chunk_d162a4e48bdec7bb.md,1800,2026-05-27T13:07:32.976387+00:00
chunk_24d84382d3db9778,lua_071a6282dc4f2c2c,lua_docs,lua_hot_update_documentation,readme,xlua,jquery.js,https://github.com/Tencent/xLua/blob/master/docs/public/js/jquery.js,,39,E:/系统/桌面/工作区/本学期/大三下/IT项目管理/大作业/Data/KnowledgeBase/processed_clean/dify_import/lua_docs_chunk_24d84382d3db9778.md,1800,2026-05-27T13:07:32.977871+00:00
chunk_b49dc172a5d38833,lua_071a6282dc4f2c2c,lua_docs,lua_hot_update_documentation,readme,xlua,jquery.js,https://github.com/Tencent/xLua/blob/master/docs/public/js/jquery.js,,40,E:/系统/桌面/工作区/本学期/大三下/IT项目管理/大作业/Data/KnowledgeBase/processed_clean/dify_import/lua_docs_chunk_b49dc172a5d38833.md,1800,2026-05-27T13:07:32.979058+00:00
chunk_bad9e43fd580d31a,lua_071a6282dc4f2c2c,lua_docs,lua_hot_update_documentation,readme,xlua,jquery.js,https://github.com/Tencent/xLua/blob/master/docs/public/js/jquery.js,,41,E:/系统/桌面/工作区/本学期/大三下/IT项目管理/大作业/Data/KnowledgeBase/processed_clean/dify_import/lua_docs_chunk_bad9e43fd580d31a.md,1278,2026-05-27T13:07:32.980188+00:00
chunk_4f42dd2daa71eb66,lua_071a6282dc4f2c2c,lua_docs,lua_hot_update_documentation,readme,xlua,jquery.js,https://github.com/Tencent/xLua/blob/master/docs/public/js/jquery.js,,42,E:/系统/桌面/工作区/本学期/大三下/IT项目管理/大作业/Data/KnowledgeBase/processed_clean/dify_import/lua_docs_chunk_4f42dd2daa71eb66.md,1800,2026-05-27T13:07:32.981352+00:00
chunk_48919ecdafe6a240,lua_071a6282dc4f2c2c,lua_docs,lua_hot_update_documentation,readme,xlua,jquery.js,https://github.com/Tencent/xLua/blob/master/docs/public/js/jquery.js,,43,E:/系统/桌面/工作区/本学期/大三下/IT项目管理/大作业/Data/KnowledgeBase/processed_clean/dify_import/lua_docs_chunk_48919ecdafe6a240.md,1800,2026-05-27T13:07:32.982757+00:00
chunk_120a8f3985c9ebf2,lua_071a6282dc4f2c2c,lua_docs,lua_hot_update_documentation,readme,xlua,jquery.js,https://github.com/Tencent/xLua/blob/master/docs/public/js/jquery.js,,44,E:/系统/桌面/工作区/本学期/大三下/IT项目管理/大作业/Data/KnowledgeBase/processed_clean/dify_import/lua_docs_chunk_120a8f3985c9ebf2.md,1800,2026-05-27T13:07:32.983929+00:00
chunk_24a41175632b87be,lua_071a6282dc4f2c2c,lua_docs,lua_hot_update_documentation,readme,xlua,jquery.js,https://github.com/Tencent/xLua/blob/master/docs/public/js/jquery.js,,45,E:/系统/桌面/工作区/本学期/大三下/IT项目管理/大作业/Data/KnowledgeBase/processed_clean/dify_import/lua_docs_chunk_24a41175632b87be.md,1800,2026-05-27T13:07:32.985148+00:00
chunk_02a4bc3d3314180d,lua_071a6282dc4f2c2c,lua_docs,lua_hot_update_documentation,readme,xlua,jquery.js,https://github.com/Tencent/xLua/blob/master/docs/public/js/jquery.js,,46,E:/系统/桌面/工作区/本学期/大三下/IT项目管理/大作业/Data/KnowledgeBase/processed_clean/dify_import/lua_docs_chunk_02a4bc3d3314180d.md,1800,2026-05-27T13:07:32.986364+00:00
chunk_5c0f2a85ab092e51,lua_071a6282dc4f2c2c,lua_docs,lua_hot_update_documentation,readme,xlua,jquery.js,https://github.com/Tencent/xLua/blob/master/docs/public/js/jquery.js,,47,E:/系统/桌面/工作区/本学期/大三下/IT项目管理/大作业/Data/KnowledgeBase/processed_clean/dify_import/lua_docs_chunk_5c0f2a85ab092e51.md,1800,2026-05-27T13:07:32.987881+00:00
chunk_ab25c7ee285b9205,lua_071a6282dc4f2c2c,lua_docs,lua_hot_update_documentation,readme,xlua,jquery.js,https://github.com/Tencent/xLua/blob/master/docs/public/js/jquery.js,,48,E:/系统/桌面/工作区/本学期/大三下/IT项目管理/大作业/Data/KnowledgeBase/processed_clean/dify_import/lua_docs_chunk_ab25c7ee285b9205.md,1800,2026-05-27T13:07:32.988980+00:00
chunk_fb77d9993a8aaa1d,lua_071a6282dc4f2c2c,lua_docs,lua_hot_update_documentation,readme,xlua,jquery.js,https://github.com/Tencent/xLua/blob/master/docs/public/js/jquery.js,,49,E:/系统/桌面/工作区/本学期/大三下/IT项目管理/大作业/Data/KnowledgeBase/processed_clean/dify_import/lua_docs_chunk_fb77d9993a8aaa1d.md,1800,2026-05-27T13:07:32.990190+00:00
chunk_f9cdda136470069b,lua_071a6282dc4f2c2c,lua_docs,lua_hot_update_documentation,readme,xlua,jquery.js,https://github.com/Tencent/xLua/blob/master/docs/public/js/jquery.js,,50,E:/系统/桌面/工作区/本学期/大三下/IT项目管理/大作业/Data/KnowledgeBase/processed_clean/dify_import/lua_docs_chunk_f9cdda136470069b.md,1800,2026-05-27T13:07:32.991497+00:00
chunk_6b5e835085550e71,lua_071a6282dc4f2c2c,lua_docs,lua_hot_update_documentation,readme,xlua,jquery.js,https://github.com/Tencent/xLua/blob/master/docs/public/js/jquery.js,,51,E:/系统/桌面/工作区/本学期/大三下/IT项目管理/大作业/Data/KnowledgeBase/processed_clean/dify_import/lua_docs_chunk_6b5e835085550e71.md,1800,2026-05-27T13:07:32.993100+00:00
chunk_574ed7b6fd30c5f9,lua_071a6282dc4f2c2c,lua_docs,lua_hot_update_documentation,readme,xlua,jquery.js,https://github.com/Tencent/xLua/blob/master/docs/public/js/jquery.js,,52,E:/系统/桌面/工作区/本学期/大三下/IT项目管理/大作业/Data/KnowledgeBase/processed_clean/dify_import/lua_docs_chunk_574ed7b6fd30c5f9.md,1800,2026-05-27T13:07:32.994159+00:00
chunk_230811a90fe78e76,lua_071a6282dc4f2c2c,lua_docs,lua_hot_update_documentation,readme,xlua,jquery.js,https://github.com/Tencent/xLua/blob/master/docs/public/js/jquery.js,,53,E:/系统/桌面/工作区/本学期/大三下/IT项目管理/大作业/Data/KnowledgeBase/processed_clean/dify_import/lua_docs_chunk_230811a90fe78e76.md,1800,2026-05-27T13:07:32.995336+00:00
chunk_e2ab2469e047425c,lua_071a6282dc4f2c2c,lua_docs,lua_hot_update_documentation,readme,xlua,jquery.js,https://github.com/Tencent/xLua/blob/master/docs/public/js/jquery.js,,54,E:/系统/桌面/工作区/本学期/大三下/IT项目管理/大作业/Data/KnowledgeBase/processed_clean/dify_import/lua_docs_chunk_e2ab2469e047425c.md,1800,2026-05-27T13:07:32.996644+00:00
chunk_42b810f09fd286e3,lua_071a6282dc4f2c2c,lua_docs,lua_hot_update_documentation,readme,xlua,jquery.js,https://github.com/Tencent/xLua/blob/master/docs/public/js/jquery.js,,55,E:/系统/桌面/工作区/本学期/大三下/IT项目管理/大作业/Data/KnowledgeBase/processed_clean/dify_import/lua_docs_chunk_42b810f09fd286e3.md,1420,2026-05-27T13:07:32.998047+00:00
chunk_c081b610a47385dc,lua_630754655037cd4d,lua_docs,lua_hot_update_documentation,readme,xlua,v1,https://github.com/Tencent/xLua/tree/master/docs/public/v1,,1,E:/系统/桌面/工作区/本学期/大三下/IT项目管理/大作业/Data/KnowledgeBase/processed_clean/dify_import/lua_docs_chunk_c081b610a47385dc.md,585,2026-05-27T13:07:33.001118+00:00
chunk_abce71ccade9ab24,lua_c34662cfaf47391d,lua_docs,lua_hot_update_documentation,readme,xlua,api.html,https://github.com/Tencent/xLua/blob/master/docs/public/v1/guide/api.html,,1,E:/系统/桌面/工作区/本学期/大三下/IT项目管理/大作业/Data/KnowledgeBase/processed_clean/dify_import/lua_docs_chunk_abce71ccade9ab24.md,1797,2026-05-27T13:07:33.006572+00:00
chunk_6b23f0bf2167e5ae,lua_c34662cfaf47391d,lua_docs,lua_hot_update_documentation,readme,xlua,api.html,https://github.com/Tencent/xLua/blob/master/docs/public/v1/guide/api.html,,2,E:/系统/桌面/工作区/本学期/大三下/IT项目管理/大作业/Data/KnowledgeBase/processed_clean/dify_import/lua_docs_chunk_6b23f0bf2167e5ae.md,1799,2026-05-27T13:07:33.008507+00:00
chunk_c3ad61eda9ea8e1e,lua_c34662cfaf47391d,lua_docs,lua_hot_update_documentation,readme,xlua,api.html,https://github.com/Tencent/xLua/blob/master/docs/public/v1/guide/api.html,,3,E:/系统/桌面/工作区/本学期/大三下/IT项目管理/大作业/Data/KnowledgeBase/processed_clean/dify_import/lua_docs_chunk_c3ad61eda9ea8e1e.md,1787,2026-05-27T13:07:33.010214+00:00
chunk_748216b574c0f2cb,lua_c34662cfaf47391d,lua_docs,lua_hot_update_documentation,readme,xlua,api.html,https://github.com/Tencent/xLua/blob/master/docs/public/v1/guide/api.html,,4,E:/系统/桌面/工作区/本学期/大三下/IT项目管理/大作业/Data/KnowledgeBase/processed_clean/dify_import/lua_docs_chunk_748216b574c0f2cb.md,1800,2026-05-27T13:07:33.011801+00:00
chunk_6b770745d8701b79,lua_c34662cfaf47391d,lua_docs,lua_hot_update_documentation,readme,xlua,api.html,https://github.com/Tencent/xLua/blob/master/docs/public/v1/guide/api.html,,5,E:/系统/桌面/工作区/本学期/大三下/IT项目管理/大作业/Data/KnowledgeBase/processed_clean/dify_import/lua_docs_chunk_6b770745d8701b79.md,813,2026-05-27T13:07:33.013132+00:00
chunk_1f3e2e05ec258894,lua_3e84db9be31ca0be,lua_docs,lua_hot_update_documentation,readme,xlua,configure.html,https://github.com/Tencent/xLua/blob/master/docs/public/v1/guide/configure.html,,1,E:/系统/桌面/工作区/本学期/大三下/IT项目管理/大作业/Data/KnowledgeBase/processed_clean/dify_import/lua_docs_chunk_1f3e2e05ec258894.md,1798,2026-05-27T13:07:33.021822+00:00
chunk_20bec6cef80f05e7,lua_3e84db9be31ca0be,lua_docs,lua_hot_update_documentation,readme,xlua,configure.html,https://github.com/Tencent/xLua/blob/master/docs/public/v1/guide/configure.html,,2,E:/系统/桌面/工作区/本学期/大三下/IT项目管理/大作业/Data/KnowledgeBase/processed_clean/dify_import/lua_docs_chunk_20bec6cef80f05e7.md,1798,2026-05-27T13:07:33.023314+00:00
chunk_b489de01dd9bf208,lua_3e84db9be31ca0be,lua_docs,lua_hot_update_documentation,readme,xlua,configure.html,https://github.com/Tencent/xLua/blob/master/docs/public/v1/guide/configure.html,,3,E:/系统/桌面/工作区/本学期/大三下/IT项目管理/大作业/Data/KnowledgeBase/processed_clean/dify_import/lua_docs_chunk_b489de01dd9bf208.md,1794,2026-05-27T13:07:33.025091+00:00
chunk_60f74c3364d136c0,lua_3e84db9be31ca0be,lua_docs,lua_hot_update_documentation,readme,xlua,configure.html,https://github.com/Tencent/xLua/blob/master/docs/public/v1/guide/configure.html,,4,E:/系统/桌面/工作区/本学期/大三下/IT项目管理/大作业/Data/KnowledgeBase/processed_clean/dify_import/lua_docs_chunk_60f74c3364d136c0.md,1797,2026-05-27T13:07:33.026862+00:00
chunk_442fe5cf6bfb0f09,lua_3e84db9be31ca0be,lua_docs,lua_hot_update_documentation,readme,xlua,configure.html,https://github.com/Tencent/xLua/blob/master/docs/public/v1/guide/configure.html,,5,E:/系统/桌面/工作区/本学期/大三下/IT项目管理/大作业/Data/KnowledgeBase/processed_clean/dify_import/lua_docs_chunk_442fe5cf6bfb0f09.md,1800,2026-05-27T13:07:33.028135+00:00
chunk_947ee40b78bfb345,lua_3e84db9be31ca0be,lua_docs,lua_hot_update_documentation,readme,xlua,configure.html,https://github.com/Tencent/xLua/blob/master/docs/public/v1/guide/configure.html,,6,E:/系统/桌面/工作区/本学期/大三下/IT项目管理/大作业/Data/KnowledgeBase/processed_clean/dify_import/lua_docs_chunk_947ee40b78bfb345.md,1797,2026-05-27T13:07:33.029652+00:00
chunk_02e4964bdbdc7b53,lua_3e84db9be31ca0be,lua_docs,lua_hot_update_documentation,readme,xlua,configure.html,https://github.com/Tencent/xLua/blob/master/docs/public/v1/guide/configure.html,,7,E:/系统/桌面/工作区/本学期/大三下/IT项目管理/大作业/Data/KnowledgeBase/processed_clean/dify_import/lua_docs_chunk_02e4964bdbdc7b53.md,1788,2026-05-27T13:07:33.030981+00:00
chunk_80a1cf6a2e4b76c9,lua_3e84db9be31ca0be,lua_docs,lua_hot_update_documentation,readme,xlua,configure.html,https://github.com/Tencent/xLua/blob/master/docs/public/v1/guide/configure.html,,8,E:/系统/桌面/工作区/本学期/大三下/IT项目管理/大作业/Data/KnowledgeBase/processed_clean/dify_import/lua_docs_chunk_80a1cf6a2e4b76c9.md,1793,2026-05-27T13:07:33.032162+00:00
chunk_f4020a359139e244,lua_3e84db9be31ca0be,lua_docs,lua_hot_update_documentation,readme,xlua,configure.html,https://github.com/Tencent/xLua/blob/master/docs/public/v1/guide/configure.html,,9,E:/系统/桌面/工作区/本学期/大三下/IT项目管理/大作业/Data/KnowledgeBase/processed_clean/dify_import/lua_docs_chunk_f4020a359139e244.md,1800,2026-05-27T13:07:33.033416+00:00
chunk_4d8594106102d55f,lua_3e84db9be31ca0be,lua_docs,lua_hot_update_documentation,readme,xlua,configure.html,https://github.com/Tencent/xLua/blob/master/docs/public/v1/guide/configure.html,,10,E:/系统/桌面/工作区/本学期/大三下/IT项目管理/大作业/Data/KnowledgeBase/processed_clean/dify_import/lua_docs_chunk_4d8594106102d55f.md,965,2026-05-27T13:07:33.034917+00:00
chunk_e6965f2eba6935d3,lua_df21781e49748f47,lua_docs,lua_hot_update_documentation,readme,xlua,crtdel-3rd.html,https://github.com/Tencent/xLua/blob/master/docs/public/v1/guide/crtdel-3rd.html,,1,E:/系统/桌面/工作区/本学期/大三下/IT项目管理/大作业/Data/KnowledgeBase/processed_clean/dify_import/lua_docs_chunk_e6965f2eba6935d3.md,1800,2026-05-27T13:07:33.040410+00:00
chunk_3ebd6c91f91f5e0e,lua_df21781e49748f47,lua_docs,lua_hot_update_documentation,readme,xlua,crtdel-3rd.html,https://github.com/Tencent/xLua/blob/master/docs/public/v1/guide/crtdel-3rd.html,,2,E:/系统/桌面/工作区/本学期/大三下/IT项目管理/大作业/Data/KnowledgeBase/processed_clean/dify_import/lua_docs_chunk_3ebd6c91f91f5e0e.md,1798,2026-05-27T13:07:33.041897+00:00
chunk_26d6bb8a8bf78fad,lua_df21781e49748f47,lua_docs,lua_hot_update_documentation,readme,xlua,crtdel-3rd.html,https://github.com/Tencent/xLua/blob/master/docs/public/v1/guide/crtdel-3rd.html,,3,E:/系统/桌面/工作区/本学期/大三下/IT项目管理/大作业/Data/KnowledgeBase/processed_clean/dify_import/lua_docs_chunk_26d6bb8a8bf78fad.md,1766,2026-05-27T13:07:33.043194+00:00
chunk_d6d510f6791ebd25,lua_df21781e49748f47,lua_docs,lua_hot_update_documentation,readme,xlua,crtdel-3rd.html,https://github.com/Tencent/xLua/blob/master/docs/public/v1/guide/crtdel-3rd.html,,4,E:/系统/桌面/工作区/本学期/大三下/IT项目管理/大作业/Data/KnowledgeBase/processed_clean/dify_import/lua_docs_chunk_d6d510f6791ebd25.md,1797,2026-05-27T13:07:33.044498+00:00
chunk_c4c771f6b74ba7c9,lua_df21781e49748f47,lua_docs,lua_hot_update_documentation,readme,xlua,crtdel-3rd.html,https://github.com/Tencent/xLua/blob/master/docs/public/v1/guide/crtdel-3rd.html,,5,E:/系统/桌面/工作区/本学期/大三下/IT项目管理/大作业/Data/KnowledgeBase/processed_clean/dify_import/lua_docs_chunk_c4c771f6b74ba7c9.md,882,2026-05-27T13:07:33.045483+00:00
chunk_96de9b08c7341347,lua_728289081cb84857,lua_docs,lua_hot_update_documentation,readme,xlua,faq.html,https://github.com/Tencent/xLua/blob/master/docs/public/v1/guide/faq.html,,1,E:/系统/桌面/工作区/本学期/大三下/IT项目管理/大作业/Data/KnowledgeBase/processed_clean/dify_import/lua_docs_chunk_96de9b08c7341347.md,1799,2026-05-27T13:07:33.054075+00:00
chunk_023be717669cf05b,lua_728289081cb84857,lua_docs,lua_hot_update_documentation,readme,xlua,faq.html,https://github.com/Tencent/xLua/blob/master/docs/public/v1/guide/faq.html,,2,E:/系统/桌面/工作区/本学期/大三下/IT项目管理/大作业/Data/KnowledgeBase/processed_clean/dify_import/lua_docs_chunk_023be717669cf05b.md,1797,2026-05-27T13:07:33.055238+00:00
chunk_44e0b14a99d3a350,lua_728289081cb84857,lua_docs,lua_hot_update_documentation,readme,xlua,faq.html,https://github.com/Tencent/xLua/blob/master/docs/public/v1/guide/faq.html,,3,E:/系统/桌面/工作区/本学期/大三下/IT项目管理/大作业/Data/KnowledgeBase/processed_clean/dify_import/lua_docs_chunk_44e0b14a99d3a350.md,1798,2026-05-27T13:07:33.056710+00:00
chunk_79303d583801b9ce,lua_728289081cb84857,lua_docs,lua_hot_update_documentation,readme,xlua,faq.html,https://github.com/Tencent/xLua/blob/master/docs/public/v1/guide/faq.html,,4,E:/系统/桌面/工作区/本学期/大三下/IT项目管理/大作业/Data/KnowledgeBase/processed_clean/dify_import/lua_docs_chunk_79303d583801b9ce.md,1798,2026-05-27T13:07:33.058106+00:00
chunk_9380bc36c972aee3,lua_728289081cb84857,lua_docs,lua_hot_update_documentation,readme,xlua,faq.html,https://github.com/Tencent/xLua/blob/master/docs/public/v1/guide/faq.html,,5,E:/系统/桌面/工作区/本学期/大三下/IT项目管理/大作业/Data/KnowledgeBase/processed_clean/dify_import/lua_docs_chunk_9380bc36c972aee3.md,1796,2026-05-27T13:07:33.059266+00:00
chunk_adb5dc075bbb8255,lua_728289081cb84857,lua_docs,lua_hot_update_documentation,readme,xlua,faq.html,https://github.com/Tencent/xLua/blob/master/docs/public/v1/guide/faq.html,,6,E:/系统/桌面/工作区/本学期/大三下/IT项目管理/大作业/Data/KnowledgeBase/processed_clean/dify_import/lua_docs_chunk_adb5dc075bbb8255.md,1787,2026-05-27T13:07:33.060413+00:00
chunk_fae149cc8ba4b883,lua_728289081cb84857,lua_docs,lua_hot_update_documentation,readme,xlua,faq.html,https://github.com/Tencent/xLua/blob/master/docs/public/v1/guide/faq.html,,7,E:/系统/桌面/工作区/本学期/大三下/IT项目管理/大作业/Data/KnowledgeBase/processed_clean/dify_import/lua_docs_chunk_fae149cc8ba4b883.md,1789,2026-05-27T13:07:33.061982+00:00
chunk_a29c1225df1afb14,lua_728289081cb84857,lua_docs,lua_hot_update_documentation,readme,xlua,faq.html,https://github.com/Tencent/xLua/blob/master/docs/public/v1/guide/faq.html,,8,E:/系统/桌面/工作区/本学期/大三下/IT项目管理/大作业/Data/KnowledgeBase/processed_clean/dify_import/lua_docs_chunk_a29c1225df1afb14.md,1798,2026-05-27T13:07:33.063223+00:00
chunk_9686acbbad4cef44,lua_728289081cb84857,lua_docs,lua_hot_update_documentation,readme,xlua,faq.html,https://github.com/Tencent/xLua/blob/master/docs/public/v1/guide/faq.html,,9,E:/系统/桌面/工作区/本学期/大三下/IT项目管理/大作业/Data/KnowledgeBase/processed_clean/dify_import/lua_docs_chunk_9686acbbad4cef44.md,1773,2026-05-27T13:07:33.064367+00:00
chunk_51137bb1c065e60b,lua_728289081cb84857,lua_docs,lua_hot_update_documentation,readme,xlua,faq.html,https://github.com/Tencent/xLua/blob/master/docs/public/v1/guide/faq.html,,10,E:/系统/桌面/工作区/本学期/大三下/IT项目管理/大作业/Data/KnowledgeBase/processed_clean/dify_import/lua_docs_chunk_51137bb1c065e60b.md,1799,2026-05-27T13:07:33.066025+00:00
chunk_8e58ca29576e46ea,lua_728289081cb84857,lua_docs,lua_hot_update_documentation,readme,xlua,faq.html,https://github.com/Tencent/xLua/blob/master/docs/public/v1/guide/faq.html,,11,E:/系统/桌面/工作区/本学期/大三下/IT项目管理/大作业/Data/KnowledgeBase/processed_clean/dify_import/lua_docs_chunk_8e58ca29576e46ea.md,1789,2026-05-27T13:07:33.067635+00:00
chunk_9903548f7fa95329,lua_728289081cb84857,lua_docs,lua_hot_update_documentation,readme,xlua,faq.html,https://github.com/Tencent/xLua/blob/master/docs/public/v1/guide/faq.html,,12,E:/系统/桌面/工作区/本学期/大三下/IT项目管理/大作业/Data/KnowledgeBase/processed_clean/dify_import/lua_docs_chunk_9903548f7fa95329.md,1800,2026-05-27T13:07:33.069036+00:00
chunk_bac9f9e7da59b8bc,lua_728289081cb84857,lua_docs,lua_hot_update_documentation,readme,xlua,faq.html,https://github.com/Tencent/xLua/blob/master/docs/public/v1/guide/faq.html,,13,E:/系统/桌面/工作区/本学期/大三下/IT项目管理/大作业/Data/KnowledgeBase/processed_clean/dify_import/lua_docs_chunk_bac9f9e7da59b8bc.md,1797,2026-05-27T13:07:33.070309+00:00
chunk_cf8a11be759f423c,lua_728289081cb84857,lua_docs,lua_hot_update_documentation,readme,xlua,faq.html,https://github.com/Tencent/xLua/blob/master/docs/public/v1/guide/faq.html,,14,E:/系统/桌面/工作区/本学期/大三下/IT项目管理/大作业/Data/KnowledgeBase/processed_clean/dify_import/lua_docs_chunk_cf8a11be759f423c.md,1798,2026-05-27T13:07:33.072447+00:00
chunk_a00578ec31bcdb97,lua_6aca8dde021cd9b1,lua_docs,lua_hot_update_documentation,readme,xlua,features.html,https://github.com/Tencent/xLua/blob/master/docs/public/v1/guide/features.html,,1,E:/系统/桌面/工作区/本学期/大三下/IT项目管理/大作业/Data/KnowledgeBase/processed_clean/dify_import/lua_docs_chunk_a00578ec31bcdb97.md,1799,2026-05-27T13:07:33.080902+00:00
chunk_5a61cdabf9eb3313,lua_6aca8dde021cd9b1,lua_docs,lua_hot_update_documentation,readme,xlua,features.html,https://github.com/Tencent/xLua/blob/master/docs/public/v1/guide/features.html,,2,E:/系统/桌面/工作区/本学期/大三下/IT项目管理/大作业/Data/KnowledgeBase/processed_clean/dify_import/lua_docs_chunk_5a61cdabf9eb3313.md,1769,2026-05-27T13:07:33.082279+00:00
chunk_1a21e183c66854b5,lua_6aca8dde021cd9b1,lua_docs,lua_hot_update_documentation,readme,xlua,features.html,https://github.com/Tencent/xLua/blob/master/docs/public/v1/guide/features.html,,3,E:/系统/桌面/工作区/本学期/大三下/IT项目管理/大作业/Data/KnowledgeBase/processed_clean/dify_import/lua_docs_chunk_1a21e183c66854b5.md,1800,2026-05-27T13:07:33.083465+00:00
chunk_d70f767d172487fe,lua_6aca8dde021cd9b1,lua_docs,lua_hot_update_documentation,readme,xlua,features.html,https://github.com/Tencent/xLua/blob/master/docs/public/v1/guide/features.html,,4,E:/系统/桌面/工作区/本学期/大三下/IT项目管理/大作业/Data/KnowledgeBase/processed_clean/dify_import/lua_docs_chunk_d70f767d172487fe.md,1798,2026-05-27T13:07:33.084765+00:00
chunk_8d21c4abc003ab74,lua_6aca8dde021cd9b1,lua_docs,lua_hot_update_documentation,readme,xlua,features.html,https://github.com/Tencent/xLua/blob/master/docs/public/v1/guide/features.html,,5,E:/系统/桌面/工作区/本学期/大三下/IT项目管理/大作业/Data/KnowledgeBase/processed_clean/dify_import/lua_docs_chunk_8d21c4abc003ab74.md,1798,2026-05-27T13:07:33.086178+00:00
chunk_41efa5b7c86c925e,lua_6aca8dde021cd9b1,lua_docs,lua_hot_update_documentation,readme,xlua,features.html,https://github.com/Tencent/xLua/blob/master/docs/public/v1/guide/features.html,,6,E:/系统/桌面/工作区/本学期/大三下/IT项目管理/大作业/Data/KnowledgeBase/processed_clean/dify_import/lua_docs_chunk_41efa5b7c86c925e.md,1800,2026-05-27T13:07:33.087704+00:00
chunk_3d48c6831da81da6,lua_6aca8dde021cd9b1,lua_docs,lua_hot_update_documentation,readme,xlua,features.html,https://github.com/Tencent/xLua/blob/master/docs/public/v1/guide/features.html,,7,E:/系统/桌面/工作区/本学期/大三下/IT项目管理/大作业/Data/KnowledgeBase/processed_clean/dify_import/lua_docs_chunk_3d48c6831da81da6.md,1798,2026-05-27T13:07:33.088925+00:00
chunk_7b097767ccb289ee,lua_6aca8dde021cd9b1,lua_docs,lua_hot_update_documentation,readme,xlua,features.html,https://github.com/Tencent/xLua/blob/master/docs/public/v1/guide/features.html,,8,E:/系统/桌面/工作区/本学期/大三下/IT项目管理/大作业/Data/KnowledgeBase/processed_clean/dify_import/lua_docs_chunk_7b097767ccb289ee.md,1798,2026-05-27T13:07:33.090088+00:00
chunk_e778194e61d68953,lua_6aca8dde021cd9b1,lua_docs,lua_hot_update_documentation,readme,xlua,features.html,https://github.com/Tencent/xLua/blob/master/docs/public/v1/guide/features.html,,9,E:/系统/桌面/工作区/本学期/大三下/IT项目管理/大作业/Data/KnowledgeBase/processed_clean/dify_import/lua_docs_chunk_e778194e61d68953.md,1800,2026-05-27T13:07:33.091411+00:00
chunk_283d77298b99b743,lua_ace225915cdb18d1,lua_docs,lua_hot_update_documentation,readme,xlua,gc-optimization.html,https://github.com/Tencent/xLua/blob/master/docs/public/v1/guide/gc-optimization.html,,1,E:/系统/桌面/工作区/本学期/大三下/IT项目管理/大作业/Data/KnowledgeBase/processed_clean/dify_import/lua_docs_chunk_283d77298b99b743.md,1798,2026-05-27T13:07:33.095929+00:00
chunk_db457fb5302b09d2,lua_ace225915cdb18d1,lua_docs,lua_hot_update_documentation,readme,xlua,gc-optimization.html,https://github.com/Tencent/xLua/blob/master/docs/public/v1/guide/gc-optimization.html,,2,E:/系统/桌面/工作区/本学期/大三下/IT项目管理/大作业/Data/KnowledgeBase/processed_clean/dify_import/lua_docs_chunk_db457fb5302b09d2.md,1784,2026-05-27T13:07:33.097191+00:00
chunk_b86900dacf07d48c,lua_ace225915cdb18d1,lua_docs,lua_hot_update_documentation,readme,xlua,gc-optimization.html,https://github.com/Tencent/xLua/blob/master/docs/public/v1/guide/gc-optimization.html,,3,E:/系统/桌面/工作区/本学期/大三下/IT项目管理/大作业/Data/KnowledgeBase/processed_clean/dify_import/lua_docs_chunk_b86900dacf07d48c.md,1800,2026-05-27T13:07:33.098580+00:00
chunk_48099a687cb1326c,lua_ace225915cdb18d1,lua_docs,lua_hot_update_documentation,readme,xlua,gc-optimization.html,https://github.com/Tencent/xLua/blob/master/docs/public/v1/guide/gc-optimization.html,,4,E:/系统/桌面/工作区/本学期/大三下/IT项目管理/大作业/Data/KnowledgeBase/processed_clean/dify_import/lua_docs_chunk_48099a687cb1326c.md,1799,2026-05-27T13:07:33.100015+00:00
chunk_b0f29d2818c6c26d,lua_ace225915cdb18d1,lua_docs,lua_hot_update_documentation,readme,xlua,gc-optimization.html,https://github.com/Tencent/xLua/blob/master/docs/public/v1/guide/gc-optimization.html,,5,E:/系统/桌面/工作区/本学期/大三下/IT项目管理/大作业/Data/KnowledgeBase/processed_clean/dify_import/lua_docs_chunk_b0f29d2818c6c26d.md,877,2026-05-27T13:07:33.101185+00:00
chunk_5b6e04b0491a8da8,lua_8733ad3f183e9783,lua_docs,lua_hot_update_documentation,readme,xlua,hotfix.html,https://github.com/Tencent/xLua/blob/master/docs/public/v1/guide/hotfix.html,,1,E:/系统/桌面/工作区/本学期/大三下/IT项目管理/大作业/Data/KnowledgeBase/processed_clean/dify_import/lua_docs_chunk_5b6e04b0491a8da8.md,1796,2026-05-27T13:07:33.115417+00:00
chunk_e3cd54ad176830f7,lua_8733ad3f183e9783,lua_docs,lua_hot_update_documentation,readme,xlua,hotfix.html,https://github.com/Tencent/xLua/blob/master/docs/public/v1/guide/hotfix.html,,2,E:/系统/桌面/工作区/本学期/大三下/IT项目管理/大作业/Data/KnowledgeBase/processed_clean/dify_import/lua_docs_chunk_e3cd54ad176830f7.md,1790,2026-05-27T13:07:33.116847+00:00
chunk_cc5e5b1c9104f7d9,lua_8733ad3f183e9783,lua_docs,lua_hot_update_documentation,readme,xlua,hotfix.html,https://github.com/Tencent/xLua/blob/master/docs/public/v1/guide/hotfix.html,,3,E:/系统/桌面/工作区/本学期/大三下/IT项目管理/大作业/Data/KnowledgeBase/processed_clean/dify_import/lua_docs_chunk_cc5e5b1c9104f7d9.md,1776,2026-05-27T13:07:33.118840+00:00
chunk_b8eb94900e770fdc,lua_8733ad3f183e9783,lua_docs,lua_hot_update_documentation,readme,xlua,hotfix.html,https://github.com/Tencent/xLua/blob/master/docs/public/v1/guide/hotfix.html,,4,E:/系统/桌面/工作区/本学期/大三下/IT项目管理/大作业/Data/KnowledgeBase/processed_clean/dify_import/lua_docs_chunk_b8eb94900e770fdc.md,1798,2026-05-27T13:07:33.120144+00:00
chunk_bb563c944632f8b3,lua_8733ad3f183e9783,lua_docs,lua_hot_update_documentation,readme,xlua,hotfix.html,https://github.com/Tencent/xLua/blob/master/docs/public/v1/guide/hotfix.html,,5,E:/系统/桌面/工作区/本学期/大三下/IT项目管理/大作业/Data/KnowledgeBase/processed_clean/dify_import/lua_docs_chunk_bb563c944632f8b3.md,1798,2026-05-27T13:07:33.121314+00:00
chunk_84acbdae9af1f230,lua_8733ad3f183e9783,lua_docs,lua_hot_update_documentation,readme,xlua,hotfix.html,https://github.com/Tencent/xLua/blob/master/docs/public/v1/guide/hotfix.html,,6,E:/系统/桌面/工作区/本学期/大三下/IT项目管理/大作业/Data/KnowledgeBase/processed_clean/dify_import/lua_docs_chunk_84acbdae9af1f230.md,1797,2026-05-27T13:07:33.122596+00:00
chunk_0388c868683083e8,lua_8733ad3f183e9783,lua_docs,lua_hot_update_documentation,readme,xlua,hotfix.html,https://github.com/Tencent/xLua/blob/master/docs/public/v1/guide/hotfix.html,,7,E:/系统/桌面/工作区/本学期/大三下/IT项目管理/大作业/Data/KnowledgeBase/processed_clean/dify_import/lua_docs_chunk_0388c868683083e8.md,1754,2026-05-27T13:07:33.124476+00:00
chunk_8fb32c4231a9268b,lua_8733ad3f183e9783,lua_docs,lua_hot_update_documentation,readme,xlua,hotfix.html,https://github.com/Tencent/xLua/blob/master/docs/public/v1/guide/hotfix.html,,8,E:/系统/桌面/工作区/本学期/大三下/IT项目管理/大作业/Data/KnowledgeBase/processed_clean/dify_import/lua_docs_chunk_8fb32c4231a9268b.md,1798,2026-05-27T13:07:33.125736+00:00
chunk_fc31ebc2b8adb6b9,lua_8733ad3f183e9783,lua_docs,lua_hot_update_documentation,readme,xlua,hotfix.html,https://github.com/Tencent/xLua/blob/master/docs/public/v1/guide/hotfix.html,,9,E:/系统/桌面/工作区/本学期/大三下/IT项目管理/大作业/Data/KnowledgeBase/processed_clean/dify_import/lua_docs_chunk_fc31ebc2b8adb6b9.md,1798,2026-05-27T13:07:33.130610+00:00
chunk_585c8b24d5f3a4a2,lua_8733ad3f183e9783,lua_docs,lua_hot_update_documentation,readme,xlua,hotfix.html,https://github.com/Tencent/xLua/blob/master/docs/public/v1/guide/hotfix.html,,10,E:/系统/桌面/工作区/本学期/大三下/IT项目管理/大作业/Data/KnowledgeBase/processed_clean/dify_import/lua_docs_chunk_585c8b24d5f3a4a2.md,1760,2026-05-27T13:07:33.131783+00:00
chunk_addb2d3722cc94d5,lua_8733ad3f183e9783,lua_docs,lua_hot_update_documentation,readme,xlua,hotfix.html,https://github.com/Tencent/xLua/blob/master/docs/public/v1/guide/hotfix.html,,11,E:/系统/桌面/工作区/本学期/大三下/IT项目管理/大作业/Data/KnowledgeBase/processed_clean/dify_import/lua_docs_chunk_addb2d3722cc94d5.md,1799,2026-05-27T13:07:33.133755+00:00
chunk_ad7b6c4d9aa69f15,lua_8733ad3f183e9783,lua_docs,lua_hot_update_documentation,readme,xlua,hotfix.html,https://github.com/Tencent/xLua/blob/master/docs/public/v1/guide/hotfix.html,,12,E:/系统/桌面/工作区/本学期/大三下/IT项目管理/大作业/Data/KnowledgeBase/processed_clean/dify_import/lua_docs_chunk_ad7b6c4d9aa69f15.md,1798,2026-05-27T13:07:33.134903+00:00
chunk_474f4fa017433f67,lua_8733ad3f183e9783,lua_docs,lua_hot_update_documentation,readme,xlua,hotfix.html,https://github.com/Tencent/xLua/blob/master/docs/public/v1/guide/hotfix.html,,13,E:/系统/桌面/工作区/本学期/大三下/IT项目管理/大作业/Data/KnowledgeBase/processed_clean/dify_import/lua_docs_chunk_474f4fa017433f67.md,1799,2026-05-27T13:07:33.136219+00:00
chunk_e1fc54797a3f907a,lua_8733ad3f183e9783,lua_docs,lua_hot_update_documentation,readme,xlua,hotfix.html,https://github.com/Tencent/xLua/blob/master/docs/public/v1/guide/hotfix.html,,14,E:/系统/桌面/工作区/本学期/大三下/IT项目管理/大作业/Data/KnowledgeBase/processed_clean/dify_import/lua_docs_chunk_e1fc54797a3f907a.md,1799,2026-05-27T13:07:33.137653+00:00
chunk_2e6dfe09943122c8,lua_8733ad3f183e9783,lua_docs,lua_hot_update_documentation,readme,xlua,hotfix.html,https://github.com/Tencent/xLua/blob/master/docs/public/v1/guide/hotfix.html,,15,E:/系统/桌面/工作区/本学期/大三下/IT项目管理/大作业/Data/KnowledgeBase/processed_clean/dify_import/lua_docs_chunk_2e6dfe09943122c8.md,1798,2026-05-27T13:07:33.139538+00:00
chunk_50c3b89bd16d9a42,lua_8733ad3f183e9783,lua_docs,lua_hot_update_documentation,readme,xlua,hotfix.html,https://github.com/Tencent/xLua/blob/master/docs/public/v1/guide/hotfix.html,,16,E:/系统/桌面/工作区/本学期/大三下/IT项目管理/大作业/Data/KnowledgeBase/processed_clean/dify_import/lua_docs_chunk_50c3b89bd16d9a42.md,1798,2026-05-27T13:07:33.141059+00:00
chunk_ceb5124f69224af2,lua_8733ad3f183e9783,lua_docs,lua_hot_update_documentation,readme,xlua,hotfix.html,https://github.com/Tencent/xLua/blob/master/docs/public/v1/guide/hotfix.html,,17,E:/系统/桌面/工作区/本学期/大三下/IT项目管理/大作业/Data/KnowledgeBase/processed_clean/dify_import/lua_docs_chunk_ceb5124f69224af2.md,1798,2026-05-27T13:07:33.142175+00:00
chunk_31e0b35f60f017cb,lua_8733ad3f183e9783,lua_docs,lua_hot_update_documentation,readme,xlua,hotfix.html,https://github.com/Tencent/xLua/blob/master/docs/public/v1/guide/hotfix.html,,18,E:/系统/桌面/工作区/本学期/大三下/IT项目管理/大作业/Data/KnowledgeBase/processed_clean/dify_import/lua_docs_chunk_31e0b35f60f017cb.md,1792,2026-05-27T13:07:33.143375+00:00
chunk_7c8fd78f4ac2d367,lua_8733ad3f183e9783,lua_docs,lua_hot_update_documentation,readme,xlua,hotfix.html,https://github.com/Tencent/xLua/blob/master/docs/public/v1/guide/hotfix.html,,19,E:/系统/桌面/工作区/本学期/大三下/IT项目管理/大作业/Data/KnowledgeBase/processed_clean/dify_import/lua_docs_chunk_7c8fd78f4ac2d367.md,1799,2026-05-27T13:07:33.145080+00:00
chunk_fdf004da9eb8abe1,lua_8733ad3f183e9783,lua_docs,lua_hot_update_documentation,readme,xlua,hotfix.html,https://github.com/Tencent/xLua/blob/master/docs/public/v1/guide/hotfix.html,,20,E:/系统/桌面/工作区/本学期/大三下/IT项目管理/大作业/Data/KnowledgeBase/processed_clean/dify_import/lua_docs_chunk_fdf004da9eb8abe1.md,1798,2026-05-27T13:07:33.146263+00:00
chunk_18f2358c4d2afb17,lua_8733ad3f183e9783,lua_docs,lua_hot_update_documentation,readme,xlua,hotfix.html,https://github.com/Tencent/xLua/blob/master/docs/public/v1/guide/hotfix.html,,21,E:/系统/桌面/工作区/本学期/大三下/IT项目管理/大作业/Data/KnowledgeBase/processed_clean/dify_import/lua_docs_chunk_18f2358c4d2afb17.md,1481,2026-05-27T13:07:33.148127+00:00
chunk_1f85ebbff52bedf4,lua_bd651cb64386a798,lua_docs,lua_hot_update_documentation,readme,xlua,index.html,https://github.com/Tencent/xLua/blob/master/docs/public/v1/guide/index.html,,1,E:/系统/桌面/工作区/本学期/大三下/IT项目管理/大作业/Data/KnowledgeBase/processed_clean/dify_import/lua_docs_chunk_1f85ebbff52bedf4.md,1797,2026-05-27T13:07:33.157288+00:00
chunk_6292c0a9e96baad2,lua_bd651cb64386a798,lua_docs,lua_hot_update_documentation,readme,xlua,index.html,https://github.com/Tencent/xLua/blob/master/docs/public/v1/guide/index.html,,2,E:/系统/桌面/工作区/本学期/大三下/IT项目管理/大作业/Data/KnowledgeBase/processed_clean/dify_import/lua_docs_chunk_6292c0a9e96baad2.md,1793,2026-05-27T13:07:33.158995+00:00
chunk_171b1079d90f3ecf,lua_bd651cb64386a798,lua_docs,lua_hot_update_documentation,readme,xlua,index.html,https://github.com/Tencent/xLua/blob/master/docs/public/v1/guide/index.html,,3,E:/系统/桌面/工作区/本学期/大三下/IT项目管理/大作业/Data/KnowledgeBase/processed_clean/dify_import/lua_docs_chunk_171b1079d90f3ecf.md,1797,2026-05-27T13:07:33.160374+00:00
chunk_eb34e5a9d83ca58a,lua_bd651cb64386a798,lua_docs,lua_hot_update_documentation,readme,xlua,index.html,https://github.com/Tencent/xLua/blob/master/docs/public/v1/guide/index.html,,4,E:/系统/桌面/工作区/本学期/大三下/IT项目管理/大作业/Data/KnowledgeBase/processed_clean/dify_import/lua_docs_chunk_eb34e5a9d83ca58a.md,1783,2026-05-27T13:07:33.161611+00:00
chunk_70455d3ac95a8e40,lua_bd651cb64386a798,lua_docs,lua_hot_update_documentation,readme,xlua,index.html,https://github.com/Tencent/xLua/blob/master/docs/public/v1/guide/index.html,,5,E:/系统/桌面/工作区/本学期/大三下/IT项目管理/大作业/Data/KnowledgeBase/processed_clean/dify_import/lua_docs_chunk_70455d3ac95a8e40.md,1800,2026-05-27T13:07:33.163190+00:00
chunk_a090d92d24bd83ca,lua_bd651cb64386a798,lua_docs,lua_hot_update_documentation,readme,xlua,index.html,https://github.com/Tencent/xLua/blob/master/docs/public/v1/guide/index.html,,6,E:/系统/桌面/工作区/本学期/大三下/IT项目管理/大作业/Data/KnowledgeBase/processed_clean/dify_import/lua_docs_chunk_a090d92d24bd83ca.md,1800,2026-05-27T13:07:33.164936+00:00
chunk_7892c22d0692e3fa,lua_bd651cb64386a798,lua_docs,lua_hot_update_documentation,readme,xlua,index.html,https://github.com/Tencent/xLua/blob/master/docs/public/v1/guide/index.html,,7,E:/系统/桌面/工作区/本学期/大三下/IT项目管理/大作业/Data/KnowledgeBase/processed_clean/dify_import/lua_docs_chunk_7892c22d0692e3fa.md,1773,2026-05-27T13:07:33.166216+00:00
chunk_3ee713483f2ca32a,lua_bd651cb64386a798,lua_docs,lua_hot_update_documentation,readme,xlua,index.html,https://github.com/Tencent/xLua/blob/master/docs/public/v1/guide/index.html,,8,E:/系统/桌面/工作区/本学期/大三下/IT项目管理/大作业/Data/KnowledgeBase/processed_clean/dify_import/lua_docs_chunk_3ee713483f2ca32a.md,1793,2026-05-27T13:07:33.167492+00:00
chunk_8731b1ecebbed57e,lua_bd651cb64386a798,lua_docs,lua_hot_update_documentation,readme,xlua,index.html,https://github.com/Tencent/xLua/blob/master/docs/public/v1/guide/index.html,,9,E:/系统/桌面/工作区/本学期/大三下/IT项目管理/大作业/Data/KnowledgeBase/processed_clean/dify_import/lua_docs_chunk_8731b1ecebbed57e.md,1791,2026-05-27T13:07:33.168699+00:00
chunk_8419d39fa1524de1,lua_bd651cb64386a798,lua_docs,lua_hot_update_documentation,readme,xlua,index.html,https://github.com/Tencent/xLua/blob/master/docs/public/v1/guide/index.html,,10,E:/系统/桌面/工作区/本学期/大三下/IT项目管理/大作业/Data/KnowledgeBase/processed_clean/dify_import/lua_docs_chunk_8419d39fa1524de1.md,1015,2026-05-27T13:07:33.170221+00:00
chunk_57992b771d89a1c2,lua_c8ebcec43a39ed66,lua_docs,lua_hot_update_documentation,readme,xlua,performance-analysis.html,https://github.com/Tencent/xLua/blob/master/docs/public/v1/guide/performance-analysis.html,,1,E:/系统/桌面/工作区/本学期/大三下/IT项目管理/大作业/Data/KnowledgeBase/processed_clean/dify_import/lua_docs_chunk_57992b771d89a1c2.md,1797,2026-05-27T13:07:33.176266+00:00
chunk_0ae9d05aba471092,lua_c8ebcec43a39ed66,lua_docs,lua_hot_update_documentation,readme,xlua,performance-analysis.html,https://github.com/Tencent/xLua/blob/master/docs/public/v1/guide/performance-analysis.html,,2,E:/系统/桌面/工作区/本学期/大三下/IT项目管理/大作业/Data/KnowledgeBase/processed_clean/dify_import/lua_docs_chunk_0ae9d05aba471092.md,1794,2026-05-27T13:07:33.177616+00:00
chunk_44f0ef83dd0535a7,lua_c8ebcec43a39ed66,lua_docs,lua_hot_update_documentation,readme,xlua,performance-analysis.html,https://github.com/Tencent/xLua/blob/master/docs/public/v1/guide/performance-analysis.html,,3,E:/系统/桌面/工作区/本学期/大三下/IT项目管理/大作业/Data/KnowledgeBase/processed_clean/dify_import/lua_docs_chunk_44f0ef83dd0535a7.md,1798,2026-05-27T13:07:33.179373+00:00
chunk_9d381d6b1ec112b7,lua_c8ebcec43a39ed66,lua_docs,lua_hot_update_documentation,readme,xlua,performance-analysis.html,https://github.com/Tencent/xLua/blob/master/docs/public/v1/guide/performance-analysis.html,,4,E:/系统/桌面/工作区/本学期/大三下/IT项目管理/大作业/Data/KnowledgeBase/processed_clean/dify_import/lua_docs_chunk_9d381d6b1ec112b7.md,1795,2026-05-27T13:07:33.181098+00:00
chunk_cbbebdd64112161e,lua_c8ebcec43a39ed66,lua_docs,lua_hot_update_documentation,readme,xlua,performance-analysis.html,https://github.com/Tencent/xLua/blob/master/docs/public/v1/guide/performance-analysis.html,,5,E:/系统/桌面/工作区/本学期/大三下/IT项目管理/大作业/Data/KnowledgeBase/processed_clean/dify_import/lua_docs_chunk_cbbebdd64112161e.md,899,2026-05-27T13:07:33.182329+00:00
chunk_cc3cf321d8a9b0b7,lua_713edc6f0575ded0,lua_docs,lua_hot_update_documentation,readme,xlua,signature.html,https://github.com/Tencent/xLua/blob/master/docs/public/v1/guide/signature.html,,1,E:/系统/桌面/工作区/本学期/大三下/IT项目管理/大作业/Data/KnowledgeBase/processed_clean/dify_import/lua_docs_chunk_cc3cf321d8a9b0b7.md,1800,2026-05-27T13:07:33.187195+00:00
chunk_aacc8aa6a8397626,lua_713edc6f0575ded0,lua_docs,lua_hot_update_documentation,readme,xlua,signature.html,https://github.com/Tencent/xLua/blob/master/docs/public/v1/guide/signature.html,,2,E:/系统/桌面/工作区/本学期/大三下/IT项目管理/大作业/Data/KnowledgeBase/processed_clean/dify_import/lua_docs_chunk_aacc8aa6a8397626.md,1800,2026-05-27T13:07:33.188295+00:00
chunk_d5a1f537926a0129,lua_713edc6f0575ded0,lua_docs,lua_hot_update_documentation,readme,xlua,signature.html,https://github.com/Tencent/xLua/blob/master/docs/public/v1/guide/signature.html,,3,E:/系统/桌面/工作区/本学期/大三下/IT项目管理/大作业/Data/KnowledgeBase/processed_clean/dify_import/lua_docs_chunk_d5a1f537926a0129.md,1794,2026-05-27T13:07:33.189490+00:00
chunk_5b4f58b2d179d259,lua_713edc6f0575ded0,lua_docs,lua_hot_update_documentation,readme,xlua,signature.html,https://github.com/Tencent/xLua/blob/master/docs/public/v1/guide/signature.html,,4,E:/系统/桌面/工作区/本学期/大三下/IT项目管理/大作业/Data/KnowledgeBase/processed_clean/dify_import/lua_docs_chunk_5b4f58b2d179d259.md,1794,2026-05-27T13:07:33.190492+00:00
chunk_dfb246daabec0811,lua_713edc6f0575ded0,lua_docs,lua_hot_update_documentation,readme,xlua,signature.html,https://github.com/Tencent/xLua/blob/master/docs/public/v1/guide/signature.html,,5,E:/系统/桌面/工作区/本学期/大三下/IT项目管理/大作业/Data/KnowledgeBase/processed_clean/dify_import/lua_docs_chunk_dfb246daabec0811.md,830,2026-05-27T13:07:33.191646+00:00
chunk_a4ece54e173c48c4,lua_bb18c6fd2f9c5728,lua_docs,lua_hot_update_documentation,readme,xlua,tutorial.html,https://github.com/Tencent/xLua/blob/master/docs/public/v1/guide/tutorial.html,,1,E:/系统/桌面/工作区/本学期/大三下/IT项目管理/大作业/Data/KnowledgeBase/processed_clean/dify_import/lua_docs_chunk_a4ece54e173c48c4.md,1799,2026-05-27T13:07:33.197505+00:00
chunk_a359d1a74deca3cb,lua_bb18c6fd2f9c5728,lua_docs,lua_hot_update_documentation,readme,xlua,tutorial.html,https://github.com/Tencent/xLua/blob/master/docs/public/v1/guide/tutorial.html,,2,E:/系统/桌面/工作区/本学期/大三下/IT项目管理/大作业/Data/KnowledgeBase/processed_clean/dify_import/lua_docs_chunk_a359d1a74deca3cb.md,1800,2026-05-27T13:07:33.199160+00:00
chunk_d807c886e1a6afc7,lua_bb18c6fd2f9c5728,lua_docs,lua_hot_update_documentation,readme,xlua,tutorial.html,https://github.com/Tencent/xLua/blob/master/docs/public/v1/guide/tutorial.html,,3,E:/系统/桌面/工作区/本学期/大三下/IT项目管理/大作业/Data/KnowledgeBase/processed_clean/dify_import/lua_docs_chunk_d807c886e1a6afc7.md,1798,2026-05-27T13:07:33.200561+00:00
chunk_4f78527c78187e88,lua_bb18c6fd2f9c5728,lua_docs,lua_hot_update_documentation,readme,xlua,tutorial.html,https://github.com/Tencent/xLua/blob/master/docs/public/v1/guide/tutorial.html,,4,E:/系统/桌面/工作区/本学期/大三下/IT项目管理/大作业/Data/KnowledgeBase/processed_clean/dify_import/lua_docs_chunk_4f78527c78187e88.md,1799,2026-05-27T13:07:33.201795+00:00
chunk_dcc4f5b67c91cd9e,lua_bb18c6fd2f9c5728,lua_docs,lua_hot_update_documentation,readme,xlua,tutorial.html,https://github.com/Tencent/xLua/blob/master/docs/public/v1/guide/tutorial.html,,5,E:/系统/桌面/工作区/本学期/大三下/IT项目管理/大作业/Data/KnowledgeBase/processed_clean/dify_import/lua_docs_chunk_dcc4f5b67c91cd9e.md,810,2026-05-27T13:07:33.202859+00:00
chunk_16b22781219f7077,lua_93a0cd3d1f67f7bb,lua_docs,lua_hot_update_documentation,readme,xlua,use.html,https://github.com/Tencent/xLua/blob/master/docs/public/v1/guide/use.html,,1,E:/系统/桌面/工作区/本学期/大三下/IT项目管理/大作业/Data/KnowledgeBase/processed_clean/dify_import/lua_docs_chunk_16b22781219f7077.md,1797,2026-05-27T13:07:33.207597+00:00
chunk_0fca837e247ba7a4,lua_93a0cd3d1f67f7bb,lua_docs,lua_hot_update_documentation,readme,xlua,use.html,https://github.com/Tencent/xLua/blob/master/docs/public/v1/guide/use.html,,2,E:/系统/桌面/工作区/本学期/大三下/IT项目管理/大作业/Data/KnowledgeBase/processed_clean/dify_import/lua_docs_chunk_0fca837e247ba7a4.md,1797,2026-05-27T13:07:33.208712+00:00
chunk_7fad00b8b5222dd6,lua_93a0cd3d1f67f7bb,lua_docs,lua_hot_update_documentation,readme,xlua,use.html,https://github.com/Tencent/xLua/blob/master/docs/public/v1/guide/use.html,,3,E:/系统/桌面/工作区/本学期/大三下/IT项目管理/大作业/Data/KnowledgeBase/processed_clean/dify_import/lua_docs_chunk_7fad00b8b5222dd6.md,1795,2026-05-27T13:07:33.209898+00:00
chunk_9435b80907b6974b,lua_93a0cd3d1f67f7bb,lua_docs,lua_hot_update_documentation,readme,xlua,use.html,https://github.com/Tencent/xLua/blob/master/docs/public/v1/guide/use.html,,4,E:/系统/桌面/工作区/本学期/大三下/IT项目管理/大作业/Data/KnowledgeBase/processed_clean/dify_import/lua_docs_chunk_9435b80907b6974b.md,1798,2026-05-27T13:07:33.211227+00:00
chunk_66f18c615a772e6c,lua_93a0cd3d1f67f7bb,lua_docs,lua_hot_update_documentation,readme,xlua,use.html,https://github.com/Tencent/xLua/blob/master/docs/public/v1/guide/use.html,,5,E:/系统/桌面/工作区/本学期/大三下/IT项目管理/大作业/Data/KnowledgeBase/processed_clean/dify_import/lua_docs_chunk_66f18c615a772e6c.md,807,2026-05-27T13:07:33.212731+00:00
chunk_9060d5cd367c9c76,lua_c48dc6be246cd994,lua_docs,lua_hot_update_documentation,readme,xlua,version.html,https://github.com/Tencent/xLua/blob/master/docs/public/v1/guide/version.html,,1,E:/系统/桌面/工作区/本学期/大三下/IT项目管理/大作业/Data/KnowledgeBase/processed_clean/dify_import/lua_docs_chunk_9060d5cd367c9c76.md,1798,2026-05-27T13:07:33.218624+00:00
chunk_c2729fa2cf103021,lua_c48dc6be246cd994,lua_docs,lua_hot_update_documentation,readme,xlua,version.html,https://github.com/Tencent/xLua/blob/master/docs/public/v1/guide/version.html,,2,E:/系统/桌面/工作区/本学期/大三下/IT项目管理/大作业/Data/KnowledgeBase/processed_clean/dify_import/lua_docs_chunk_c2729fa2cf103021.md,1799,2026-05-27T13:07:33.219828+00:00
chunk_aaeb86111902d935,lua_c48dc6be246cd994,lua_docs,lua_hot_update_documentation,readme,xlua,version.html,https://github.com/Tencent/xLua/blob/master/docs/public/v1/guide/version.html,,3,E:/系统/桌面/工作区/本学期/大三下/IT项目管理/大作业/Data/KnowledgeBase/processed_clean/dify_import/lua_docs_chunk_aaeb86111902d935.md,1797,2026-05-27T13:07:33.221127+00:00
chunk_78a0c8216bc9f082,lua_c48dc6be246cd994,lua_docs,lua_hot_update_documentation,readme,xlua,version.html,https://github.com/Tencent/xLua/blob/master/docs/public/v1/guide/version.html,,4,E:/系统/桌面/工作区/本学期/大三下/IT项目管理/大作业/Data/KnowledgeBase/processed_clean/dify_import/lua_docs_chunk_78a0c8216bc9f082.md,1790,2026-05-27T13:07:33.222739+00:00
chunk_d0b6b7a639098834,lua_c48dc6be246cd994,lua_docs,lua_hot_update_documentation,readme,xlua,version.html,https://github.com/Tencent/xLua/blob/master/docs/public/v1/guide/version.html,,5,E:/系统/桌面/工作区/本学期/大三下/IT项目管理/大作业/Data/KnowledgeBase/processed_clean/dify_import/lua_docs_chunk_d0b6b7a639098834.md,830,2026-05-27T13:07:33.223947+00:00
chunk_447810dfa9140b15,lua_5fda87bcfa0ee405,lua_docs,lua_hot_update_documentation,guide,xlua,partials,https://github.com/Tencent/xLua/tree/master/docs/source/themes/catlib/layout/partials,,1,E:/系统/桌面/工作区/本学期/大三下/IT项目管理/大作业/Data/KnowledgeBase/processed_clean/dify_import/lua_docs_chunk_447810dfa9140b15.md,667,2026-05-27T13:07:33.226127+00:00
chunk_18a9a58186c1bbd7,lua_2ba458a5444f8c26,lua_docs,lua_hot_update_documentation,guide,xlua,index.ejs,https://github.com/Tencent/xLua/blob/master/docs/source/themes/catlib/layout/index.ejs,,1,E:/系统/桌面/工作区/本学期/大三下/IT项目管理/大作业/Data/KnowledgeBase/processed_clean/dify_import/lua_docs_chunk_18a9a58186c1bbd7.md,1327,2026-05-27T13:07:33.228927+00:00
chunk_2f79bc902b1ee781,lua_d318b8b348ba1121,lua_docs,lua_hot_update_documentation,guide,xlua,layout.ejs,https://github.com/Tencent/xLua/blob/master/docs/source/themes/catlib/layout/layout.ejs,,1,E:/系统/桌面/工作区/本学期/大三下/IT项目管理/大作业/Data/KnowledgeBase/processed_clean/dify_import/lua_docs_chunk_2f79bc902b1ee781.md,1703,2026-05-27T13:07:33.232916+00:00
chunk_8097a1be188bee4c,lua_826dc69ea7cbd9a0,lua_docs,lua_hot_update_documentation,guide,xlua,page.ejs,https://github.com/Tencent/xLua/blob/master/docs/source/themes/catlib/layout/page.ejs,,1,E:/系统/桌面/工作区/本学期/大三下/IT项目管理/大作业/Data/KnowledgeBase/processed_clean/dify_import/lua_docs_chunk_8097a1be188bee4c.md,1795,2026-05-27T13:07:33.236832+00:00
chunk_8c10295f0c34524c,lua_826dc69ea7cbd9a0,lua_docs,lua_hot_update_documentation,guide,xlua,page.ejs,https://github.com/Tencent/xLua/blob/master/docs/source/themes/catlib/layout/page.ejs,,2,E:/系统/桌面/工作区/本学期/大三下/IT项目管理/大作业/Data/KnowledgeBase/processed_clean/dify_import/lua_docs_chunk_8c10295f0c34524c.md,1795,2026-05-27T13:07:33.238059+00:00
chunk_35b32f57f3e66086,lua_826dc69ea7cbd9a0,lua_docs,lua_hot_update_documentation,guide,xlua,page.ejs,https://github.com/Tencent/xLua/blob/master/docs/source/themes/catlib/layout/page.ejs,,3,E:/系统/桌面/工作区/本学期/大三下/IT项目管理/大作业/Data/KnowledgeBase/processed_clean/dify_import/lua_docs_chunk_35b32f57f3e66086.md,743,2026-05-27T13:07:33.239216+00:00
chunk_d9d7eca054a711e9,lua_9f80aa70b28e035f,lua_docs,lua_hot_update_documentation,guide,xlua,css,https://github.com/Tencent/xLua/tree/master/docs/source/themes/catlib/source/css,,1,E:/系统/桌面/工作区/本学期/大三下/IT项目管理/大作业/Data/KnowledgeBase/processed_clean/dify_import/lua_docs_chunk_d9d7eca054a711e9.md,763,2026-05-27T13:07:33.242080+00:00
chunk_4defa552b725dabb,lua_6ad3eeebaba09ade,lua_docs,lua_hot_update_documentation,guide,xlua,images,https://github.com/Tencent/xLua/tree/master/docs/source/themes/catlib/source/images,,1,E:/系统/桌面/工作区/本学期/大三下/IT项目管理/大作业/Data/KnowledgeBase/processed_clean/dify_import/lua_docs_chunk_4defa552b725dabb.md,807,2026-05-27T13:07:33.244555+00:00
chunk_fad6cde42511f8ea,lua_eeb1e5c3c577754c,lua_docs,lua_hot_update_documentation,guide,xlua,js,https://github.com/Tencent/xLua/tree/master/docs/source/themes/catlib/source/js,,1,E:/系统/桌面/工作区/本学期/大三下/IT项目管理/大作业/Data/KnowledgeBase/processed_clean/dify_import/lua_docs_chunk_fad6cde42511f8ea.md,629,2026-05-27T13:07:33.247075+00:00
chunk_3b263ad54da9c2a6,lua_7a16b9315ba981a5,lua_docs,lua_hot_update_documentation,guide,xlua,article.ejs,https://github.com/Tencent/xLua/blob/master/docs/source/themes/catlib/layout/partials/article.ejs,,1,E:/系统/桌面/工作区/本学期/大三下/IT项目管理/大作业/Data/KnowledgeBase/processed_clean/dify_import/lua_docs_chunk_3b263ad54da9c2a6.md,1273,2026-05-27T13:07:33.249762+00:00
chunk_9dfe5172df63674f,lua_ec169dd67759bf11,lua_docs,lua_hot_update_documentation,guide,xlua,sidebar.ejs,https://github.com/Tencent/xLua/blob/master/docs/source/themes/catlib/layout/partials/sidebar.ejs,,1,E:/系统/桌面/工作区/本学期/大三下/IT项目管理/大作业/Data/KnowledgeBase/processed_clean/dify_import/lua_docs_chunk_9dfe5172df63674f.md,1658,2026-05-27T13:07:33.252927+00:00
chunk_0944211fdc2e43fe,lua_ddf2ae0ce7405c07,lua_docs,lua_hot_update_documentation,guide,xlua,_common.styl,https://github.com/Tencent/xLua/blob/master/docs/source/themes/catlib/source/css/_common.styl,,1,E:/系统/桌面/工作区/本学期/大三下/IT项目管理/大作业/Data/KnowledgeBase/processed_clean/dify_import/lua_docs_chunk_0944211fdc2e43fe.md,1791,2026-05-27T13:07:33.256019+00:00
chunk_05c25c2351655c1f,lua_ddf2ae0ce7405c07,lua_docs,lua_hot_update_documentation,guide,xlua,_common.styl,https://github.com/Tencent/xLua/blob/master/docs/source/themes/catlib/source/css/_common.styl,,2,E:/系统/桌面/工作区/本学期/大三下/IT项目管理/大作业/Data/KnowledgeBase/processed_clean/dify_import/lua_docs_chunk_05c25c2351655c1f.md,561,2026-05-27T13:07:33.257499+00:00
chunk_993fa79331182565,lua_e061858bc3c65fd5,lua_docs,lua_hot_update_documentation,guide,xlua,_markdown.styl,https://github.com/Tencent/xLua/blob/master/docs/source/themes/catlib/source/css/_markdown.styl,,1,E:/系统/桌面/工作区/本学期/大三下/IT项目管理/大作业/Data/KnowledgeBase/processed_clean/dify_import/lua_docs_chunk_993fa79331182565.md,1798,2026-05-27T13:07:33.262872+00:00
chunk_2e2543ed9cfb1dba,lua_e061858bc3c65fd5,lua_docs,lua_hot_update_documentation,guide,xlua,_markdown.styl,https://github.com/Tencent/xLua/blob/master/docs/source/themes/catlib/source/css/_markdown.styl,,2,E:/系统/桌面/工作区/本学期/大三下/IT项目管理/大作业/Data/KnowledgeBase/processed_clean/dify_import/lua_docs_chunk_2e2543ed9cfb1dba.md,1796,2026-05-27T13:07:33.264490+00:00
chunk_6f71b51dfe83aa53,lua_e061858bc3c65fd5,lua_docs,lua_hot_update_documentation,guide,xlua,_markdown.styl,https://github.com/Tencent/xLua/blob/master/docs/source/themes/catlib/source/css/_markdown.styl,,3,E:/系统/桌面/工作区/本学期/大三下/IT项目管理/大作业/Data/KnowledgeBase/processed_clean/dify_import/lua_docs_chunk_6f71b51dfe83aa53.md,1799,2026-05-27T13:07:33.265725+00:00
chunk_ce3cb45b774585cf,lua_e061858bc3c65fd5,lua_docs,lua_hot_update_documentation,guide,xlua,_markdown.styl,https://github.com/Tencent/xLua/blob/master/docs/source/themes/catlib/source/css/_markdown.styl,,4,E:/系统/桌面/工作区/本学期/大三下/IT项目管理/大作业/Data/KnowledgeBase/processed_clean/dify_import/lua_docs_chunk_ce3cb45b774585cf.md,1786,2026-05-27T13:07:33.266834+00:00
chunk_bb9b812cfd3ce9d9,lua_d9fcf36910c4513f,lua_docs,lua_hot_update_documentation,guide,xlua,_settings.styl,https://github.com/Tencent/xLua/blob/master/docs/source/themes/catlib/source/css/_settings.styl,,1,E:/系统/桌面/工作区/本学期/大三下/IT项目管理/大作业/Data/KnowledgeBase/processed_clean/dify_import/lua_docs_chunk_bb9b812cfd3ce9d9.md,1247,2026-05-27T13:07:33.269120+00:00
chunk_12591d3d6b65c7c8,lua_bb76e106e1902c39,lua_docs,lua_hot_update_documentation,guide,xlua,_sidebar.styl,https://github.com/Tencent/xLua/blob/master/docs/source/themes/catlib/source/css/_sidebar.styl,,1,E:/系统/桌面/工作区/本学期/大三下/IT项目管理/大作业/Data/KnowledgeBase/processed_clean/dify_import/lua_docs_chunk_12591d3d6b65c7c8.md,1366,2026-05-27T13:07:33.272229+00:00
chunk_01276f76f208f724,lua_0361fe4917898f73,lua_docs,lua_hot_update_documentation,guide,xlua,index.styl,https://github.com/Tencent/xLua/blob/master/docs/source/themes/catlib/source/css/index.styl,,1,E:/系统/桌面/工作区/本学期/大三下/IT项目管理/大作业/Data/KnowledgeBase/processed_clean/dify_import/lua_docs_chunk_01276f76f208f724.md,1796,2026-05-27T13:07:33.275923+00:00
chunk_fe0abbde4aa08e26,lua_0361fe4917898f73,lua_docs,lua_hot_update_documentation,guide,xlua,index.styl,https://github.com/Tencent/xLua/blob/master/docs/source/themes/catlib/source/css/index.styl,,2,E:/系统/桌面/工作区/本学期/大三下/IT项目管理/大作业/Data/KnowledgeBase/processed_clean/dify_import/lua_docs_chunk_fe0abbde4aa08e26.md,1793,2026-05-27T13:07:33.277398+00:00
chunk_3573b0a8844260df,lua_0361fe4917898f73,lua_docs,lua_hot_update_documentation,guide,xlua,index.styl,https://github.com/Tencent/xLua/blob/master/docs/source/themes/catlib/source/css/index.styl,,3,E:/系统/桌面/工作区/本学期/大三下/IT项目管理/大作业/Data/KnowledgeBase/processed_clean/dify_import/lua_docs_chunk_3573b0a8844260df.md,1075,2026-05-27T13:07:33.278597+00:00
chunk_054bd7cc41280921,lua_3758d6fbdf6b1533,lua_docs,lua_hot_update_documentation,guide,xlua,page.styl,https://github.com/Tencent/xLua/blob/master/docs/source/themes/catlib/source/css/page.styl,,1,E:/系统/桌面/工作区/本学期/大三下/IT项目管理/大作业/Data/KnowledgeBase/processed_clean/dify_import/lua_docs_chunk_054bd7cc41280921.md,1797,2026-05-27T13:07:33.281561+00:00
chunk_146011ec2be5d601,lua_3758d6fbdf6b1533,lua_docs,lua_hot_update_documentation,guide,xlua,page.styl,https://github.com/Tencent/xLua/blob/master/docs/source/themes/catlib/source/css/page.styl,,2,E:/系统/桌面/工作区/本学期/大三下/IT项目管理/大作业/Data/KnowledgeBase/processed_clean/dify_import/lua_docs_chunk_146011ec2be5d601.md,1726,2026-05-27T13:07:33.282821+00:00
chunk_906d252d0be2bc13,lua_3e124d31215569cc,lua_docs,lua_hot_update_documentation,guide,xlua,github.png,https://github.com/Tencent/xLua/blob/master/docs/source/themes/catlib/source/images/github.png,,1,E:/系统/桌面/工作区/本学期/大三下/IT项目管理/大作业/Data/KnowledgeBase/processed_clean/dify_import/lua_docs_chunk_906d252d0be2bc13.md,547,2026-05-27T13:07:33.285260+00:00
chunk_8d434f0df24cb7ec,lua_6b1e905b1f3ca90c,lua_docs,lua_hot_update_documentation,guide,xlua,logo.png,https://github.com/Tencent/xLua/blob/master/docs/source/themes/catlib/source/images/logo.png,,1,E:/系统/桌面/工作区/本学期/大三下/IT项目管理/大作业/Data/KnowledgeBase/processed_clean/dify_import/lua_docs_chunk_8d434f0df24cb7ec.md,539,2026-05-27T13:07:33.287316+00:00
chunk_1f86dcbde9ae2259,lua_be2ef37b1e95918d,lua_docs,lua_hot_update_documentation,guide,xlua,power.png,https://github.com/Tencent/xLua/blob/master/docs/source/themes/catlib/source/images/power.png,,1,E:/系统/桌面/工作区/本学期/大三下/IT项目管理/大作业/Data/KnowledgeBase/processed_clean/dify_import/lua_docs_chunk_1f86dcbde9ae2259.md,543,2026-05-27T13:07:33.289694+00:00
chunk_85ac373ba3104a5c,lua_2156dea8fb4ccbac,lua_docs,lua_hot_update_documentation,guide,xlua,quick.png,https://github.com/Tencent/xLua/blob/master/docs/source/themes/catlib/source/images/quick.png,,1,E:/系统/桌面/工作区/本学期/大三下/IT项目管理/大作业/Data/KnowledgeBase/processed_clean/dify_import/lua_docs_chunk_85ac373ba3104a5c.md,543,2026-05-27T13:07:33.291864+00:00
chunk_b64b38d38e78678e,lua_07e02bc43980f49f,lua_docs,lua_hot_update_documentation,guide,xlua,reliable.png,https://github.com/Tencent/xLua/blob/master/docs/source/themes/catlib/source/images/reliable.png,,1,E:/系统/桌面/工作区/本学期/大三下/IT项目管理/大作业/Data/KnowledgeBase/processed_clean/dify_import/lua_docs_chunk_b64b38d38e78678e.md,555,2026-05-27T13:07:33.293804+00:00
chunk_b7963f3767b8b564,lua_91f83b398d284637,lua_docs,lua_hot_update_documentation,guide,xlua,search.focus.png,https://github.com/Tencent/xLua/blob/master/docs/source/themes/catlib/source/images/search.focus.png,,1,E:/系统/桌面/工作区/本学期/大三下/IT项目管理/大作业/Data/KnowledgeBase/processed_clean/dify_import/lua_docs_chunk_b7963f3767b8b564.md,575,2026-05-27T13:07:33.295823+00:00
chunk_bf7860e0eedda8a6,lua_93b191a8bf9c789f,lua_docs,lua_hot_update_documentation,guide,xlua,search.png,https://github.com/Tencent/xLua/blob/master/docs/source/themes/catlib/source/images/search.png,,1,E:/系统/桌面/工作区/本学期/大三下/IT项目管理/大作业/Data/KnowledgeBase/processed_clean/dify_import/lua_docs_chunk_bf7860e0eedda8a6.md,547,2026-05-27T13:07:33.298155+00:00
chunk_c5344b930567ec88,lua_2691d8de75d096df,lua_docs,lua_hot_update_documentation,guide,xlua,simple.png,https://github.com/Tencent/xLua/blob/master/docs/source/themes/catlib/source/images/simple.png,,1,E:/系统/桌面/工作区/本学期/大三下/IT项目管理/大作业/Data/KnowledgeBase/processed_clean/dify_import/lua_docs_chunk_c5344b930567ec88.md,547,2026-05-27T13:07:33.300119+00:00
chunk_631328c0ff68135f,lua_03868b110bcee5ef,lua_docs,lua_hot_update_documentation,guide,xlua,jquery.js,https://github.com/Tencent/xLua/blob/master/docs/source/themes/catlib/source/js/jquery.js,,1,E:/系统/桌面/工作区/本学期/大三下/IT项目管理/大作业/Data/KnowledgeBase/processed_clean/dify_import/lua_docs_chunk_631328c0ff68135f.md,740,2026-05-27T13:07:33.307270+00:00
chunk_41b7e163f66115f5,lua_03868b110bcee5ef,lua_docs,lua_hot_update_documentation,guide,xlua,jquery.js,https://github.com/Tencent/xLua/blob/master/docs/source/themes/catlib/source/js/jquery.js,,2,E:/系统/桌面/工作区/本学期/大三下/IT项目管理/大作业/Data/KnowledgeBase/processed_clean/dify_import/lua_docs_chunk_41b7e163f66115f5.md,1800,2026-05-27T13:07:33.308598+00:00
chunk_396e825323745879,lua_03868b110bcee5ef,lua_docs,lua_hot_update_documentation,guide,xlua,jquery.js,https://github.com/Tencent/xLua/blob/master/docs/source/themes/catlib/source/js/jquery.js,,3,E:/系统/桌面/工作区/本学期/大三下/IT项目管理/大作业/Data/KnowledgeBase/processed_clean/dify_import/lua_docs_chunk_396e825323745879.md,1800,2026-05-27T13:07:33.309966+00:00
chunk_d83894f808e2d57d,lua_03868b110bcee5ef,lua_docs,lua_hot_update_documentation,guide,xlua,jquery.js,https://github.com/Tencent/xLua/blob/master/docs/source/themes/catlib/source/js/jquery.js,,4,E:/系统/桌面/工作区/本学期/大三下/IT项目管理/大作业/Data/KnowledgeBase/processed_clean/dify_import/lua_docs_chunk_d83894f808e2d57d.md,1800,2026-05-27T13:07:33.311664+00:00
chunk_7f8a7aca8ffb158d,lua_03868b110bcee5ef,lua_docs,lua_hot_update_documentation,guide,xlua,jquery.js,https://github.com/Tencent/xLua/blob/master/docs/source/themes/catlib/source/js/jquery.js,,5,E:/系统/桌面/工作区/本学期/大三下/IT项目管理/大作业/Data/KnowledgeBase/processed_clean/dify_import/lua_docs_chunk_7f8a7aca8ffb158d.md,1800,2026-05-27T13:07:33.312947+00:00
chunk_e4d92afede197957,lua_03868b110bcee5ef,lua_docs,lua_hot_update_documentation,guide,xlua,jquery.js,https://github.com/Tencent/xLua/blob/master/docs/source/themes/catlib/source/js/jquery.js,,6,E:/系统/桌面/工作区/本学期/大三下/IT项目管理/大作业/Data/KnowledgeBase/processed_clean/dify_import/lua_docs_chunk_e4d92afede197957.md,1800,2026-05-27T13:07:33.314160+00:00
chunk_b81ee56dbb3d87ca,lua_03868b110bcee5ef,lua_docs,lua_hot_update_documentation,guide,xlua,jquery.js,https://github.com/Tencent/xLua/blob/master/docs/source/themes/catlib/source/js/jquery.js,,7,E:/系统/桌面/工作区/本学期/大三下/IT项目管理/大作业/Data/KnowledgeBase/processed_clean/dify_import/lua_docs_chunk_b81ee56dbb3d87ca.md,1800,2026-05-27T13:07:33.315506+00:00
chunk_a049d4ce14732735,lua_03868b110bcee5ef,lua_docs,lua_hot_update_documentation,guide,xlua,jquery.js,https://github.com/Tencent/xLua/blob/master/docs/source/themes/catlib/source/js/jquery.js,,8,E:/系统/桌面/工作区/本学期/大三下/IT项目管理/大作业/Data/KnowledgeBase/processed_clean/dify_import/lua_docs_chunk_a049d4ce14732735.md,1800,2026-05-27T13:07:33.316478+00:00
chunk_aad3aa41da4a1001,lua_03868b110bcee5ef,lua_docs,lua_hot_update_documentation,guide,xlua,jquery.js,https://github.com/Tencent/xLua/blob/master/docs/source/themes/catlib/source/js/jquery.js,,9,E:/系统/桌面/工作区/本学期/大三下/IT项目管理/大作业/Data/KnowledgeBase/processed_clean/dify_import/lua_docs_chunk_aad3aa41da4a1001.md,1800,2026-05-27T13:07:33.317385+00:00
chunk_93d498f887545dd8,lua_03868b110bcee5ef,lua_docs,lua_hot_update_documentation,guide,xlua,jquery.js,https://github.com/Tencent/xLua/blob/master/docs/source/themes/catlib/source/js/jquery.js,,10,E:/系统/桌面/工作区/本学期/大三下/IT项目管理/大作业/Data/KnowledgeBase/processed_clean/dify_import/lua_docs_chunk_93d498f887545dd8.md,1800,2026-05-27T13:07:33.318958+00:00
chunk_9949669d0470003b,lua_03868b110bcee5ef,lua_docs,lua_hot_update_documentation,guide,xlua,jquery.js,https://github.com/Tencent/xLua/blob/master/docs/source/themes/catlib/source/js/jquery.js,,11,E:/系统/桌面/工作区/本学期/大三下/IT项目管理/大作业/Data/KnowledgeBase/processed_clean/dify_import/lua_docs_chunk_9949669d0470003b.md,1800,2026-05-27T13:07:33.320731+00:00
chunk_53e13baaabe24a87,lua_03868b110bcee5ef,lua_docs,lua_hot_update_documentation,guide,xlua,jquery.js,https://github.com/Tencent/xLua/blob/master/docs/source/themes/catlib/source/js/jquery.js,,12,E:/系统/桌面/工作区/本学期/大三下/IT项目管理/大作业/Data/KnowledgeBase/processed_clean/dify_import/lua_docs_chunk_53e13baaabe24a87.md,1800,2026-05-27T13:07:33.322077+00:00
chunk_f4c262c2caca74b5,lua_03868b110bcee5ef,lua_docs,lua_hot_update_documentation,guide,xlua,jquery.js,https://github.com/Tencent/xLua/blob/master/docs/source/themes/catlib/source/js/jquery.js,,13,E:/系统/桌面/工作区/本学期/大三下/IT项目管理/大作业/Data/KnowledgeBase/processed_clean/dify_import/lua_docs_chunk_f4c262c2caca74b5.md,1800,2026-05-27T13:07:33.323245+00:00
chunk_f5b9fcf79ee6a9f5,lua_03868b110bcee5ef,lua_docs,lua_hot_update_documentation,guide,xlua,jquery.js,https://github.com/Tencent/xLua/blob/master/docs/source/themes/catlib/source/js/jquery.js,,14,E:/系统/桌面/工作区/本学期/大三下/IT项目管理/大作业/Data/KnowledgeBase/processed_clean/dify_import/lua_docs_chunk_f5b9fcf79ee6a9f5.md,1800,2026-05-27T13:07:33.324546+00:00
chunk_2a64d9258345e6bb,lua_03868b110bcee5ef,lua_docs,lua_hot_update_documentation,guide,xlua,jquery.js,https://github.com/Tencent/xLua/blob/master/docs/source/themes/catlib/source/js/jquery.js,,15,E:/系统/桌面/工作区/本学期/大三下/IT项目管理/大作业/Data/KnowledgeBase/processed_clean/dify_import/lua_docs_chunk_2a64d9258345e6bb.md,1800,2026-05-27T13:07:33.326259+00:00
chunk_21316ea50e4ea848,lua_03868b110bcee5ef,lua_docs,lua_hot_update_documentation,guide,xlua,jquery.js,https://github.com/Tencent/xLua/blob/master/docs/source/themes/catlib/source/js/jquery.js,,16,E:/系统/桌面/工作区/本学期/大三下/IT项目管理/大作业/Data/KnowledgeBase/processed_clean/dify_import/lua_docs_chunk_21316ea50e4ea848.md,1800,2026-05-27T13:07:33.327262+00:00
chunk_976ef929a04c5372,lua_03868b110bcee5ef,lua_docs,lua_hot_update_documentation,guide,xlua,jquery.js,https://github.com/Tencent/xLua/blob/master/docs/source/themes/catlib/source/js/jquery.js,,17,E:/系统/桌面/工作区/本学期/大三下/IT项目管理/大作业/Data/KnowledgeBase/processed_clean/dify_import/lua_docs_chunk_976ef929a04c5372.md,1800,2026-05-27T13:07:33.328326+00:00
chunk_b45999a436ae3278,lua_03868b110bcee5ef,lua_docs,lua_hot_update_documentation,guide,xlua,jquery.js,https://github.com/Tencent/xLua/blob/master/docs/source/themes/catlib/source/js/jquery.js,,18,E:/系统/桌面/工作区/本学期/大三下/IT项目管理/大作业/Data/KnowledgeBase/processed_clean/dify_import/lua_docs_chunk_b45999a436ae3278.md,1800,2026-05-27T13:07:33.329445+00:00
chunk_e752ef02ed3c13fa,lua_03868b110bcee5ef,lua_docs,lua_hot_update_documentation,guide,xlua,jquery.js,https://github.com/Tencent/xLua/blob/master/docs/source/themes/catlib/source/js/jquery.js,,19,E:/系统/桌面/工作区/本学期/大三下/IT项目管理/大作业/Data/KnowledgeBase/processed_clean/dify_import/lua_docs_chunk_e752ef02ed3c13fa.md,1800,2026-05-27T13:07:33.330645+00:00
chunk_86f3f3cbea5a0056,lua_03868b110bcee5ef,lua_docs,lua_hot_update_documentation,guide,xlua,jquery.js,https://github.com/Tencent/xLua/blob/master/docs/source/themes/catlib/source/js/jquery.js,,20,E:/系统/桌面/工作区/本学期/大三下/IT项目管理/大作业/Data/KnowledgeBase/processed_clean/dify_import/lua_docs_chunk_86f3f3cbea5a0056.md,1800,2026-05-27T13:07:33.331821+00:00
chunk_3d9d4aa43a6cdfbd,lua_03868b110bcee5ef,lua_docs,lua_hot_update_documentation,guide,xlua,jquery.js,https://github.com/Tencent/xLua/blob/master/docs/source/themes/catlib/source/js/jquery.js,,21,E:/系统/桌面/工作区/本学期/大三下/IT项目管理/大作业/Data/KnowledgeBase/processed_clean/dify_import/lua_docs_chunk_3d9d4aa43a6cdfbd.md,1253,2026-05-27T13:07:33.333054+00:00
chunk_fe1e1fe0e6843198,lua_03868b110bcee5ef,lua_docs,lua_hot_update_documentation,guide,xlua,jquery.js,https://github.com/Tencent/xLua/blob/master/docs/source/themes/catlib/source/js/jquery.js,,22,E:/系统/桌面/工作区/本学期/大三下/IT项目管理/大作业/Data/KnowledgeBase/processed_clean/dify_import/lua_docs_chunk_fe1e1fe0e6843198.md,1800,2026-05-27T13:07:33.334264+00:00
chunk_f62d32eee23d68bc,lua_03868b110bcee5ef,lua_docs,lua_hot_update_documentation,guide,xlua,jquery.js,https://github.com/Tencent/xLua/blob/master/docs/source/themes/catlib/source/js/jquery.js,,23,E:/系统/桌面/工作区/本学期/大三下/IT项目管理/大作业/Data/KnowledgeBase/processed_clean/dify_import/lua_docs_chunk_f62d32eee23d68bc.md,1800,2026-05-27T13:07:33.335695+00:00
chunk_e14b8c14059eb051,lua_03868b110bcee5ef,lua_docs,lua_hot_update_documentation,guide,xlua,jquery.js,https://github.com/Tencent/xLua/blob/master/docs/source/themes/catlib/source/js/jquery.js,,24,E:/系统/桌面/工作区/本学期/大三下/IT项目管理/大作业/Data/KnowledgeBase/processed_clean/dify_import/lua_docs_chunk_e14b8c14059eb051.md,1800,2026-05-27T13:07:33.336699+00:00
chunk_6cc469336a7f6ec3,lua_03868b110bcee5ef,lua_docs,lua_hot_update_documentation,guide,xlua,jquery.js,https://github.com/Tencent/xLua/blob/master/docs/source/themes/catlib/source/js/jquery.js,,25,E:/系统/桌面/工作区/本学期/大三下/IT项目管理/大作业/Data/KnowledgeBase/processed_clean/dify_import/lua_docs_chunk_6cc469336a7f6ec3.md,1800,2026-05-27T13:07:33.337758+00:00
chunk_7f86439fa19eae1d,lua_03868b110bcee5ef,lua_docs,lua_hot_update_documentation,guide,xlua,jquery.js,https://github.com/Tencent/xLua/blob/master/docs/source/themes/catlib/source/js/jquery.js,,26,E:/系统/桌面/工作区/本学期/大三下/IT项目管理/大作业/Data/KnowledgeBase/processed_clean/dify_import/lua_docs_chunk_7f86439fa19eae1d.md,1800,2026-05-27T13:07:33.338556+00:00
chunk_5a7d34d6b8742d00,lua_03868b110bcee5ef,lua_docs,lua_hot_update_documentation,guide,xlua,jquery.js,https://github.com/Tencent/xLua/blob/master/docs/source/themes/catlib/source/js/jquery.js,,27,E:/系统/桌面/工作区/本学期/大三下/IT项目管理/大作业/Data/KnowledgeBase/processed_clean/dify_import/lua_docs_chunk_5a7d34d6b8742d00.md,1800,2026-05-27T13:07:33.339844+00:00
chunk_dada539e90fdfb69,lua_03868b110bcee5ef,lua_docs,lua_hot_update_documentation,guide,xlua,jquery.js,https://github.com/Tencent/xLua/blob/master/docs/source/themes/catlib/source/js/jquery.js,,28,E:/系统/桌面/工作区/本学期/大三下/IT项目管理/大作业/Data/KnowledgeBase/processed_clean/dify_import/lua_docs_chunk_dada539e90fdfb69.md,1800,2026-05-27T13:07:33.340764+00:00
chunk_b6f4ed4ebcf5c3ca,lua_03868b110bcee5ef,lua_docs,lua_hot_update_documentation,guide,xlua,jquery.js,https://github.com/Tencent/xLua/blob/master/docs/source/themes/catlib/source/js/jquery.js,,29,E:/系统/桌面/工作区/本学期/大三下/IT项目管理/大作业/Data/KnowledgeBase/processed_clean/dify_import/lua_docs_chunk_b6f4ed4ebcf5c3ca.md,1800,2026-05-27T13:07:33.341872+00:00
chunk_49f9d9506e071a4c,lua_03868b110bcee5ef,lua_docs,lua_hot_update_documentation,guide,xlua,jquery.js,https://github.com/Tencent/xLua/blob/master/docs/source/themes/catlib/source/js/jquery.js,,30,E:/系统/桌面/工作区/本学期/大三下/IT项目管理/大作业/Data/KnowledgeBase/processed_clean/dify_import/lua_docs_chunk_49f9d9506e071a4c.md,1800,2026-05-27T13:07:33.342897+00:00
chunk_840b2f168bb41069,lua_03868b110bcee5ef,lua_docs,lua_hot_update_documentation,guide,xlua,jquery.js,https://github.com/Tencent/xLua/blob/master/docs/source/themes/catlib/source/js/jquery.js,,31,E:/系统/桌面/工作区/本学期/大三下/IT项目管理/大作业/Data/KnowledgeBase/processed_clean/dify_import/lua_docs_chunk_840b2f168bb41069.md,1800,2026-05-27T13:07:33.344226+00:00
chunk_97d79bb4434dd85c,lua_03868b110bcee5ef,lua_docs,lua_hot_update_documentation,guide,xlua,jquery.js,https://github.com/Tencent/xLua/blob/master/docs/source/themes/catlib/source/js/jquery.js,,32,E:/系统/桌面/工作区/本学期/大三下/IT项目管理/大作业/Data/KnowledgeBase/processed_clean/dify_import/lua_docs_chunk_97d79bb4434dd85c.md,1800,2026-05-27T13:07:33.345099+00:00
chunk_f6d3b02f53d6e1d6,lua_03868b110bcee5ef,lua_docs,lua_hot_update_documentation,guide,xlua,jquery.js,https://github.com/Tencent/xLua/blob/master/docs/source/themes/catlib/source/js/jquery.js,,33,E:/系统/桌面/工作区/本学期/大三下/IT项目管理/大作业/Data/KnowledgeBase/processed_clean/dify_import/lua_docs_chunk_f6d3b02f53d6e1d6.md,1800,2026-05-27T13:07:33.346242+00:00
chunk_46d00b5c748b96df,lua_03868b110bcee5ef,lua_docs,lua_hot_update_documentation,guide,xlua,jquery.js,https://github.com/Tencent/xLua/blob/master/docs/source/themes/catlib/source/js/jquery.js,,34,E:/系统/桌面/工作区/本学期/大三下/IT项目管理/大作业/Data/KnowledgeBase/processed_clean/dify_import/lua_docs_chunk_46d00b5c748b96df.md,1800,2026-05-27T13:07:33.347309+00:00
chunk_97e604d914c244b3,lua_03868b110bcee5ef,lua_docs,lua_hot_update_documentation,guide,xlua,jquery.js,https://github.com/Tencent/xLua/blob/master/docs/source/themes/catlib/source/js/jquery.js,,35,E:/系统/桌面/工作区/本学期/大三下/IT项目管理/大作业/Data/KnowledgeBase/processed_clean/dify_import/lua_docs_chunk_97e604d914c244b3.md,1800,2026-05-27T13:07:33.348544+00:00
chunk_d493b116898849a6,lua_03868b110bcee5ef,lua_docs,lua_hot_update_documentation,guide,xlua,jquery.js,https://github.com/Tencent/xLua/blob/master/docs/source/themes/catlib/source/js/jquery.js,,36,E:/系统/桌面/工作区/本学期/大三下/IT项目管理/大作业/Data/KnowledgeBase/processed_clean/dify_import/lua_docs_chunk_d493b116898849a6.md,1800,2026-05-27T13:07:33.349747+00:00
chunk_2e09191eda09e20b,lua_03868b110bcee5ef,lua_docs,lua_hot_update_documentation,guide,xlua,jquery.js,https://github.com/Tencent/xLua/blob/master/docs/source/themes/catlib/source/js/jquery.js,,37,E:/系统/桌面/工作区/本学期/大三下/IT项目管理/大作业/Data/KnowledgeBase/processed_clean/dify_import/lua_docs_chunk_2e09191eda09e20b.md,1800,2026-05-27T13:07:33.351175+00:00
chunk_306e1f1cc16d8819,lua_03868b110bcee5ef,lua_docs,lua_hot_update_documentation,guide,xlua,jquery.js,https://github.com/Tencent/xLua/blob/master/docs/source/themes/catlib/source/js/jquery.js,,38,E:/系统/桌面/工作区/本学期/大三下/IT项目管理/大作业/Data/KnowledgeBase/processed_clean/dify_import/lua_docs_chunk_306e1f1cc16d8819.md,1800,2026-05-27T13:07:33.352475+00:00
chunk_833bb18fdb14dafa,lua_03868b110bcee5ef,lua_docs,lua_hot_update_documentation,guide,xlua,jquery.js,https://github.com/Tencent/xLua/blob/master/docs/source/themes/catlib/source/js/jquery.js,,39,E:/系统/桌面/工作区/本学期/大三下/IT项目管理/大作业/Data/KnowledgeBase/processed_clean/dify_import/lua_docs_chunk_833bb18fdb14dafa.md,1800,2026-05-27T13:07:33.354163+00:00
chunk_68513bad49d5edb1,lua_03868b110bcee5ef,lua_docs,lua_hot_update_documentation,guide,xlua,jquery.js,https://github.com/Tencent/xLua/blob/master/docs/source/themes/catlib/source/js/jquery.js,,40,E:/系统/桌面/工作区/本学期/大三下/IT项目管理/大作业/Data/KnowledgeBase/processed_clean/dify_import/lua_docs_chunk_68513bad49d5edb1.md,1800,2026-05-27T13:07:33.355394+00:00
chunk_9ddd987f85303cea,lua_03868b110bcee5ef,lua_docs,lua_hot_update_documentation,guide,xlua,jquery.js,https://github.com/Tencent/xLua/blob/master/docs/source/themes/catlib/source/js/jquery.js,,41,E:/系统/桌面/工作区/本学期/大三下/IT项目管理/大作业/Data/KnowledgeBase/processed_clean/dify_import/lua_docs_chunk_9ddd987f85303cea.md,1278,2026-05-27T13:07:33.356660+00:00
chunk_dc4d13d7c601838c,lua_03868b110bcee5ef,lua_docs,lua_hot_update_documentation,guide,xlua,jquery.js,https://github.com/Tencent/xLua/blob/master/docs/source/themes/catlib/source/js/jquery.js,,42,E:/系统/桌面/工作区/本学期/大三下/IT项目管理/大作业/Data/KnowledgeBase/processed_clean/dify_import/lua_docs_chunk_dc4d13d7c601838c.md,1800,2026-05-27T13:07:33.358022+00:00
chunk_6532f4ffd1de7403,lua_03868b110bcee5ef,lua_docs,lua_hot_update_documentation,guide,xlua,jquery.js,https://github.com/Tencent/xLua/blob/master/docs/source/themes/catlib/source/js/jquery.js,,43,E:/系统/桌面/工作区/本学期/大三下/IT项目管理/大作业/Data/KnowledgeBase/processed_clean/dify_import/lua_docs_chunk_6532f4ffd1de7403.md,1800,2026-05-27T13:07:33.359849+00:00
chunk_69bbf8d4ea7cbacb,lua_03868b110bcee5ef,lua_docs,lua_hot_update_documentation,guide,xlua,jquery.js,https://github.com/Tencent/xLua/blob/master/docs/source/themes/catlib/source/js/jquery.js,,44,E:/系统/桌面/工作区/本学期/大三下/IT项目管理/大作业/Data/KnowledgeBase/processed_clean/dify_import/lua_docs_chunk_69bbf8d4ea7cbacb.md,1800,2026-05-27T13:07:33.361117+00:00
chunk_c7651a4dfb039397,lua_03868b110bcee5ef,lua_docs,lua_hot_update_documentation,guide,xlua,jquery.js,https://github.com/Tencent/xLua/blob/master/docs/source/themes/catlib/source/js/jquery.js,,45,E:/系统/桌面/工作区/本学期/大三下/IT项目管理/大作业/Data/KnowledgeBase/processed_clean/dify_import/lua_docs_chunk_c7651a4dfb039397.md,1800,2026-05-27T13:07:33.362341+00:00
chunk_6f818d3c6d6f22a8,lua_03868b110bcee5ef,lua_docs,lua_hot_update_documentation,guide,xlua,jquery.js,https://github.com/Tencent/xLua/blob/master/docs/source/themes/catlib/source/js/jquery.js,,46,E:/系统/桌面/工作区/本学期/大三下/IT项目管理/大作业/Data/KnowledgeBase/processed_clean/dify_import/lua_docs_chunk_6f818d3c6d6f22a8.md,1800,2026-05-27T13:07:33.363712+00:00
chunk_196cfa3b88707fe8,lua_03868b110bcee5ef,lua_docs,lua_hot_update_documentation,guide,xlua,jquery.js,https://github.com/Tencent/xLua/blob/master/docs/source/themes/catlib/source/js/jquery.js,,47,E:/系统/桌面/工作区/本学期/大三下/IT项目管理/大作业/Data/KnowledgeBase/processed_clean/dify_import/lua_docs_chunk_196cfa3b88707fe8.md,1800,2026-05-27T13:07:33.364960+00:00
chunk_8ecac3556b6823ee,lua_03868b110bcee5ef,lua_docs,lua_hot_update_documentation,guide,xlua,jquery.js,https://github.com/Tencent/xLua/blob/master/docs/source/themes/catlib/source/js/jquery.js,,48,E:/系统/桌面/工作区/本学期/大三下/IT项目管理/大作业/Data/KnowledgeBase/processed_clean/dify_import/lua_docs_chunk_8ecac3556b6823ee.md,1800,2026-05-27T13:07:33.366452+00:00
chunk_5327e8482739df46,lua_03868b110bcee5ef,lua_docs,lua_hot_update_documentation,guide,xlua,jquery.js,https://github.com/Tencent/xLua/blob/master/docs/source/themes/catlib/source/js/jquery.js,,49,E:/系统/桌面/工作区/本学期/大三下/IT项目管理/大作业/Data/KnowledgeBase/processed_clean/dify_import/lua_docs_chunk_5327e8482739df46.md,1800,2026-05-27T13:07:33.368256+00:00
chunk_9695d7e7d9498a1d,lua_03868b110bcee5ef,lua_docs,lua_hot_update_documentation,guide,xlua,jquery.js,https://github.com/Tencent/xLua/blob/master/docs/source/themes/catlib/source/js/jquery.js,,50,E:/系统/桌面/工作区/本学期/大三下/IT项目管理/大作业/Data/KnowledgeBase/processed_clean/dify_import/lua_docs_chunk_9695d7e7d9498a1d.md,1800,2026-05-27T13:07:33.369449+00:00
chunk_365368c110eb472e,lua_03868b110bcee5ef,lua_docs,lua_hot_update_documentation,guide,xlua,jquery.js,https://github.com/Tencent/xLua/blob/master/docs/source/themes/catlib/source/js/jquery.js,,51,E:/系统/桌面/工作区/本学期/大三下/IT项目管理/大作业/Data/KnowledgeBase/processed_clean/dify_import/lua_docs_chunk_365368c110eb472e.md,1800,2026-05-27T13:07:33.370895+00:00
chunk_495569464137d491,lua_03868b110bcee5ef,lua_docs,lua_hot_update_documentation,guide,xlua,jquery.js,https://github.com/Tencent/xLua/blob/master/docs/source/themes/catlib/source/js/jquery.js,,52,E:/系统/桌面/工作区/本学期/大三下/IT项目管理/大作业/Data/KnowledgeBase/processed_clean/dify_import/lua_docs_chunk_495569464137d491.md,1800,2026-05-27T13:07:33.372135+00:00
chunk_f11c757b0c3b2f05,lua_03868b110bcee5ef,lua_docs,lua_hot_update_documentation,guide,xlua,jquery.js,https://github.com/Tencent/xLua/blob/master/docs/source/themes/catlib/source/js/jquery.js,,53,E:/系统/桌面/工作区/本学期/大三下/IT项目管理/大作业/Data/KnowledgeBase/processed_clean/dify_import/lua_docs_chunk_f11c757b0c3b2f05.md,1800,2026-05-27T13:07:33.373303+00:00
chunk_9490901e3feb9708,lua_03868b110bcee5ef,lua_docs,lua_hot_update_documentation,guide,xlua,jquery.js,https://github.com/Tencent/xLua/blob/master/docs/source/themes/catlib/source/js/jquery.js,,54,E:/系统/桌面/工作区/本学期/大三下/IT项目管理/大作业/Data/KnowledgeBase/processed_clean/dify_import/lua_docs_chunk_9490901e3feb9708.md,1800,2026-05-27T13:07:33.374686+00:00
chunk_0f744ee1b311cc4e,lua_03868b110bcee5ef,lua_docs,lua_hot_update_documentation,guide,xlua,jquery.js,https://github.com/Tencent/xLua/blob/master/docs/source/themes/catlib/source/js/jquery.js,,55,E:/系统/桌面/工作区/本学期/大三下/IT项目管理/大作业/Data/KnowledgeBase/processed_clean/dify_import/lua_docs_chunk_0f744ee1b311cc4e.md,1420,2026-05-27T13:07:33.376300+00:00
