chunk_id,source_id,source,source_type,section,framework,title,url,crawl_batch,chunk_index,file,chars,prepared_at
chunk_2d0b1b1620f00c8e,unity_35b8e0d8a4b8e459,unity_docs,official_documentation,Manual,,Preferences reference,https://docs.unity3d.com/6000.4/Documentation/Manual/Preferences.html,unity_docs_incremental_260527_002,1,E:/系统/桌面/工作区/本学期/大三下/IT项目管理/大作业/Data/KnowledgeBase/processed_clean/dify_import/unity_docs_chunk_2d0b1b1620f00c8e.md,1617,2026-05-27T13:13:27.728397+00:00
chunk_9c9c8cb4b0037bc1,unity_35b8e0d8a4b8e459,unity_docs,official_documentation,Manual,,Preferences reference,https://docs.unity3d.com/6000.4/Documentation/Manual/Preferences.html,unity_docs_incremental_260527_002,2,E:/系统/桌面/工作区/本学期/大三下/IT项目管理/大作业/Data/KnowledgeBase/processed_clean/dify_import/unity_docs_chunk_9c9c8cb4b0037bc1.md,563,2026-05-27T13:13:27.729513+00:00
chunk_4038f7dfc1f01b28,unity_adc471cb3020d966,unity_docs,official_documentation,Manual,,Gizmos introduction,https://docs.unity3d.com/6000.4/Documentation/Manual/gizmos-introduction.html,unity_docs_incremental_260527_002,1,E:/系统/桌面/工作区/本学期/大三下/IT项目管理/大作业/Data/KnowledgeBase/processed_clean/dify_import/unity_docs_chunk_4038f7dfc1f01b28.md,1794,2026-05-27T13:13:27.732212+00:00
chunk_5d538ed8c7cdde53,unity_adc471cb3020d966,unity_docs,official_documentation,Manual,,Gizmos introduction,https://docs.unity3d.com/6000.4/Documentation/Manual/gizmos-introduction.html,unity_docs_incremental_260527_002,2,E:/系统/桌面/工作区/本学期/大三下/IT项目管理/大作业/Data/KnowledgeBase/processed_clean/dify_import/unity_docs_chunk_5d538ed8c7cdde53.md,1790,2026-05-27T13:13:27.733206+00:00
chunk_619afa17f14027bd,unity_adc471cb3020d966,unity_docs,official_documentation,Manual,,Gizmos introduction,https://docs.unity3d.com/6000.4/Documentation/Manual/gizmos-introduction.html,unity_docs_incremental_260527_002,3,E:/系统/桌面/工作区/本学期/大三下/IT项目管理/大作业/Data/KnowledgeBase/processed_clean/dify_import/unity_docs_chunk_619afa17f14027bd.md,1754,2026-05-27T13:13:27.734359+00:00
chunk_987201e7a21fd4bf,unity_adc471cb3020d966,unity_docs,official_documentation,Manual,,Gizmos introduction,https://docs.unity3d.com/6000.4/Documentation/Manual/gizmos-introduction.html,unity_docs_incremental_260527_002,4,E:/系统/桌面/工作区/本学期/大三下/IT项目管理/大作业/Data/KnowledgeBase/processed_clean/dify_import/unity_docs_chunk_987201e7a21fd4bf.md,1770,2026-05-27T13:13:27.735383+00:00
chunk_906c7a317140742d,unity_adc471cb3020d966,unity_docs,official_documentation,Manual,,Gizmos introduction,https://docs.unity3d.com/6000.4/Documentation/Manual/gizmos-introduction.html,unity_docs_incremental_260527_002,5,E:/系统/桌面/工作区/本学期/大三下/IT项目管理/大作业/Data/KnowledgeBase/processed_clean/dify_import/unity_docs_chunk_906c7a317140742d.md,1722,2026-05-27T13:13:27.736322+00:00
chunk_1f9892e401568d1d,unity_adc471cb3020d966,unity_docs,official_documentation,Manual,,Gizmos introduction,https://docs.unity3d.com/6000.4/Documentation/Manual/gizmos-introduction.html,unity_docs_incremental_260527_002,6,E:/系统/桌面/工作区/本学期/大三下/IT项目管理/大作业/Data/KnowledgeBase/processed_clean/dify_import/unity_docs_chunk_1f9892e401568d1d.md,1677,2026-05-27T13:13:27.737173+00:00
chunk_360477ebf08a9cd7,unity_f3cb1f61d2b8fd2c,unity_docs,official_documentation,Manual,,Programming with gizmos and handles,https://docs.unity3d.com/6000.4/Documentation/Manual/gizmos-handles-programming.html,unity_docs_incremental_260527_002,1,E:/系统/桌面/工作区/本学期/大三下/IT项目管理/大作业/Data/KnowledgeBase/processed_clean/dify_import/unity_docs_chunk_360477ebf08a9cd7.md,1769,2026-05-27T13:13:27.739616+00:00
chunk_9f7bb870d017ed30,unity_f3cb1f61d2b8fd2c,unity_docs,official_documentation,Manual,,Programming with gizmos and handles,https://docs.unity3d.com/6000.4/Documentation/Manual/gizmos-handles-programming.html,unity_docs_incremental_260527_002,2,E:/系统/桌面/工作区/本学期/大三下/IT项目管理/大作业/Data/KnowledgeBase/processed_clean/dify_import/unity_docs_chunk_9f7bb870d017ed30.md,1670,2026-05-27T13:13:27.740495+00:00
chunk_2ad5ceec691d6b1f,unity_f3cb1f61d2b8fd2c,unity_docs,official_documentation,Manual,,Programming with gizmos and handles,https://docs.unity3d.com/6000.4/Documentation/Manual/gizmos-handles-programming.html,unity_docs_incremental_260527_002,3,E:/系统/桌面/工作区/本学期/大三下/IT项目管理/大作业/Data/KnowledgeBase/processed_clean/dify_import/unity_docs_chunk_2ad5ceec691d6b1f.md,1572,2026-05-27T13:13:27.741293+00:00
chunk_388bedb344cd5a9b,unity_e86a30edca30b437,unity_docs,official_documentation,Manual,,Introducing Android,https://docs.unity3d.com/6000.4/Documentation/Manual/android-introducing.html,unity_docs_incremental_260527_002,1,E:/系统/桌面/工作区/本学期/大三下/IT项目管理/大作业/Data/KnowledgeBase/processed_clean/dify_import/unity_docs_chunk_388bedb344cd5a9b.md,1707,2026-05-27T13:13:27.742520+00:00
chunk_c830a3d7025385c8,unity_7313f888283bfc5b,unity_docs,official_documentation,Manual,,Unity and Gradle version compatibility,https://docs.unity3d.com/6000.4/Documentation/Manual/android-gradle-version-compatibility.html,unity_docs_incremental_260527_002,1,E:/系统/桌面/工作区/本学期/大三下/IT项目管理/大作业/Data/KnowledgeBase/processed_clean/dify_import/unity_docs_chunk_c830a3d7025385c8.md,1524,2026-05-27T13:13:27.743959+00:00
chunk_fc3e549c7bfcaad4,unity_6af18589c8b3f3a5,unity_docs,official_documentation,Manual,,Gradle project files,https://docs.unity3d.com/6000.4/Documentation/Manual/android-gradle-project-files.html,unity_docs_incremental_260527_002,1,E:/系统/桌面/工作区/本学期/大三下/IT项目管理/大作业/Data/KnowledgeBase/processed_clean/dify_import/unity_docs_chunk_fc3e549c7bfcaad4.md,1764,2026-05-27T13:13:27.745492+00:00
chunk_668e2f31b9b9e405,unity_6af18589c8b3f3a5,unity_docs,official_documentation,Manual,,Gradle project files,https://docs.unity3d.com/6000.4/Documentation/Manual/android-gradle-project-files.html,unity_docs_incremental_260527_002,2,E:/系统/桌面/工作区/本学期/大三下/IT项目管理/大作业/Data/KnowledgeBase/processed_clean/dify_import/unity_docs_chunk_668e2f31b9b9e405.md,254,2026-05-27T13:13:27.746116+00:00
chunk_c0e219def4950870,unity_a2cf1e1d42165160,unity_docs,official_documentation,Manual,,Gradle project structure,https://docs.unity3d.com/6000.4/Documentation/Manual/android-gradle-project-structure.html,unity_docs_incremental_260527_002,1,E:/系统/桌面/工作区/本学期/大三下/IT项目管理/大作业/Data/KnowledgeBase/processed_clean/dify_import/unity_docs_chunk_c0e219def4950870.md,1727,2026-05-27T13:13:27.748265+00:00
chunk_0eebc9fd4a52734e,unity_a2cf1e1d42165160,unity_docs,official_documentation,Manual,,Gradle project structure,https://docs.unity3d.com/6000.4/Documentation/Manual/android-gradle-project-structure.html,unity_docs_incremental_260527_002,2,E:/系统/桌面/工作区/本学期/大三下/IT项目管理/大作业/Data/KnowledgeBase/processed_clean/dify_import/unity_docs_chunk_0eebc9fd4a52734e.md,1768,2026-05-27T13:13:27.749189+00:00
chunk_dc6f548c5487a9e5,unity_a2cf1e1d42165160,unity_docs,official_documentation,Manual,,Gradle project structure,https://docs.unity3d.com/6000.4/Documentation/Manual/android-gradle-project-structure.html,unity_docs_incremental_260527_002,3,E:/系统/桌面/工作区/本学期/大三下/IT项目管理/大作业/Data/KnowledgeBase/processed_clean/dify_import/unity_docs_chunk_dc6f548c5487a9e5.md,1732,2026-05-27T13:13:27.749889+00:00
chunk_54c5d656f81b0723,unity_a2cf1e1d42165160,unity_docs,official_documentation,Manual,,Gradle project structure,https://docs.unity3d.com/6000.4/Documentation/Manual/android-gradle-project-structure.html,unity_docs_incremental_260527_002,4,E:/系统/桌面/工作区/本学期/大三下/IT项目管理/大作业/Data/KnowledgeBase/processed_clean/dify_import/unity_docs_chunk_54c5d656f81b0723.md,1786,2026-05-27T13:13:27.750801+00:00
chunk_7e6d55c14f0ad3a5,unity_a2cf1e1d42165160,unity_docs,official_documentation,Manual,,Gradle project structure,https://docs.unity3d.com/6000.4/Documentation/Manual/android-gradle-project-structure.html,unity_docs_incremental_260527_002,5,E:/系统/桌面/工作区/本学期/大三下/IT项目管理/大作业/Data/KnowledgeBase/processed_clean/dify_import/unity_docs_chunk_7e6d55c14f0ad3a5.md,1767,2026-05-27T13:13:27.751762+00:00
chunk_8ed2aba5b96cc5a4,unity_a2cf1e1d42165160,unity_docs,official_documentation,Manual,,Gradle project structure,https://docs.unity3d.com/6000.4/Documentation/Manual/android-gradle-project-structure.html,unity_docs_incremental_260527_002,6,E:/系统/桌面/工作区/本学期/大三下/IT项目管理/大作业/Data/KnowledgeBase/processed_clean/dify_import/unity_docs_chunk_8ed2aba5b96cc5a4.md,1643,2026-05-27T13:13:27.752730+00:00
chunk_11b7968cb5aa5d08,unity_a2cf1e1d42165160,unity_docs,official_documentation,Manual,,Gradle project structure,https://docs.unity3d.com/6000.4/Documentation/Manual/android-gradle-project-structure.html,unity_docs_incremental_260527_002,7,E:/系统/桌面/工作区/本学期/大三下/IT项目管理/大作业/Data/KnowledgeBase/processed_clean/dify_import/unity_docs_chunk_11b7968cb5aa5d08.md,449,2026-05-27T13:13:27.753502+00:00
chunk_2fccf6eb45f11947,unity_6246026440dd861b,unity_docs,official_documentation,Manual,,Unity specific properties in gradle.properties file,https://docs.unity3d.com/6000.4/Documentation/Manual/android-gradle-properties.html,unity_docs_incremental_260527_002,1,E:/系统/桌面/工作区/本学期/大三下/IT项目管理/大作业/Data/KnowledgeBase/processed_clean/dify_import/unity_docs_chunk_2fccf6eb45f11947.md,1684,2026-05-27T13:13:27.755334+00:00
chunk_51afe99ea22592a3,unity_6246026440dd861b,unity_docs,official_documentation,Manual,,Unity specific properties in gradle.properties file,https://docs.unity3d.com/6000.4/Documentation/Manual/android-gradle-properties.html,unity_docs_incremental_260527_002,2,E:/系统/桌面/工作区/本学期/大三下/IT项目管理/大作业/Data/KnowledgeBase/processed_clean/dify_import/unity_docs_chunk_51afe99ea22592a3.md,1707,2026-05-27T13:13:27.756370+00:00
chunk_5f5a6ee64ba1b2c1,unity_2ec943c624b6b77c,unity_docs,official_documentation,Manual,,Play Asset Delivery,https://docs.unity3d.com/6000.4/Documentation/Manual/play-asset-delivery.html,unity_docs_incremental_260527_002,1,E:/系统/桌面/工作区/本学期/大三下/IT项目管理/大作业/Data/KnowledgeBase/processed_clean/dify_import/unity_docs_chunk_5f5a6ee64ba1b2c1.md,1781,2026-05-27T13:13:27.758276+00:00
chunk_c0f49cc65b1e5f0c,unity_6339e402c6a13978,unity_docs,official_documentation,Manual,,Activate and access Particle System modules,https://docs.unity3d.com/6000.4/Documentation/Manual/activate-access-particle-system-modules.html,unity_docs_incremental_260527_002,1,E:/系统/桌面/工作区/本学期/大三下/IT项目管理/大作业/Data/KnowledgeBase/processed_clean/dify_import/unity_docs_chunk_c0f49cc65b1e5f0c.md,1589,2026-05-27T13:13:27.759699+00:00
chunk_3f75ce2620c1459b,unity_6339e402c6a13978,unity_docs,official_documentation,Manual,,Activate and access Particle System modules,https://docs.unity3d.com/6000.4/Documentation/Manual/activate-access-particle-system-modules.html,unity_docs_incremental_260527_002,2,E:/系统/桌面/工作区/本学期/大三下/IT项目管理/大作业/Data/KnowledgeBase/processed_clean/dify_import/unity_docs_chunk_3f75ce2620c1459b.md,1034,2026-05-27T13:13:27.760213+00:00
chunk_799c1ba8a04fdbe1,unity_3190027287d3f3fb,unity_docs,official_documentation,Manual,,Emission module reference,https://docs.unity3d.com/6000.4/Documentation/Manual/PartSysEmissionModule.html,unity_docs_incremental_260527_002,1,E:/系统/桌面/工作区/本学期/大三下/IT项目管理/大作业/Data/KnowledgeBase/processed_clean/dify_import/unity_docs_chunk_799c1ba8a04fdbe1.md,1696,2026-05-27T13:13:27.761499+00:00
chunk_85d469227d05c51c,unity_3190027287d3f3fb,unity_docs,official_documentation,Manual,,Emission module reference,https://docs.unity3d.com/6000.4/Documentation/Manual/PartSysEmissionModule.html,unity_docs_incremental_260527_002,2,E:/系统/桌面/工作区/本学期/大三下/IT项目管理/大作业/Data/KnowledgeBase/processed_clean/dify_import/unity_docs_chunk_85d469227d05c51c.md,240,2026-05-27T13:13:27.762431+00:00
chunk_7ccba371fd8a2046,unity_7a17a1ce6b352ecb,unity_docs,official_documentation,Manual,,Vary Particle System properties over time,https://docs.unity3d.com/6000.4/Documentation/Manual/varying-particle-system-properties-over-time.html,unity_docs_incremental_260527_002,1,E:/系统/桌面/工作区/本学期/大三下/IT项目管理/大作业/Data/KnowledgeBase/processed_clean/dify_import/unity_docs_chunk_7ccba371fd8a2046.md,1782,2026-05-27T13:13:27.764057+00:00
chunk_886694c67951d1d8,unity_7a17a1ce6b352ecb,unity_docs,official_documentation,Manual,,Vary Particle System properties over time,https://docs.unity3d.com/6000.4/Documentation/Manual/varying-particle-system-properties-over-time.html,unity_docs_incremental_260527_002,2,E:/系统/桌面/工作区/本学期/大三下/IT项目管理/大作业/Data/KnowledgeBase/processed_clean/dify_import/unity_docs_chunk_886694c67951d1d8.md,1737,2026-05-27T13:13:27.764797+00:00
chunk_b9860f3a1d753713,unity_7a17a1ce6b352ecb,unity_docs,official_documentation,Manual,,Vary Particle System properties over time,https://docs.unity3d.com/6000.4/Documentation/Manual/varying-particle-system-properties-over-time.html,unity_docs_incremental_260527_002,3,E:/系统/桌面/工作区/本学期/大三下/IT项目管理/大作业/Data/KnowledgeBase/processed_clean/dify_import/unity_docs_chunk_b9860f3a1d753713.md,1764,2026-05-27T13:13:27.765796+00:00
chunk_990fb57ac543806d,unity_7a17a1ce6b352ecb,unity_docs,official_documentation,Manual,,Vary Particle System properties over time,https://docs.unity3d.com/6000.4/Documentation/Manual/varying-particle-system-properties-over-time.html,unity_docs_incremental_260527_002,4,E:/系统/桌面/工作区/本学期/大三下/IT项目管理/大作业/Data/KnowledgeBase/processed_clean/dify_import/unity_docs_chunk_990fb57ac543806d.md,734,2026-05-27T13:13:27.766761+00:00
chunk_f54a67af95404efb,unity_724e9f2e72f17e63,unity_docs,official_documentation,Manual,,Create and configure a halo light effect,https://docs.unity3d.com/6000.4/Documentation/Manual/create-configure-halo.html,unity_docs_incremental_260527_002,1,E:/系统/桌面/工作区/本学期/大三下/IT项目管理/大作业/Data/KnowledgeBase/processed_clean/dify_import/unity_docs_chunk_f54a67af95404efb.md,1711,2026-05-27T13:13:27.768026+00:00
chunk_0dd249e768ec1f21,unity_724e9f2e72f17e63,unity_docs,official_documentation,Manual,,Create and configure a halo light effect,https://docs.unity3d.com/6000.4/Documentation/Manual/create-configure-halo.html,unity_docs_incremental_260527_002,2,E:/系统/桌面/工作区/本学期/大三下/IT项目管理/大作业/Data/KnowledgeBase/processed_clean/dify_import/unity_docs_chunk_0dd249e768ec1f21.md,397,2026-05-27T13:13:27.768868+00:00
chunk_abd5014e70499267,unity_69823c2a298c0f1f,unity_docs,official_documentation,ScriptReference,,HingeJoint,https://docs.unity3d.com/6000.4/Documentation/ScriptReference/HingeJoint.html,unity_docs_incremental_260527_002,1,E:/系统/桌面/工作区/本学期/大三下/IT项目管理/大作业/Data/KnowledgeBase/processed_clean/dify_import/unity_docs_chunk_abd5014e70499267.md,1769,2026-05-27T13:13:27.770337+00:00
chunk_3d66cf133f6bfb42,unity_69823c2a298c0f1f,unity_docs,official_documentation,ScriptReference,,HingeJoint,https://docs.unity3d.com/6000.4/Documentation/ScriptReference/HingeJoint.html,unity_docs_incremental_260527_002,2,E:/系统/桌面/工作区/本学期/大三下/IT项目管理/大作业/Data/KnowledgeBase/processed_clean/dify_import/unity_docs_chunk_3d66cf133f6bfb42.md,1767,2026-05-27T13:13:27.771260+00:00
chunk_2fc91cd2b3a92e9d,unity_69823c2a298c0f1f,unity_docs,official_documentation,ScriptReference,,HingeJoint,https://docs.unity3d.com/6000.4/Documentation/ScriptReference/HingeJoint.html,unity_docs_incremental_260527_002,3,E:/系统/桌面/工作区/本学期/大三下/IT项目管理/大作业/Data/KnowledgeBase/processed_clean/dify_import/unity_docs_chunk_2fc91cd2b3a92e9d.md,1778,2026-05-27T13:13:27.772076+00:00
chunk_f65cc715f53e142b,unity_69823c2a298c0f1f,unity_docs,official_documentation,ScriptReference,,HingeJoint,https://docs.unity3d.com/6000.4/Documentation/ScriptReference/HingeJoint.html,unity_docs_incremental_260527_002,4,E:/系统/桌面/工作区/本学期/大三下/IT项目管理/大作业/Data/KnowledgeBase/processed_clean/dify_import/unity_docs_chunk_f65cc715f53e142b.md,451,2026-05-27T13:13:27.772888+00:00
chunk_2d4d79d351d6fdb5,unity_15add1c131701825,unity_docs,official_documentation,Manual,,Introduction to IL2CPP,https://docs.unity3d.com/6000.4/Documentation/Manual/il2cpp-introduction.html,unity_docs_incremental_260527_002,1,E:/系统/桌面/工作区/本学期/大三下/IT项目管理/大作业/Data/KnowledgeBase/processed_clean/dify_import/unity_docs_chunk_2d4d79d351d6fdb5.md,1663,2026-05-27T13:13:27.775429+00:00
chunk_a22f4b7dcd830bea,unity_15add1c131701825,unity_docs,official_documentation,Manual,,Introduction to IL2CPP,https://docs.unity3d.com/6000.4/Documentation/Manual/il2cpp-introduction.html,unity_docs_incremental_260527_002,2,E:/系统/桌面/工作区/本学期/大三下/IT项目管理/大作业/Data/KnowledgeBase/processed_clean/dify_import/unity_docs_chunk_a22f4b7dcd830bea.md,1786,2026-05-27T13:13:27.776347+00:00
chunk_89e946afe8820903,unity_15add1c131701825,unity_docs,official_documentation,Manual,,Introduction to IL2CPP,https://docs.unity3d.com/6000.4/Documentation/Manual/il2cpp-introduction.html,unity_docs_incremental_260527_002,3,E:/系统/桌面/工作区/本学期/大三下/IT项目管理/大作业/Data/KnowledgeBase/processed_clean/dify_import/unity_docs_chunk_89e946afe8820903.md,1692,2026-05-27T13:13:27.777090+00:00
chunk_d38a42da1e026e38,unity_15add1c131701825,unity_docs,official_documentation,Manual,,Introduction to IL2CPP,https://docs.unity3d.com/6000.4/Documentation/Manual/il2cpp-introduction.html,unity_docs_incremental_260527_002,4,E:/系统/桌面/工作区/本学期/大三下/IT项目管理/大作业/Data/KnowledgeBase/processed_clean/dify_import/unity_docs_chunk_d38a42da1e026e38.md,1251,2026-05-27T13:13:27.777910+00:00
chunk_c867e26383a06dc4,unity_9f03397ad0b3bda4,unity_docs,official_documentation,Manual,,IL2CPP runtime code checks,https://docs.unity3d.com/6000.4/Documentation/Manual/il2cpp-runtime-checks.html,unity_docs_incremental_260527_002,1,E:/系统/桌面/工作区/本学期/大三下/IT项目管理/大作业/Data/KnowledgeBase/processed_clean/dify_import/unity_docs_chunk_c867e26383a06dc4.md,1753,2026-05-27T13:13:27.779594+00:00
chunk_0dd481dc8b7893c3,unity_9f03397ad0b3bda4,unity_docs,official_documentation,Manual,,IL2CPP runtime code checks,https://docs.unity3d.com/6000.4/Documentation/Manual/il2cpp-runtime-checks.html,unity_docs_incremental_260527_002,2,E:/系统/桌面/工作区/本学期/大三下/IT项目管理/大作业/Data/KnowledgeBase/processed_clean/dify_import/unity_docs_chunk_0dd481dc8b7893c3.md,1799,2026-05-27T13:13:27.780354+00:00
chunk_f287adb97ce59c22,unity_9f03397ad0b3bda4,unity_docs,official_documentation,Manual,,IL2CPP runtime code checks,https://docs.unity3d.com/6000.4/Documentation/Manual/il2cpp-runtime-checks.html,unity_docs_incremental_260527_002,3,E:/系统/桌面/工作区/本学期/大三下/IT项目管理/大作业/Data/KnowledgeBase/processed_clean/dify_import/unity_docs_chunk_f287adb97ce59c22.md,566,2026-05-27T13:13:27.780889+00:00
chunk_ab32f8cd4b18c464,unity_4731b3edbdf4bbae,unity_docs,official_documentation,Manual,,Additional IL2CPP compiler arguments,https://docs.unity3d.com/6000.4/Documentation/Manual/handling-il2cpp-additional-args.html,unity_docs_incremental_260527_002,1,E:/系统/桌面/工作区/本学期/大三下/IT项目管理/大作业/Data/KnowledgeBase/processed_clean/dify_import/unity_docs_chunk_ab32f8cd4b18c464.md,1788,2026-05-27T13:13:27.782410+00:00
chunk_218390f6acdfb52d,unity_4731b3edbdf4bbae,unity_docs,official_documentation,Manual,,Additional IL2CPP compiler arguments,https://docs.unity3d.com/6000.4/Documentation/Manual/handling-il2cpp-additional-args.html,unity_docs_incremental_260527_002,2,E:/系统/桌面/工作区/本学期/大三下/IT项目管理/大作业/Data/KnowledgeBase/processed_clean/dify_import/unity_docs_chunk_218390f6acdfb52d.md,1645,2026-05-27T13:13:27.783386+00:00
chunk_9a23bfc01e3d2cc7,unity_4731b3edbdf4bbae,unity_docs,official_documentation,Manual,,Additional IL2CPP compiler arguments,https://docs.unity3d.com/6000.4/Documentation/Manual/handling-il2cpp-additional-args.html,unity_docs_incremental_260527_002,3,E:/系统/桌面/工作区/本学期/大三下/IT项目管理/大作业/Data/KnowledgeBase/processed_clean/dify_import/unity_docs_chunk_9a23bfc01e3d2cc7.md,960,2026-05-27T13:13:27.784516+00:00
chunk_ed4bd88dc5064b6a,unity_bf0cf5e61d7d7a32,unity_docs,official_documentation,Manual,,Linux IL2CPP cross-compiler,https://docs.unity3d.com/6000.4/Documentation/Manual/linux-il2cpp-crosscompiler.html,unity_docs_incremental_260527_002,1,E:/系统/桌面/工作区/本学期/大三下/IT项目管理/大作业/Data/KnowledgeBase/processed_clean/dify_import/unity_docs_chunk_ed4bd88dc5064b6a.md,1750,2026-05-27T13:13:27.786741+00:00
chunk_ff0d95c56b16d559,unity_bf0cf5e61d7d7a32,unity_docs,official_documentation,Manual,,Linux IL2CPP cross-compiler,https://docs.unity3d.com/6000.4/Documentation/Manual/linux-il2cpp-crosscompiler.html,unity_docs_incremental_260527_002,2,E:/系统/桌面/工作区/本学期/大三下/IT项目管理/大作业/Data/KnowledgeBase/processed_clean/dify_import/unity_docs_chunk_ff0d95c56b16d559.md,1728,2026-05-27T13:13:27.787299+00:00
chunk_97ecf3d47804bff3,unity_bf0cf5e61d7d7a32,unity_docs,official_documentation,Manual,,Linux IL2CPP cross-compiler,https://docs.unity3d.com/6000.4/Documentation/Manual/linux-il2cpp-crosscompiler.html,unity_docs_incremental_260527_002,3,E:/系统/桌面/工作区/本学期/大三下/IT项目管理/大作业/Data/KnowledgeBase/processed_clean/dify_import/unity_docs_chunk_97ecf3d47804bff3.md,641,2026-05-27T13:13:27.788046+00:00
chunk_f700b9acf4fd3f5e,unity_236d5ac314f6cb04,unity_docs,official_documentation,Manual,,IL2CPP limitations,https://docs.unity3d.com/6000.4/Documentation/Manual/scripting-restrictions.html,unity_docs_incremental_260527_002,1,E:/系统/桌面/工作区/本学期/大三下/IT项目管理/大作业/Data/KnowledgeBase/processed_clean/dify_import/unity_docs_chunk_f700b9acf4fd3f5e.md,1618,2026-05-27T13:13:27.790014+00:00
chunk_00f71face94dd1f6,unity_236d5ac314f6cb04,unity_docs,official_documentation,Manual,,IL2CPP limitations,https://docs.unity3d.com/6000.4/Documentation/Manual/scripting-restrictions.html,unity_docs_incremental_260527_002,2,E:/系统/桌面/工作区/本学期/大三下/IT项目管理/大作业/Data/KnowledgeBase/processed_clean/dify_import/unity_docs_chunk_00f71face94dd1f6.md,1757,2026-05-27T13:13:27.790549+00:00
chunk_ceea05976a28120d,unity_236d5ac314f6cb04,unity_docs,official_documentation,Manual,,IL2CPP limitations,https://docs.unity3d.com/6000.4/Documentation/Manual/scripting-restrictions.html,unity_docs_incremental_260527_002,3,E:/系统/桌面/工作区/本学期/大三下/IT项目管理/大作业/Data/KnowledgeBase/processed_clean/dify_import/unity_docs_chunk_ceea05976a28120d.md,1782,2026-05-27T13:13:27.791335+00:00
chunk_e3750b137546f530,unity_236d5ac314f6cb04,unity_docs,official_documentation,Manual,,IL2CPP limitations,https://docs.unity3d.com/6000.4/Documentation/Manual/scripting-restrictions.html,unity_docs_incremental_260527_002,4,E:/系统/桌面/工作区/本学期/大三下/IT项目管理/大作业/Data/KnowledgeBase/processed_clean/dify_import/unity_docs_chunk_e3750b137546f530.md,1772,2026-05-27T13:13:27.792034+00:00
chunk_45daf0ae4ae84260,unity_236d5ac314f6cb04,unity_docs,official_documentation,Manual,,IL2CPP limitations,https://docs.unity3d.com/6000.4/Documentation/Manual/scripting-restrictions.html,unity_docs_incremental_260527_002,5,E:/系统/桌面/工作区/本学期/大三下/IT项目管理/大作业/Data/KnowledgeBase/processed_clean/dify_import/unity_docs_chunk_45daf0ae4ae84260.md,321,2026-05-27T13:13:27.793249+00:00
chunk_7edb1f03fef6bb82,unity_6aefd72fd2adf3d8,unity_docs,official_documentation,ScriptReference,,Input .GetKeyDown,https://docs.unity3d.com/6000.4/Documentation/ScriptReference/Input.GetKeyDown.html,unity_docs_incremental_260527_002,1,E:/系统/桌面/工作区/本学期/大三下/IT项目管理/大作业/Data/KnowledgeBase/processed_clean/dify_import/unity_docs_chunk_7edb1f03fef6bb82.md,1550,2026-05-27T13:13:27.794723+00:00
chunk_6131ed31196e8d61,unity_68bbf9b1027385f1,unity_docs,official_documentation,ScriptReference,,Input .GetKeyUp,https://docs.unity3d.com/6000.4/Documentation/ScriptReference/Input.GetKeyUp.html,unity_docs_incremental_260527_002,1,E:/系统/桌面/工作区/本学期/大三下/IT项目管理/大作业/Data/KnowledgeBase/processed_clean/dify_import/unity_docs_chunk_6131ed31196e8d61.md,1537,2026-05-27T13:13:27.796032+00:00
chunk_cec8cf9ec8b93173,unity_2af58c9bd94b266b,unity_docs,official_documentation,ScriptReference,,Input .GetButtonDown,https://docs.unity3d.com/6000.4/Documentation/ScriptReference/Input.GetButtonDown.html,unity_docs_incremental_260527_002,1,E:/系统/桌面/工作区/本学期/大三下/IT项目管理/大作业/Data/KnowledgeBase/processed_clean/dify_import/unity_docs_chunk_cec8cf9ec8b93173.md,1737,2026-05-27T13:13:27.797312+00:00
chunk_f5992a8ae46475b4,unity_d6b7092ba0b53c37,unity_docs,official_documentation,ScriptReference,,Input .GetButtonUp,https://docs.unity3d.com/6000.4/Documentation/ScriptReference/Input.GetButtonUp.html,unity_docs_incremental_260527_002,1,E:/系统/桌面/工作区/本学期/大三下/IT项目管理/大作业/Data/KnowledgeBase/processed_clean/dify_import/unity_docs_chunk_f5992a8ae46475b4.md,1183,2026-05-27T13:13:27.798713+00:00
chunk_6ed16af537300396,unity_9a96633dea3b9b77,unity_docs,official_documentation,ScriptReference,,Input,https://docs.unity3d.com/6000.4/Documentation/ScriptReference/Input.html,unity_docs_incremental_260527_002,1,E:/系统/桌面/工作区/本学期/大三下/IT项目管理/大作业/Data/KnowledgeBase/processed_clean/dify_import/unity_docs_chunk_6ed16af537300396.md,1726,2026-05-27T13:13:27.800544+00:00
chunk_91be2396722b179d,unity_9a96633dea3b9b77,unity_docs,official_documentation,ScriptReference,,Input,https://docs.unity3d.com/6000.4/Documentation/ScriptReference/Input.html,unity_docs_incremental_260527_002,2,E:/系统/桌面/工作区/本学期/大三下/IT项目管理/大作业/Data/KnowledgeBase/processed_clean/dify_import/unity_docs_chunk_91be2396722b179d.md,1791,2026-05-27T13:13:27.801266+00:00
chunk_2c92a755c5daccce,unity_9a96633dea3b9b77,unity_docs,official_documentation,ScriptReference,,Input,https://docs.unity3d.com/6000.4/Documentation/ScriptReference/Input.html,unity_docs_incremental_260527_002,3,E:/系统/桌面/工作区/本学期/大三下/IT项目管理/大作业/Data/KnowledgeBase/processed_clean/dify_import/unity_docs_chunk_2c92a755c5daccce.md,1789,2026-05-27T13:13:27.802182+00:00
chunk_3a12219e6a9376cd,unity_9a96633dea3b9b77,unity_docs,official_documentation,ScriptReference,,Input,https://docs.unity3d.com/6000.4/Documentation/ScriptReference/Input.html,unity_docs_incremental_260527_002,4,E:/系统/桌面/工作区/本学期/大三下/IT项目管理/大作业/Data/KnowledgeBase/processed_clean/dify_import/unity_docs_chunk_3a12219e6a9376cd.md,1755,2026-05-27T13:13:27.803337+00:00
chunk_cb5ce58e2ffb89ff,unity_9a96633dea3b9b77,unity_docs,official_documentation,ScriptReference,,Input,https://docs.unity3d.com/6000.4/Documentation/ScriptReference/Input.html,unity_docs_incremental_260527_002,5,E:/系统/桌面/工作区/本学期/大三下/IT项目管理/大作业/Data/KnowledgeBase/processed_clean/dify_import/unity_docs_chunk_cb5ce58e2ffb89ff.md,1149,2026-05-27T13:13:27.804166+00:00
chunk_b6d840da51301592,unity_1b660f1840650030,unity_docs,official_documentation,ScriptReference,,Update,https://docs.unity3d.com/6000.4/Documentation/ScriptReference/PlayerLoop.Update.html,unity_docs_incremental_260527_002,1,E:/系统/桌面/工作区/本学期/大三下/IT项目管理/大作业/Data/KnowledgeBase/processed_clean/dify_import/unity_docs_chunk_b6d840da51301592.md,385,2026-05-27T13:13:27.805265+00:00
chunk_d6e910aeea77c763,unity_36a283709216da00,unity_docs,official_documentation,ScriptReference,,Input .GetKey,https://docs.unity3d.com/6000.4/Documentation/ScriptReference/Input.GetKey.html,unity_docs_incremental_260527_002,1,E:/系统/桌面/工作区/本学期/大三下/IT项目管理/大作业/Data/KnowledgeBase/processed_clean/dify_import/unity_docs_chunk_d6e910aeea77c763.md,1799,2026-05-27T13:13:27.806493+00:00
chunk_286be9e674e85ca4,unity_a60940958786f8d4,unity_docs,official_documentation,ScriptReference,,KeyCode .A,https://docs.unity3d.com/6000.4/Documentation/ScriptReference/KeyCode.A.html,unity_docs_incremental_260527_002,1,E:/系统/桌面/工作区/本学期/大三下/IT项目管理/大作业/Data/KnowledgeBase/processed_clean/dify_import/unity_docs_chunk_286be9e674e85ca4.md,653,2026-05-27T13:13:27.808511+00:00
chunk_dba172688a363dbc,unity_9fddc5745453390d,unity_docs,official_documentation,ScriptReference,,Time .deltaTime,https://docs.unity3d.com/6000.4/Documentation/ScriptReference/Time-deltaTime.html,unity_docs_incremental_260527_002,1,E:/系统/桌面/工作区/本学期/大三下/IT项目管理/大作业/Data/KnowledgeBase/processed_clean/dify_import/unity_docs_chunk_dba172688a363dbc.md,1795,2026-05-27T13:13:27.810119+00:00
chunk_4667af83a7b0fe54,unity_9fddc5745453390d,unity_docs,official_documentation,ScriptReference,,Time .deltaTime,https://docs.unity3d.com/6000.4/Documentation/ScriptReference/Time-deltaTime.html,unity_docs_incremental_260527_002,2,E:/系统/桌面/工作区/本学期/大三下/IT项目管理/大作业/Data/KnowledgeBase/processed_clean/dify_import/unity_docs_chunk_4667af83a7b0fe54.md,1777,2026-05-27T13:13:27.810963+00:00
chunk_f0de1cda23adc7d7,unity_9fddc5745453390d,unity_docs,official_documentation,ScriptReference,,Time .deltaTime,https://docs.unity3d.com/6000.4/Documentation/ScriptReference/Time-deltaTime.html,unity_docs_incremental_260527_002,3,E:/系统/桌面/工作区/本学期/大三下/IT项目管理/大作业/Data/KnowledgeBase/processed_clean/dify_import/unity_docs_chunk_f0de1cda23adc7d7.md,1034,2026-05-27T13:13:27.811687+00:00
chunk_c01ca54c5cb2fcd9,unity_e38f48e689d5f324,unity_docs,official_documentation,ScriptReference,,UnityEditor,https://docs.unity3d.com/6000.4/Documentation/ScriptReference/UnityEditor.html,unity_docs_incremental_260527_002,1,E:/系统/桌面/工作区/本学期/大三下/IT项目管理/大作业/Data/KnowledgeBase/processed_clean/dify_import/unity_docs_chunk_c01ca54c5cb2fcd9.md,1753,2026-05-27T13:13:27.821231+00:00
chunk_b82552cab82b7ab4,unity_e38f48e689d5f324,unity_docs,official_documentation,ScriptReference,,UnityEditor,https://docs.unity3d.com/6000.4/Documentation/ScriptReference/UnityEditor.html,unity_docs_incremental_260527_002,2,E:/系统/桌面/工作区/本学期/大三下/IT项目管理/大作业/Data/KnowledgeBase/processed_clean/dify_import/unity_docs_chunk_b82552cab82b7ab4.md,1790,2026-05-27T13:13:27.822153+00:00
chunk_2b64e4065a371216,unity_e38f48e689d5f324,unity_docs,official_documentation,ScriptReference,,UnityEditor,https://docs.unity3d.com/6000.4/Documentation/ScriptReference/UnityEditor.html,unity_docs_incremental_260527_002,3,E:/系统/桌面/工作区/本学期/大三下/IT项目管理/大作业/Data/KnowledgeBase/processed_clean/dify_import/unity_docs_chunk_2b64e4065a371216.md,1783,2026-05-27T13:13:27.822929+00:00
chunk_cb1793dc2ca85c57,unity_e38f48e689d5f324,unity_docs,official_documentation,ScriptReference,,UnityEditor,https://docs.unity3d.com/6000.4/Documentation/ScriptReference/UnityEditor.html,unity_docs_incremental_260527_002,4,E:/系统/桌面/工作区/本学期/大三下/IT项目管理/大作业/Data/KnowledgeBase/processed_clean/dify_import/unity_docs_chunk_cb1793dc2ca85c57.md,1747,2026-05-27T13:13:27.823738+00:00
chunk_04aaa228f7137969,unity_e38f48e689d5f324,unity_docs,official_documentation,ScriptReference,,UnityEditor,https://docs.unity3d.com/6000.4/Documentation/ScriptReference/UnityEditor.html,unity_docs_incremental_260527_002,5,E:/系统/桌面/工作区/本学期/大三下/IT项目管理/大作业/Data/KnowledgeBase/processed_clean/dify_import/unity_docs_chunk_04aaa228f7137969.md,1592,2026-05-27T13:13:27.824477+00:00
chunk_21f0725f9d26696b,unity_e38f48e689d5f324,unity_docs,official_documentation,ScriptReference,,UnityEditor,https://docs.unity3d.com/6000.4/Documentation/ScriptReference/UnityEditor.html,unity_docs_incremental_260527_002,6,E:/系统/桌面/工作区/本学期/大三下/IT项目管理/大作业/Data/KnowledgeBase/processed_clean/dify_import/unity_docs_chunk_21f0725f9d26696b.md,1798,2026-05-27T13:13:27.825280+00:00
chunk_c1f22bb2d031e0aa,unity_e38f48e689d5f324,unity_docs,official_documentation,ScriptReference,,UnityEditor,https://docs.unity3d.com/6000.4/Documentation/ScriptReference/UnityEditor.html,unity_docs_incremental_260527_002,7,E:/系统/桌面/工作区/本学期/大三下/IT项目管理/大作业/Data/KnowledgeBase/processed_clean/dify_import/unity_docs_chunk_c1f22bb2d031e0aa.md,1790,2026-05-27T13:13:27.826037+00:00
chunk_f1cbc0ae800c3fc0,unity_e38f48e689d5f324,unity_docs,official_documentation,ScriptReference,,UnityEditor,https://docs.unity3d.com/6000.4/Documentation/ScriptReference/UnityEditor.html,unity_docs_incremental_260527_002,8,E:/系统/桌面/工作区/本学期/大三下/IT项目管理/大作业/Data/KnowledgeBase/processed_clean/dify_import/unity_docs_chunk_f1cbc0ae800c3fc0.md,1771,2026-05-27T13:13:27.826764+00:00
chunk_2eb0227a7881ecf1,unity_e38f48e689d5f324,unity_docs,official_documentation,ScriptReference,,UnityEditor,https://docs.unity3d.com/6000.4/Documentation/ScriptReference/UnityEditor.html,unity_docs_incremental_260527_002,9,E:/系统/桌面/工作区/本学期/大三下/IT项目管理/大作业/Data/KnowledgeBase/processed_clean/dify_import/unity_docs_chunk_2eb0227a7881ecf1.md,1742,2026-05-27T13:13:27.827944+00:00
chunk_19d5916fa4fece58,unity_e38f48e689d5f324,unity_docs,official_documentation,ScriptReference,,UnityEditor,https://docs.unity3d.com/6000.4/Documentation/ScriptReference/UnityEditor.html,unity_docs_incremental_260527_002,10,E:/系统/桌面/工作区/本学期/大三下/IT项目管理/大作业/Data/KnowledgeBase/processed_clean/dify_import/unity_docs_chunk_19d5916fa4fece58.md,1786,2026-05-27T13:13:27.828812+00:00
chunk_6578567881eaa839,unity_e38f48e689d5f324,unity_docs,official_documentation,ScriptReference,,UnityEditor,https://docs.unity3d.com/6000.4/Documentation/ScriptReference/UnityEditor.html,unity_docs_incremental_260527_002,11,E:/系统/桌面/工作区/本学期/大三下/IT项目管理/大作业/Data/KnowledgeBase/processed_clean/dify_import/unity_docs_chunk_6578567881eaa839.md,1725,2026-05-27T13:13:27.829603+00:00
chunk_abba5e549e3bae7a,unity_e38f48e689d5f324,unity_docs,official_documentation,ScriptReference,,UnityEditor,https://docs.unity3d.com/6000.4/Documentation/ScriptReference/UnityEditor.html,unity_docs_incremental_260527_002,12,E:/系统/桌面/工作区/本学期/大三下/IT项目管理/大作业/Data/KnowledgeBase/processed_clean/dify_import/unity_docs_chunk_abba5e549e3bae7a.md,1719,2026-05-27T13:13:27.830358+00:00
chunk_f8c015ae680d8596,unity_e38f48e689d5f324,unity_docs,official_documentation,ScriptReference,,UnityEditor,https://docs.unity3d.com/6000.4/Documentation/ScriptReference/UnityEditor.html,unity_docs_incremental_260527_002,13,E:/系统/桌面/工作区/本学期/大三下/IT项目管理/大作业/Data/KnowledgeBase/processed_clean/dify_import/unity_docs_chunk_f8c015ae680d8596.md,1799,2026-05-27T13:13:27.831134+00:00
chunk_b7f2c6cfbb6fcc40,unity_e38f48e689d5f324,unity_docs,official_documentation,ScriptReference,,UnityEditor,https://docs.unity3d.com/6000.4/Documentation/ScriptReference/UnityEditor.html,unity_docs_incremental_260527_002,14,E:/系统/桌面/工作区/本学期/大三下/IT项目管理/大作业/Data/KnowledgeBase/processed_clean/dify_import/unity_docs_chunk_b7f2c6cfbb6fcc40.md,1796,2026-05-27T13:13:27.831916+00:00
chunk_53cf08d97d583674,unity_e38f48e689d5f324,unity_docs,official_documentation,ScriptReference,,UnityEditor,https://docs.unity3d.com/6000.4/Documentation/ScriptReference/UnityEditor.html,unity_docs_incremental_260527_002,15,E:/系统/桌面/工作区/本学期/大三下/IT项目管理/大作业/Data/KnowledgeBase/processed_clean/dify_import/unity_docs_chunk_53cf08d97d583674.md,1776,2026-05-27T13:13:27.832451+00:00
chunk_4a23308bcf048496,unity_e38f48e689d5f324,unity_docs,official_documentation,ScriptReference,,UnityEditor,https://docs.unity3d.com/6000.4/Documentation/ScriptReference/UnityEditor.html,unity_docs_incremental_260527_002,16,E:/系统/桌面/工作区/本学期/大三下/IT项目管理/大作业/Data/KnowledgeBase/processed_clean/dify_import/unity_docs_chunk_4a23308bcf048496.md,1746,2026-05-27T13:13:27.833338+00:00
chunk_db0b11fb4992a982,unity_e38f48e689d5f324,unity_docs,official_documentation,ScriptReference,,UnityEditor,https://docs.unity3d.com/6000.4/Documentation/ScriptReference/UnityEditor.html,unity_docs_incremental_260527_002,17,E:/系统/桌面/工作区/本学期/大三下/IT项目管理/大作业/Data/KnowledgeBase/processed_clean/dify_import/unity_docs_chunk_db0b11fb4992a982.md,1723,2026-05-27T13:13:27.834564+00:00
chunk_1eeab6a4c099ee68,unity_e38f48e689d5f324,unity_docs,official_documentation,ScriptReference,,UnityEditor,https://docs.unity3d.com/6000.4/Documentation/ScriptReference/UnityEditor.html,unity_docs_incremental_260527_002,18,E:/系统/桌面/工作区/本学期/大三下/IT项目管理/大作业/Data/KnowledgeBase/processed_clean/dify_import/unity_docs_chunk_1eeab6a4c099ee68.md,1794,2026-05-27T13:13:27.835556+00:00
chunk_ccb78f3328115cc5,unity_e38f48e689d5f324,unity_docs,official_documentation,ScriptReference,,UnityEditor,https://docs.unity3d.com/6000.4/Documentation/ScriptReference/UnityEditor.html,unity_docs_incremental_260527_002,19,E:/系统/桌面/工作区/本学期/大三下/IT项目管理/大作业/Data/KnowledgeBase/processed_clean/dify_import/unity_docs_chunk_ccb78f3328115cc5.md,1794,2026-05-27T13:13:27.836283+00:00
chunk_46c4a5753a40599d,unity_e38f48e689d5f324,unity_docs,official_documentation,ScriptReference,,UnityEditor,https://docs.unity3d.com/6000.4/Documentation/ScriptReference/UnityEditor.html,unity_docs_incremental_260527_002,20,E:/系统/桌面/工作区/本学期/大三下/IT项目管理/大作业/Data/KnowledgeBase/processed_clean/dify_import/unity_docs_chunk_46c4a5753a40599d.md,1790,2026-05-27T13:13:27.836999+00:00
chunk_b824619b7d3fb102,unity_e38f48e689d5f324,unity_docs,official_documentation,ScriptReference,,UnityEditor,https://docs.unity3d.com/6000.4/Documentation/ScriptReference/UnityEditor.html,unity_docs_incremental_260527_002,21,E:/系统/桌面/工作区/本学期/大三下/IT项目管理/大作业/Data/KnowledgeBase/processed_clean/dify_import/unity_docs_chunk_b824619b7d3fb102.md,1789,2026-05-27T13:13:27.837839+00:00
chunk_271855b0bfc2d288,unity_e38f48e689d5f324,unity_docs,official_documentation,ScriptReference,,UnityEditor,https://docs.unity3d.com/6000.4/Documentation/ScriptReference/UnityEditor.html,unity_docs_incremental_260527_002,22,E:/系统/桌面/工作区/本学期/大三下/IT项目管理/大作业/Data/KnowledgeBase/processed_clean/dify_import/unity_docs_chunk_271855b0bfc2d288.md,1790,2026-05-27T13:13:27.838377+00:00
chunk_f02b91a0b746c7a4,unity_e38f48e689d5f324,unity_docs,official_documentation,ScriptReference,,UnityEditor,https://docs.unity3d.com/6000.4/Documentation/ScriptReference/UnityEditor.html,unity_docs_incremental_260527_002,23,E:/系统/桌面/工作区/本学期/大三下/IT项目管理/大作业/Data/KnowledgeBase/processed_clean/dify_import/unity_docs_chunk_f02b91a0b746c7a4.md,1788,2026-05-27T13:13:27.839072+00:00
chunk_13aa4060d981d261,unity_e38f48e689d5f324,unity_docs,official_documentation,ScriptReference,,UnityEditor,https://docs.unity3d.com/6000.4/Documentation/ScriptReference/UnityEditor.html,unity_docs_incremental_260527_002,24,E:/系统/桌面/工作区/本学期/大三下/IT项目管理/大作业/Data/KnowledgeBase/processed_clean/dify_import/unity_docs_chunk_13aa4060d981d261.md,1800,2026-05-27T13:13:27.839867+00:00
chunk_1a58897c417111bf,unity_e38f48e689d5f324,unity_docs,official_documentation,ScriptReference,,UnityEditor,https://docs.unity3d.com/6000.4/Documentation/ScriptReference/UnityEditor.html,unity_docs_incremental_260527_002,25,E:/系统/桌面/工作区/本学期/大三下/IT项目管理/大作业/Data/KnowledgeBase/processed_clean/dify_import/unity_docs_chunk_1a58897c417111bf.md,1679,2026-05-27T13:13:27.840800+00:00
chunk_08dad8d0376c0e25,unity_e38f48e689d5f324,unity_docs,official_documentation,ScriptReference,,UnityEditor,https://docs.unity3d.com/6000.4/Documentation/ScriptReference/UnityEditor.html,unity_docs_incremental_260527_002,26,E:/系统/桌面/工作区/本学期/大三下/IT项目管理/大作业/Data/KnowledgeBase/processed_clean/dify_import/unity_docs_chunk_08dad8d0376c0e25.md,1758,2026-05-27T13:13:27.841375+00:00
chunk_fee54012ae14a8a6,unity_e38f48e689d5f324,unity_docs,official_documentation,ScriptReference,,UnityEditor,https://docs.unity3d.com/6000.4/Documentation/ScriptReference/UnityEditor.html,unity_docs_incremental_260527_002,27,E:/系统/桌面/工作区/本学期/大三下/IT项目管理/大作业/Data/KnowledgeBase/processed_clean/dify_import/unity_docs_chunk_fee54012ae14a8a6.md,1689,2026-05-27T13:13:27.842253+00:00
chunk_146165456e40469f,unity_e38f48e689d5f324,unity_docs,official_documentation,ScriptReference,,UnityEditor,https://docs.unity3d.com/6000.4/Documentation/ScriptReference/UnityEditor.html,unity_docs_incremental_260527_002,28,E:/系统/桌面/工作区/本学期/大三下/IT项目管理/大作业/Data/KnowledgeBase/processed_clean/dify_import/unity_docs_chunk_146165456e40469f.md,1775,2026-05-27T13:13:27.842792+00:00
chunk_fde3bbb69ca42a9b,unity_e38f48e689d5f324,unity_docs,official_documentation,ScriptReference,,UnityEditor,https://docs.unity3d.com/6000.4/Documentation/ScriptReference/UnityEditor.html,unity_docs_incremental_260527_002,29,E:/系统/桌面/工作区/本学期/大三下/IT项目管理/大作业/Data/KnowledgeBase/processed_clean/dify_import/unity_docs_chunk_fde3bbb69ca42a9b.md,1740,2026-05-27T13:13:27.843629+00:00
chunk_1fcab53de213d968,unity_e38f48e689d5f324,unity_docs,official_documentation,ScriptReference,,UnityEditor,https://docs.unity3d.com/6000.4/Documentation/ScriptReference/UnityEditor.html,unity_docs_incremental_260527_002,30,E:/系统/桌面/工作区/本学期/大三下/IT项目管理/大作业/Data/KnowledgeBase/processed_clean/dify_import/unity_docs_chunk_1fcab53de213d968.md,1753,2026-05-27T13:13:27.844371+00:00
chunk_1d871838f4e463e0,unity_e38f48e689d5f324,unity_docs,official_documentation,ScriptReference,,UnityEditor,https://docs.unity3d.com/6000.4/Documentation/ScriptReference/UnityEditor.html,unity_docs_incremental_260527_002,31,E:/系统/桌面/工作区/本学期/大三下/IT项目管理/大作业/Data/KnowledgeBase/processed_clean/dify_import/unity_docs_chunk_1d871838f4e463e0.md,1735,2026-05-27T13:13:27.844922+00:00
chunk_e15af2d2ce297521,unity_e38f48e689d5f324,unity_docs,official_documentation,ScriptReference,,UnityEditor,https://docs.unity3d.com/6000.4/Documentation/ScriptReference/UnityEditor.html,unity_docs_incremental_260527_002,32,E:/系统/桌面/工作区/本学期/大三下/IT项目管理/大作业/Data/KnowledgeBase/processed_clean/dify_import/unity_docs_chunk_e15af2d2ce297521.md,1776,2026-05-27T13:13:27.845445+00:00
chunk_6fecd754a6ac6772,unity_e38f48e689d5f324,unity_docs,official_documentation,ScriptReference,,UnityEditor,https://docs.unity3d.com/6000.4/Documentation/ScriptReference/UnityEditor.html,unity_docs_incremental_260527_002,33,E:/系统/桌面/工作区/本学期/大三下/IT项目管理/大作业/Data/KnowledgeBase/processed_clean/dify_import/unity_docs_chunk_6fecd754a6ac6772.md,1794,2026-05-27T13:13:27.846338+00:00
chunk_fac11e6f6c5e607a,unity_e38f48e689d5f324,unity_docs,official_documentation,ScriptReference,,UnityEditor,https://docs.unity3d.com/6000.4/Documentation/ScriptReference/UnityEditor.html,unity_docs_incremental_260527_002,34,E:/系统/桌面/工作区/本学期/大三下/IT项目管理/大作业/Data/KnowledgeBase/processed_clean/dify_import/unity_docs_chunk_fac11e6f6c5e607a.md,1788,2026-05-27T13:13:27.846991+00:00
chunk_ef46a18f96cab830,unity_e38f48e689d5f324,unity_docs,official_documentation,ScriptReference,,UnityEditor,https://docs.unity3d.com/6000.4/Documentation/ScriptReference/UnityEditor.html,unity_docs_incremental_260527_002,35,E:/系统/桌面/工作区/本学期/大三下/IT项目管理/大作业/Data/KnowledgeBase/processed_clean/dify_import/unity_docs_chunk_ef46a18f96cab830.md,1740,2026-05-27T13:13:27.847724+00:00
chunk_51b4e672da91dc38,unity_e38f48e689d5f324,unity_docs,official_documentation,ScriptReference,,UnityEditor,https://docs.unity3d.com/6000.4/Documentation/ScriptReference/UnityEditor.html,unity_docs_incremental_260527_002,36,E:/系统/桌面/工作区/本学期/大三下/IT项目管理/大作业/Data/KnowledgeBase/processed_clean/dify_import/unity_docs_chunk_51b4e672da91dc38.md,1759,2026-05-27T13:13:27.848510+00:00
chunk_5a818f3321ca1651,unity_e38f48e689d5f324,unity_docs,official_documentation,ScriptReference,,UnityEditor,https://docs.unity3d.com/6000.4/Documentation/ScriptReference/UnityEditor.html,unity_docs_incremental_260527_002,37,E:/系统/桌面/工作区/本学期/大三下/IT项目管理/大作业/Data/KnowledgeBase/processed_clean/dify_import/unity_docs_chunk_5a818f3321ca1651.md,1799,2026-05-27T13:13:27.849479+00:00
chunk_a7cba411d898376b,unity_e38f48e689d5f324,unity_docs,official_documentation,ScriptReference,,UnityEditor,https://docs.unity3d.com/6000.4/Documentation/ScriptReference/UnityEditor.html,unity_docs_incremental_260527_002,38,E:/系统/桌面/工作区/本学期/大三下/IT项目管理/大作业/Data/KnowledgeBase/processed_clean/dify_import/unity_docs_chunk_a7cba411d898376b.md,1700,2026-05-27T13:13:27.850492+00:00
chunk_9c404929d3845409,unity_e38f48e689d5f324,unity_docs,official_documentation,ScriptReference,,UnityEditor,https://docs.unity3d.com/6000.4/Documentation/ScriptReference/UnityEditor.html,unity_docs_incremental_260527_002,39,E:/系统/桌面/工作区/本学期/大三下/IT项目管理/大作业/Data/KnowledgeBase/processed_clean/dify_import/unity_docs_chunk_9c404929d3845409.md,1751,2026-05-27T13:13:27.851267+00:00
chunk_8ba40659d04d3541,unity_e38f48e689d5f324,unity_docs,official_documentation,ScriptReference,,UnityEditor,https://docs.unity3d.com/6000.4/Documentation/ScriptReference/UnityEditor.html,unity_docs_incremental_260527_002,40,E:/系统/桌面/工作区/本学期/大三下/IT项目管理/大作业/Data/KnowledgeBase/processed_clean/dify_import/unity_docs_chunk_8ba40659d04d3541.md,1794,2026-05-27T13:13:27.851883+00:00
chunk_00f9d67dc53e9b13,unity_e38f48e689d5f324,unity_docs,official_documentation,ScriptReference,,UnityEditor,https://docs.unity3d.com/6000.4/Documentation/ScriptReference/UnityEditor.html,unity_docs_incremental_260527_002,41,E:/系统/桌面/工作区/本学期/大三下/IT项目管理/大作业/Data/KnowledgeBase/processed_clean/dify_import/unity_docs_chunk_00f9d67dc53e9b13.md,1793,2026-05-27T13:13:27.852816+00:00
chunk_874c49c039100f47,unity_e38f48e689d5f324,unity_docs,official_documentation,ScriptReference,,UnityEditor,https://docs.unity3d.com/6000.4/Documentation/ScriptReference/UnityEditor.html,unity_docs_incremental_260527_002,42,E:/系统/桌面/工作区/本学期/大三下/IT项目管理/大作业/Data/KnowledgeBase/processed_clean/dify_import/unity_docs_chunk_874c49c039100f47.md,1785,2026-05-27T13:13:27.853341+00:00
chunk_b0650ef18fb91553,unity_e38f48e689d5f324,unity_docs,official_documentation,ScriptReference,,UnityEditor,https://docs.unity3d.com/6000.4/Documentation/ScriptReference/UnityEditor.html,unity_docs_incremental_260527_002,43,E:/系统/桌面/工作区/本学期/大三下/IT项目管理/大作业/Data/KnowledgeBase/processed_clean/dify_import/unity_docs_chunk_b0650ef18fb91553.md,1728,2026-05-27T13:13:27.854119+00:00
chunk_043c830059b60470,unity_e38f48e689d5f324,unity_docs,official_documentation,ScriptReference,,UnityEditor,https://docs.unity3d.com/6000.4/Documentation/ScriptReference/UnityEditor.html,unity_docs_incremental_260527_002,44,E:/系统/桌面/工作区/本学期/大三下/IT项目管理/大作业/Data/KnowledgeBase/processed_clean/dify_import/unity_docs_chunk_043c830059b60470.md,1650,2026-05-27T13:13:27.855010+00:00
chunk_b9cd579d35211a19,unity_e38f48e689d5f324,unity_docs,official_documentation,ScriptReference,,UnityEditor,https://docs.unity3d.com/6000.4/Documentation/ScriptReference/UnityEditor.html,unity_docs_incremental_260527_002,45,E:/系统/桌面/工作区/本学期/大三下/IT项目管理/大作业/Data/KnowledgeBase/processed_clean/dify_import/unity_docs_chunk_b9cd579d35211a19.md,1652,2026-05-27T13:13:27.856104+00:00
chunk_d63168b1493035af,unity_e38f48e689d5f324,unity_docs,official_documentation,ScriptReference,,UnityEditor,https://docs.unity3d.com/6000.4/Documentation/ScriptReference/UnityEditor.html,unity_docs_incremental_260527_002,46,E:/系统/桌面/工作区/本学期/大三下/IT项目管理/大作业/Data/KnowledgeBase/processed_clean/dify_import/unity_docs_chunk_d63168b1493035af.md,1758,2026-05-27T13:13:27.856684+00:00
chunk_b301bf12040cecac,unity_e38f48e689d5f324,unity_docs,official_documentation,ScriptReference,,UnityEditor,https://docs.unity3d.com/6000.4/Documentation/ScriptReference/UnityEditor.html,unity_docs_incremental_260527_002,47,E:/系统/桌面/工作区/本学期/大三下/IT项目管理/大作业/Data/KnowledgeBase/processed_clean/dify_import/unity_docs_chunk_b301bf12040cecac.md,1731,2026-05-27T13:13:27.857272+00:00
chunk_1c106bd68603eedd,unity_e38f48e689d5f324,unity_docs,official_documentation,ScriptReference,,UnityEditor,https://docs.unity3d.com/6000.4/Documentation/ScriptReference/UnityEditor.html,unity_docs_incremental_260527_002,48,E:/系统/桌面/工作区/本学期/大三下/IT项目管理/大作业/Data/KnowledgeBase/processed_clean/dify_import/unity_docs_chunk_1c106bd68603eedd.md,1789,2026-05-27T13:13:27.858102+00:00
chunk_9263126369e1221f,unity_e38f48e689d5f324,unity_docs,official_documentation,ScriptReference,,UnityEditor,https://docs.unity3d.com/6000.4/Documentation/ScriptReference/UnityEditor.html,unity_docs_incremental_260527_002,49,E:/系统/桌面/工作区/本学期/大三下/IT项目管理/大作业/Data/KnowledgeBase/processed_clean/dify_import/unity_docs_chunk_9263126369e1221f.md,1770,2026-05-27T13:13:27.859085+00:00
chunk_55c5c2831e0db2c4,unity_e38f48e689d5f324,unity_docs,official_documentation,ScriptReference,,UnityEditor,https://docs.unity3d.com/6000.4/Documentation/ScriptReference/UnityEditor.html,unity_docs_incremental_260527_002,50,E:/系统/桌面/工作区/本学期/大三下/IT项目管理/大作业/Data/KnowledgeBase/processed_clean/dify_import/unity_docs_chunk_55c5c2831e0db2c4.md,1758,2026-05-27T13:13:27.859811+00:00
chunk_11a0a7cc804524c0,unity_e38f48e689d5f324,unity_docs,official_documentation,ScriptReference,,UnityEditor,https://docs.unity3d.com/6000.4/Documentation/ScriptReference/UnityEditor.html,unity_docs_incremental_260527_002,51,E:/系统/桌面/工作区/本学期/大三下/IT项目管理/大作业/Data/KnowledgeBase/processed_clean/dify_import/unity_docs_chunk_11a0a7cc804524c0.md,1789,2026-05-27T13:13:27.860530+00:00
chunk_c03b80bf6ff7daf3,unity_e38f48e689d5f324,unity_docs,official_documentation,ScriptReference,,UnityEditor,https://docs.unity3d.com/6000.4/Documentation/ScriptReference/UnityEditor.html,unity_docs_incremental_260527_002,52,E:/系统/桌面/工作区/本学期/大三下/IT项目管理/大作业/Data/KnowledgeBase/processed_clean/dify_import/unity_docs_chunk_c03b80bf6ff7daf3.md,1768,2026-05-27T13:13:27.861251+00:00
chunk_b0725ef9ea082ef6,unity_e38f48e689d5f324,unity_docs,official_documentation,ScriptReference,,UnityEditor,https://docs.unity3d.com/6000.4/Documentation/ScriptReference/UnityEditor.html,unity_docs_incremental_260527_002,53,E:/系统/桌面/工作区/本学期/大三下/IT项目管理/大作业/Data/KnowledgeBase/processed_clean/dify_import/unity_docs_chunk_b0725ef9ea082ef6.md,1708,2026-05-27T13:13:27.862087+00:00
chunk_75db8ffabdf3d167,unity_e38f48e689d5f324,unity_docs,official_documentation,ScriptReference,,UnityEditor,https://docs.unity3d.com/6000.4/Documentation/ScriptReference/UnityEditor.html,unity_docs_incremental_260527_002,54,E:/系统/桌面/工作区/本学期/大三下/IT项目管理/大作业/Data/KnowledgeBase/processed_clean/dify_import/unity_docs_chunk_75db8ffabdf3d167.md,1742,2026-05-27T13:13:27.862870+00:00
chunk_c3590fe11ef206d3,unity_e38f48e689d5f324,unity_docs,official_documentation,ScriptReference,,UnityEditor,https://docs.unity3d.com/6000.4/Documentation/ScriptReference/UnityEditor.html,unity_docs_incremental_260527_002,55,E:/系统/桌面/工作区/本学期/大三下/IT项目管理/大作业/Data/KnowledgeBase/processed_clean/dify_import/unity_docs_chunk_c3590fe11ef206d3.md,1724,2026-05-27T13:13:27.863599+00:00
chunk_b49cf00f392f3c57,unity_e38f48e689d5f324,unity_docs,official_documentation,ScriptReference,,UnityEditor,https://docs.unity3d.com/6000.4/Documentation/ScriptReference/UnityEditor.html,unity_docs_incremental_260527_002,56,E:/系统/桌面/工作区/本学期/大三下/IT项目管理/大作业/Data/KnowledgeBase/processed_clean/dify_import/unity_docs_chunk_b49cf00f392f3c57.md,1795,2026-05-27T13:13:27.864344+00:00
chunk_6fbeffe2e9ea763f,unity_e38f48e689d5f324,unity_docs,official_documentation,ScriptReference,,UnityEditor,https://docs.unity3d.com/6000.4/Documentation/ScriptReference/UnityEditor.html,unity_docs_incremental_260527_002,57,E:/系统/桌面/工作区/本学期/大三下/IT项目管理/大作业/Data/KnowledgeBase/processed_clean/dify_import/unity_docs_chunk_6fbeffe2e9ea763f.md,1796,2026-05-27T13:13:27.865496+00:00
chunk_c837446379ec7374,unity_e38f48e689d5f324,unity_docs,official_documentation,ScriptReference,,UnityEditor,https://docs.unity3d.com/6000.4/Documentation/ScriptReference/UnityEditor.html,unity_docs_incremental_260527_002,58,E:/系统/桌面/工作区/本学期/大三下/IT项目管理/大作业/Data/KnowledgeBase/processed_clean/dify_import/unity_docs_chunk_c837446379ec7374.md,1726,2026-05-27T13:13:27.866091+00:00
chunk_17eb767b718b0434,unity_e38f48e689d5f324,unity_docs,official_documentation,ScriptReference,,UnityEditor,https://docs.unity3d.com/6000.4/Documentation/ScriptReference/UnityEditor.html,unity_docs_incremental_260527_002,59,E:/系统/桌面/工作区/本学期/大三下/IT项目管理/大作业/Data/KnowledgeBase/processed_clean/dify_import/unity_docs_chunk_17eb767b718b0434.md,1737,2026-05-27T13:13:27.866609+00:00
chunk_90bf0b46fa2e8099,unity_e38f48e689d5f324,unity_docs,official_documentation,ScriptReference,,UnityEditor,https://docs.unity3d.com/6000.4/Documentation/ScriptReference/UnityEditor.html,unity_docs_incremental_260527_002,60,E:/系统/桌面/工作区/本学期/大三下/IT项目管理/大作业/Data/KnowledgeBase/processed_clean/dify_import/unity_docs_chunk_90bf0b46fa2e8099.md,1769,2026-05-27T13:13:27.867321+00:00
chunk_516972c0dd093649,unity_e38f48e689d5f324,unity_docs,official_documentation,ScriptReference,,UnityEditor,https://docs.unity3d.com/6000.4/Documentation/ScriptReference/UnityEditor.html,unity_docs_incremental_260527_002,61,E:/系统/桌面/工作区/本学期/大三下/IT项目管理/大作业/Data/KnowledgeBase/processed_clean/dify_import/unity_docs_chunk_516972c0dd093649.md,1797,2026-05-27T13:13:27.868246+00:00
chunk_7712a36d3e4c2994,unity_e38f48e689d5f324,unity_docs,official_documentation,ScriptReference,,UnityEditor,https://docs.unity3d.com/6000.4/Documentation/ScriptReference/UnityEditor.html,unity_docs_incremental_260527_002,62,E:/系统/桌面/工作区/本学期/大三下/IT项目管理/大作业/Data/KnowledgeBase/processed_clean/dify_import/unity_docs_chunk_7712a36d3e4c2994.md,1794,2026-05-27T13:13:27.869003+00:00
chunk_f816e75c4f1a473c,unity_e38f48e689d5f324,unity_docs,official_documentation,ScriptReference,,UnityEditor,https://docs.unity3d.com/6000.4/Documentation/ScriptReference/UnityEditor.html,unity_docs_incremental_260527_002,63,E:/系统/桌面/工作区/本学期/大三下/IT项目管理/大作业/Data/KnowledgeBase/processed_clean/dify_import/unity_docs_chunk_f816e75c4f1a473c.md,1790,2026-05-27T13:13:27.870030+00:00
chunk_a68c3d825d95903b,unity_e38f48e689d5f324,unity_docs,official_documentation,ScriptReference,,UnityEditor,https://docs.unity3d.com/6000.4/Documentation/ScriptReference/UnityEditor.html,unity_docs_incremental_260527_002,64,E:/系统/桌面/工作区/本学期/大三下/IT项目管理/大作业/Data/KnowledgeBase/processed_clean/dify_import/unity_docs_chunk_a68c3d825d95903b.md,1793,2026-05-27T13:13:27.870980+00:00
chunk_6147354fbd21f2cb,unity_e38f48e689d5f324,unity_docs,official_documentation,ScriptReference,,UnityEditor,https://docs.unity3d.com/6000.4/Documentation/ScriptReference/UnityEditor.html,unity_docs_incremental_260527_002,65,E:/系统/桌面/工作区/本学期/大三下/IT项目管理/大作业/Data/KnowledgeBase/processed_clean/dify_import/unity_docs_chunk_6147354fbd21f2cb.md,631,2026-05-27T13:13:27.871990+00:00
chunk_084441eaa1b955f8,unity_a138693c48b1bb2d,unity_docs,official_documentation,ScriptReference,,Event,https://docs.unity3d.com/6000.4/Documentation/ScriptReference/Event.html,unity_docs_incremental_260527_002,1,E:/系统/桌面/工作区/本学期/大三下/IT项目管理/大作业/Data/KnowledgeBase/processed_clean/dify_import/unity_docs_chunk_084441eaa1b955f8.md,1781,2026-05-27T13:13:27.873247+00:00
chunk_0342bf80f655fd37,unity_a138693c48b1bb2d,unity_docs,official_documentation,ScriptReference,,Event,https://docs.unity3d.com/6000.4/Documentation/ScriptReference/Event.html,unity_docs_incremental_260527_002,2,E:/系统/桌面/工作区/本学期/大三下/IT项目管理/大作业/Data/KnowledgeBase/processed_clean/dify_import/unity_docs_chunk_0342bf80f655fd37.md,809,2026-05-27T13:13:27.874003+00:00
chunk_3129d1549b08a985,unity_44661db564fc9b60,unity_docs,official_documentation,ScriptReference,,Event .current,https://docs.unity3d.com/6000.4/Documentation/ScriptReference/Event-current.html,unity_docs_incremental_260527_002,1,E:/系统/桌面/工作区/本学期/大三下/IT项目管理/大作业/Data/KnowledgeBase/processed_clean/dify_import/unity_docs_chunk_3129d1549b08a985.md,434,2026-05-27T13:13:27.875143+00:00
chunk_11c8124730cec760,unity_bbe90ba749c9b6c2,unity_docs,official_documentation,ScriptReference,,EventType .KeyDown,https://docs.unity3d.com/6000.4/Documentation/ScriptReference/EventType.KeyDown.html,unity_docs_incremental_260527_002,1,E:/系统/桌面/工作区/本学期/大三下/IT项目管理/大作业/Data/KnowledgeBase/processed_clean/dify_import/unity_docs_chunk_11c8124730cec760.md,742,2026-05-27T13:13:27.876820+00:00
chunk_75503439f4e44475,unity_ed98e73e976fa24b,unity_docs,official_documentation,ScriptReference,,KeyCode .UpArrow,https://docs.unity3d.com/6000.4/Documentation/ScriptReference/KeyCode.UpArrow.html,unity_docs_incremental_260527_002,1,E:/系统/桌面/工作区/本学期/大三下/IT项目管理/大作业/Data/KnowledgeBase/processed_clean/dify_import/unity_docs_chunk_75503439f4e44475.md,395,2026-05-27T13:13:27.877745+00:00
chunk_1e54f0ebea534a5f,unity_3713137003aa98a4,unity_docs,official_documentation,ScriptReference,,GUI .changed,https://docs.unity3d.com/6000.4/Documentation/ScriptReference/GUI-changed.html,unity_docs_incremental_260527_002,1,E:/系统/桌面/工作区/本学期/大三下/IT项目管理/大作业/Data/KnowledgeBase/processed_clean/dify_import/unity_docs_chunk_1e54f0ebea534a5f.md,722,2026-05-27T13:13:27.878922+00:00
chunk_2bdeaa3df12c952d,unity_d91e9461198e72ca,unity_docs,official_documentation,ScriptReference,,EditorUtility .SetDirty,https://docs.unity3d.com/6000.4/Documentation/ScriptReference/EditorUtility.SetDirty.html,unity_docs_incremental_260527_002,1,E:/系统/桌面/工作区/本学期/大三下/IT项目管理/大作业/Data/KnowledgeBase/processed_clean/dify_import/unity_docs_chunk_2bdeaa3df12c952d.md,1783,2026-05-27T13:13:27.880187+00:00
chunk_9cdac14bb2be8b89,unity_5dc15169fe73382c,unity_docs,official_documentation,ScriptReference,,Message,https://docs.unity3d.com/6000.4/Documentation/ScriptReference/Audio.ProcessorInstance.Message.html,unity_docs_incremental_260527_002,1,E:/系统/桌面/工作区/本学期/大三下/IT项目管理/大作业/Data/KnowledgeBase/processed_clean/dify_import/unity_docs_chunk_9cdac14bb2be8b89.md,654,2026-05-27T13:13:27.881650+00:00
chunk_6b5f732992e66e94,unity_4234a247b1bc55e2,unity_docs,official_documentation,ScriptReference,,MenuItem,https://docs.unity3d.com/6000.4/Documentation/ScriptReference/MenuItem.html,unity_docs_incremental_260527_002,1,E:/系统/桌面/工作区/本学期/大三下/IT项目管理/大作业/Data/KnowledgeBase/processed_clean/dify_import/unity_docs_chunk_6b5f732992e66e94.md,1778,2026-05-27T13:13:27.883444+00:00
chunk_884b3a4e705f3b22,unity_4234a247b1bc55e2,unity_docs,official_documentation,ScriptReference,,MenuItem,https://docs.unity3d.com/6000.4/Documentation/ScriptReference/MenuItem.html,unity_docs_incremental_260527_002,2,E:/系统/桌面/工作区/本学期/大三下/IT项目管理/大作业/Data/KnowledgeBase/processed_clean/dify_import/unity_docs_chunk_884b3a4e705f3b22.md,1787,2026-05-27T13:13:27.884316+00:00
chunk_a782296f801283d1,unity_4234a247b1bc55e2,unity_docs,official_documentation,ScriptReference,,MenuItem,https://docs.unity3d.com/6000.4/Documentation/ScriptReference/MenuItem.html,unity_docs_incremental_260527_002,3,E:/系统/桌面/工作区/本学期/大三下/IT项目管理/大作业/Data/KnowledgeBase/processed_clean/dify_import/unity_docs_chunk_a782296f801283d1.md,1757,2026-05-27T13:13:27.884836+00:00
chunk_9947860f86b49f03,unity_4234a247b1bc55e2,unity_docs,official_documentation,ScriptReference,,MenuItem,https://docs.unity3d.com/6000.4/Documentation/ScriptReference/MenuItem.html,unity_docs_incremental_260527_002,4,E:/系统/桌面/工作区/本学期/大三下/IT项目管理/大作业/Data/KnowledgeBase/processed_clean/dify_import/unity_docs_chunk_9947860f86b49f03.md,1463,2026-05-27T13:13:27.885535+00:00
chunk_8187854d2f260838,unity_fbb637ddc8caf845,unity_docs,official_documentation,ScriptReference,,Tools,https://docs.unity3d.com/6000.4/Documentation/ScriptReference/Tools.html,unity_docs_incremental_260527_002,1,E:/系统/桌面/工作区/本学期/大三下/IT项目管理/大作业/Data/KnowledgeBase/processed_clean/dify_import/unity_docs_chunk_8187854d2f260838.md,1744,2026-05-27T13:13:27.886736+00:00
chunk_7340debe4a8f7ad6,unity_fbb637ddc8caf845,unity_docs,official_documentation,ScriptReference,,Tools,https://docs.unity3d.com/6000.4/Documentation/ScriptReference/Tools.html,unity_docs_incremental_260527_002,2,E:/系统/桌面/工作区/本学期/大三下/IT项目管理/大作业/Data/KnowledgeBase/processed_clean/dify_import/unity_docs_chunk_7340debe4a8f7ad6.md,1263,2026-05-27T13:13:27.887445+00:00
chunk_75ff1534347874c4,unity_3681df6f1a722bfa,unity_docs,official_documentation,ScriptReference,,ShortcutManager,https://docs.unity3d.com/6000.4/Documentation/ScriptReference/ShortcutManagement.ShortcutManager.html,unity_docs_incremental_260527_002,1,E:/系统/桌面/工作区/本学期/大三下/IT项目管理/大作业/Data/KnowledgeBase/processed_clean/dify_import/unity_docs_chunk_75ff1534347874c4.md,1005,2026-05-27T13:13:27.888565+00:00
chunk_1811bce7a126cdba,unity_2caf8b4bf009a688,unity_docs,official_documentation,ScriptReference,,KeyCode .Return,https://docs.unity3d.com/6000.4/Documentation/ScriptReference/KeyCode.Return.html,unity_docs_incremental_260527_002,1,E:/系统/桌面/工作区/本学期/大三下/IT项目管理/大作业/Data/KnowledgeBase/processed_clean/dify_import/unity_docs_chunk_1811bce7a126cdba.md,406,2026-05-27T13:13:27.889728+00:00
chunk_daf02c4a663dacbd,unity_5c9ad70b556539ac,unity_docs,official_documentation,ScriptReference,,KeyCode .KeypadEnter,https://docs.unity3d.com/6000.4/Documentation/ScriptReference/KeyCode.KeypadEnter.html,unity_docs_incremental_260527_002,1,E:/系统/桌面/工作区/本学期/大三下/IT项目管理/大作业/Data/KnowledgeBase/processed_clean/dify_import/unity_docs_chunk_daf02c4a663dacbd.md,372,2026-05-27T13:13:27.891255+00:00
chunk_1373c6f582635ae3,unity_36717a11a298559f,unity_docs,official_documentation,ScriptReference,,KeyCode .Exclaim,https://docs.unity3d.com/6000.4/Documentation/ScriptReference/KeyCode.Exclaim.html,unity_docs_incremental_260527_002,1,E:/系统/桌面/工作区/本学期/大三下/IT项目管理/大作业/Data/KnowledgeBase/processed_clean/dify_import/unity_docs_chunk_1373c6f582635ae3.md,323,2026-05-27T13:13:27.892409+00:00
chunk_fe58323562f50ede,unity_da2a3e62397733cc,unity_docs,official_documentation,ScriptReference,,KeyCode .DoubleQuote,https://docs.unity3d.com/6000.4/Documentation/ScriptReference/KeyCode.DoubleQuote.html,unity_docs_incremental_260527_002,1,E:/系统/桌面/工作区/本学期/大三下/IT项目管理/大作业/Data/KnowledgeBase/processed_clean/dify_import/unity_docs_chunk_fe58323562f50ede.md,330,2026-05-27T13:13:27.893560+00:00
chunk_92395953d724a011,unity_06f43fcc3887d95b,unity_docs,official_documentation,ScriptReference,,KeyCode .LeftParen,https://docs.unity3d.com/6000.4/Documentation/ScriptReference/KeyCode.LeftParen.html,unity_docs_incremental_260527_002,1,E:/系统/桌面/工作区/本学期/大三下/IT项目管理/大作业/Data/KnowledgeBase/processed_clean/dify_import/unity_docs_chunk_92395953d724a011.md,329,2026-05-27T13:13:27.894916+00:00
chunk_5f1ccfb3af04ff11,unity_169e924c140384aa,unity_docs,official_documentation,ScriptReference,,KeyCode .RightParen,https://docs.unity3d.com/6000.4/Documentation/ScriptReference/KeyCode.RightParen.html,unity_docs_incremental_260527_002,1,E:/系统/桌面/工作区/本学期/大三下/IT项目管理/大作业/Data/KnowledgeBase/processed_clean/dify_import/unity_docs_chunk_5f1ccfb3af04ff11.md,333,2026-05-27T13:13:27.895947+00:00
chunk_9a86178af3f47b0a,unity_5755f12bd0ba7951,unity_docs,official_documentation,ScriptReference,,KeyCode .Question,https://docs.unity3d.com/6000.4/Documentation/ScriptReference/KeyCode.Question.html,unity_docs_incremental_260527_002,1,E:/系统/桌面/工作区/本学期/大三下/IT项目管理/大作业/Data/KnowledgeBase/processed_clean/dify_import/unity_docs_chunk_9a86178af3f47b0a.md,322,2026-05-27T13:13:27.897380+00:00
chunk_00c765ea2509de82,unity_debce6fdd078036f,unity_docs,official_documentation,ScriptReference,,KeyCode .LeftCurlyBracket,https://docs.unity3d.com/6000.4/Documentation/ScriptReference/KeyCode.LeftCurlyBracket.html,unity_docs_incremental_260527_002,1,E:/系统/桌面/工作区/本学期/大三下/IT项目管理/大作业/Data/KnowledgeBase/processed_clean/dify_import/unity_docs_chunk_00c765ea2509de82.md,357,2026-05-27T13:13:27.898434+00:00
chunk_a884bdb7d614387f,unity_daa343ed7d1ccf50,unity_docs,official_documentation,ScriptReference,,KeyCode .RightCurlyBracket,https://docs.unity3d.com/6000.4/Documentation/ScriptReference/KeyCode.RightCurlyBracket.html,unity_docs_incremental_260527_002,1,E:/系统/桌面/工作区/本学期/大三下/IT项目管理/大作业/Data/KnowledgeBase/processed_clean/dify_import/unity_docs_chunk_a884bdb7d614387f.md,362,2026-05-27T13:13:27.899595+00:00
chunk_af1ef62dc84f36f6,unity_e2200346c125a702,unity_docs,official_documentation,ScriptReference,,KeyCode .LeftMeta,https://docs.unity3d.com/6000.4/Documentation/ScriptReference/KeyCode.LeftMeta.html,unity_docs_incremental_260527_002,1,E:/系统/桌面/工作区/本学期/大三下/IT项目管理/大作业/Data/KnowledgeBase/processed_clean/dify_import/unity_docs_chunk_af1ef62dc84f36f6.md,337,2026-05-27T13:13:27.900749+00:00
chunk_32d7af5db5b5417a,unity_39798181e765ef11,unity_docs,official_documentation,ScriptReference,,KeyCode .LeftWindows,https://docs.unity3d.com/6000.4/Documentation/ScriptReference/KeyCode.LeftWindows.html,unity_docs_incremental_260527_002,1,E:/系统/桌面/工作区/本学期/大三下/IT项目管理/大作业/Data/KnowledgeBase/processed_clean/dify_import/unity_docs_chunk_32d7af5db5b5417a.md,329,2026-05-27T13:13:27.901929+00:00
chunk_02f10f582dc7b559,unity_abe0047260044fb3,unity_docs,official_documentation,ScriptReference,,KeyCode .RightMeta,https://docs.unity3d.com/6000.4/Documentation/ScriptReference/KeyCode.RightMeta.html,unity_docs_incremental_260527_002,1,E:/系统/桌面/工作区/本学期/大三下/IT项目管理/大作业/Data/KnowledgeBase/processed_clean/dify_import/unity_docs_chunk_02f10f582dc7b559.md,343,2026-05-27T13:13:27.903097+00:00
chunk_5e789c72a1d9aab6,unity_2a8a27a5c153972e,unity_docs,official_documentation,ScriptReference,,KeyCode .RightWindows,https://docs.unity3d.com/6000.4/Documentation/ScriptReference/KeyCode.RightWindows.html,unity_docs_incremental_260527_002,1,E:/系统/桌面/工作区/本学期/大三下/IT项目管理/大作业/Data/KnowledgeBase/processed_clean/dify_import/unity_docs_chunk_5e789c72a1d9aab6.md,334,2026-05-27T13:13:27.904305+00:00
chunk_4d7a02bf2a4634ac,unity_12abc440a056a658,unity_docs,official_documentation,ScriptReference,,KeyCode .Mouse0,https://docs.unity3d.com/6000.4/Documentation/ScriptReference/KeyCode.Mouse0.html,unity_docs_incremental_260527_002,1,E:/系统/桌面/工作区/本学期/大三下/IT项目管理/大作业/Data/KnowledgeBase/processed_clean/dify_import/unity_docs_chunk_4d7a02bf2a4634ac.md,373,2026-05-27T13:13:27.905554+00:00
chunk_fc50bde614e3911a,unity_99fb3986906eb1fb,unity_docs,official_documentation,ScriptReference,,KeyCode .Mouse1,https://docs.unity3d.com/6000.4/Documentation/ScriptReference/KeyCode.Mouse1.html,unity_docs_incremental_260527_002,1,E:/系统/桌面/工作区/本学期/大三下/IT项目管理/大作业/Data/KnowledgeBase/processed_clean/dify_import/unity_docs_chunk_fc50bde614e3911a.md,479,2026-05-27T13:13:27.906757+00:00
chunk_ef051d446bf9f7ca,unity_ad523a2ff787554b,unity_docs,official_documentation,ScriptReference,,KeyCode .Mouse2,https://docs.unity3d.com/6000.4/Documentation/ScriptReference/KeyCode.Mouse2.html,unity_docs_incremental_260527_002,1,E:/系统/桌面/工作区/本学期/大三下/IT项目管理/大作业/Data/KnowledgeBase/processed_clean/dify_import/unity_docs_chunk_ef051d446bf9f7ca.md,501,2026-05-27T13:13:27.907729+00:00
chunk_863ec84bea56f072,unity_62ba9218ab862769,unity_docs,official_documentation,ScriptReference,,KeyCode .Mouse3,https://docs.unity3d.com/6000.4/Documentation/ScriptReference/KeyCode.Mouse3.html,unity_docs_incremental_260527_002,1,E:/系统/桌面/工作区/本学期/大三下/IT项目管理/大作业/Data/KnowledgeBase/processed_clean/dify_import/unity_docs_chunk_863ec84bea56f072.md,512,2026-05-27T13:13:27.909361+00:00
chunk_d7fc06dfc7fb354a,unity_6d498fd464230861,unity_docs,official_documentation,ScriptReference,,KeyCode .Mouse4,https://docs.unity3d.com/6000.4/Documentation/ScriptReference/KeyCode.Mouse4.html,unity_docs_incremental_260527_002,1,E:/系统/桌面/工作区/本学期/大三下/IT项目管理/大作业/Data/KnowledgeBase/processed_clean/dify_import/unity_docs_chunk_d7fc06dfc7fb354a.md,492,2026-05-27T13:13:27.910317+00:00
chunk_b8d8753fbc0ff238,unity_167c82e5e93e8691,unity_docs,official_documentation,ScriptReference,,KeyCode .Mouse5,https://docs.unity3d.com/6000.4/Documentation/ScriptReference/KeyCode.Mouse5.html,unity_docs_incremental_260527_002,1,E:/系统/桌面/工作区/本学期/大三下/IT项目管理/大作业/Data/KnowledgeBase/processed_clean/dify_import/unity_docs_chunk_b8d8753fbc0ff238.md,453,2026-05-27T13:13:27.911732+00:00
chunk_9b6bca35f2d7c471,unity_7b0dc78c3640a71b,unity_docs,official_documentation,ScriptReference,,KeyCode .Mouse6,https://docs.unity3d.com/6000.4/Documentation/ScriptReference/KeyCode.Mouse6.html,unity_docs_incremental_260527_002,1,E:/系统/桌面/工作区/本学期/大三下/IT项目管理/大作业/Data/KnowledgeBase/processed_clean/dify_import/unity_docs_chunk_9b6bca35f2d7c471.md,463,2026-05-27T13:13:27.913091+00:00
chunk_16131854e35c596b,unity_e5c1b4c1d425e345,unity_docs,official_documentation,Manual,,Input,https://docs.unity3d.com/6000.4/Documentation/Manual/Input.html,unity_docs_incremental_260527_002,1,E:/系统/桌面/工作区/本学期/大三下/IT项目管理/大作业/Data/KnowledgeBase/processed_clean/dify_import/unity_docs_chunk_16131854e35c596b.md,1790,2026-05-27T13:13:27.914912+00:00
chunk_e53ac4a145b5b01b,unity_e5c1b4c1d425e345,unity_docs,official_documentation,Manual,,Input,https://docs.unity3d.com/6000.4/Documentation/Manual/Input.html,unity_docs_incremental_260527_002,2,E:/系统/桌面/工作区/本学期/大三下/IT项目管理/大作业/Data/KnowledgeBase/processed_clean/dify_import/unity_docs_chunk_e53ac4a145b5b01b.md,469,2026-05-27T13:13:27.915698+00:00
chunk_11f55cfdd4fba831,unity_ba0af04c7fd9a9d4,unity_docs,official_documentation,Manual,,Legacy Input,https://docs.unity3d.com/6000.4/Documentation/Manual/InputLegacy.html,unity_docs_incremental_260527_002,1,E:/系统/桌面/工作区/本学期/大三下/IT项目管理/大作业/Data/KnowledgeBase/processed_clean/dify_import/unity_docs_chunk_11f55cfdd4fba831.md,1058,2026-05-27T13:13:27.916996+00:00
chunk_3f631734df5e24de,unity_1cda87f9caf4aa91,unity_docs,official_documentation,Manual,,Mobile device input,https://docs.unity3d.com/6000.4/Documentation/Manual/MobileInput.html,unity_docs_incremental_260527_002,1,E:/系统/桌面/工作区/本学期/大三下/IT项目管理/大作业/Data/KnowledgeBase/processed_clean/dify_import/unity_docs_chunk_3f631734df5e24de.md,1798,2026-05-27T13:13:27.918756+00:00
chunk_cc6c7d1e09cd9d18,unity_1cda87f9caf4aa91,unity_docs,official_documentation,Manual,,Mobile device input,https://docs.unity3d.com/6000.4/Documentation/Manual/MobileInput.html,unity_docs_incremental_260527_002,2,E:/系统/桌面/工作区/本学期/大三下/IT项目管理/大作业/Data/KnowledgeBase/processed_clean/dify_import/unity_docs_chunk_cc6c7d1e09cd9d18.md,1762,2026-05-27T13:13:27.919678+00:00
chunk_1aaee28b8c83db39,unity_1cda87f9caf4aa91,unity_docs,official_documentation,Manual,,Mobile device input,https://docs.unity3d.com/6000.4/Documentation/Manual/MobileInput.html,unity_docs_incremental_260527_002,3,E:/系统/桌面/工作区/本学期/大三下/IT项目管理/大作业/Data/KnowledgeBase/processed_clean/dify_import/unity_docs_chunk_1aaee28b8c83db39.md,1547,2026-05-27T13:13:27.920268+00:00
chunk_6a07c9c534e78062,unity_1cda87f9caf4aa91,unity_docs,official_documentation,Manual,,Mobile device input,https://docs.unity3d.com/6000.4/Documentation/Manual/MobileInput.html,unity_docs_incremental_260527_002,4,E:/系统/桌面/工作区/本学期/大三下/IT项目管理/大作业/Data/KnowledgeBase/processed_clean/dify_import/unity_docs_chunk_6a07c9c534e78062.md,1014,2026-05-27T13:13:27.921003+00:00
chunk_0647222a25d00e73,unity_bee7b646bb41e147,unity_docs,official_documentation,ScriptReference,,Input .compositionString,https://docs.unity3d.com/6000.4/Documentation/ScriptReference/Input-compositionString.html,unity_docs_incremental_260527_002,1,E:/系统/桌面/工作区/本学期/大三下/IT项目管理/大作业/Data/KnowledgeBase/processed_clean/dify_import/unity_docs_chunk_0647222a25d00e73.md,1217,2026-05-27T13:13:27.922230+00:00
chunk_05a288091d8b1deb,unity_97f72f9aa0dc1bb9,unity_docs,official_documentation,ScriptReference,,Input .GetAxis,https://docs.unity3d.com/6000.4/Documentation/ScriptReference/Input.GetAxis.html,unity_docs_incremental_260527_002,1,E:/系统/桌面/工作区/本学期/大三下/IT项目管理/大作业/Data/KnowledgeBase/processed_clean/dify_import/unity_docs_chunk_05a288091d8b1deb.md,1763,2026-05-27T13:13:27.923779+00:00
chunk_79b1dd31f3636c06,unity_97f72f9aa0dc1bb9,unity_docs,official_documentation,ScriptReference,,Input .GetAxis,https://docs.unity3d.com/6000.4/Documentation/ScriptReference/Input.GetAxis.html,unity_docs_incremental_260527_002,2,E:/系统/桌面/工作区/本学期/大三下/IT项目管理/大作业/Data/KnowledgeBase/processed_clean/dify_import/unity_docs_chunk_79b1dd31f3636c06.md,1471,2026-05-27T13:13:27.924540+00:00
chunk_8a8eddb8e26aa1aa,unity_1cfdddbe7cc9ff8a,unity_docs,official_documentation,ScriptReference,,Transform .Translate,https://docs.unity3d.com/6000.4/Documentation/ScriptReference/Transform.Translate.html,unity_docs_incremental_260527_002,1,E:/系统/桌面/工作区/本学期/大三下/IT项目管理/大作业/Data/KnowledgeBase/processed_clean/dify_import/unity_docs_chunk_8a8eddb8e26aa1aa.md,1776,2026-05-27T13:13:27.926122+00:00
chunk_2ee1a0550a679808,unity_1cfdddbe7cc9ff8a,unity_docs,official_documentation,ScriptReference,,Transform .Translate,https://docs.unity3d.com/6000.4/Documentation/ScriptReference/Transform.Translate.html,unity_docs_incremental_260527_002,2,E:/系统/桌面/工作区/本学期/大三下/IT项目管理/大作业/Data/KnowledgeBase/processed_clean/dify_import/unity_docs_chunk_2ee1a0550a679808.md,1795,2026-05-27T13:13:27.926884+00:00
chunk_a2f385eef552f072,unity_1cfdddbe7cc9ff8a,unity_docs,official_documentation,ScriptReference,,Transform .Translate,https://docs.unity3d.com/6000.4/Documentation/ScriptReference/Transform.Translate.html,unity_docs_incremental_260527_002,3,E:/系统/桌面/工作区/本学期/大三下/IT项目管理/大作业/Data/KnowledgeBase/processed_clean/dify_import/unity_docs_chunk_a2f385eef552f072.md,811,2026-05-27T13:13:27.927726+00:00
chunk_4b75d01a2a86d408,unity_53700126c203c5ac,unity_docs,official_documentation,Manual,,Shader Graph preferences reference,https://docs.unity3d.com/6000.4/Documentation/Manual/preferences-shader-graph.html,unity_docs_incremental_260527_002,1,E:/系统/桌面/工作区/本学期/大三下/IT项目管理/大作业/Data/KnowledgeBase/processed_clean/dify_import/unity_docs_chunk_4b75d01a2a86d408.md,703,2026-05-27T13:13:27.929680+00:00
chunk_03aff608ee2f5643,unity_081d20ee372751f5,unity_docs,official_documentation,Manual,,Package Manager,https://docs.unity3d.com/6000.4/Documentation/Manual/class-PackageManager.html,unity_docs_incremental_260527_002,1,E:/系统/桌面/工作区/本学期/大三下/IT项目管理/大作业/Data/KnowledgeBase/processed_clean/dify_import/unity_docs_chunk_03aff608ee2f5643.md,1778,2026-05-27T13:13:27.931601+00:00
chunk_5f7badfb6d486fa5,unity_081d20ee372751f5,unity_docs,official_documentation,Manual,,Package Manager,https://docs.unity3d.com/6000.4/Documentation/Manual/class-PackageManager.html,unity_docs_incremental_260527_002,2,E:/系统/桌面/工作区/本学期/大三下/IT项目管理/大作业/Data/KnowledgeBase/processed_clean/dify_import/unity_docs_chunk_5f7badfb6d486fa5.md,1134,2026-05-27T13:13:27.932552+00:00
chunk_5a6ae6731b4e4c85,unity_eb690911f32f0611,unity_docs,official_documentation,Manual,,Physics 2D reference,https://docs.unity3d.com/6000.4/Documentation/Manual/class-Physics2DSettings.html,unity_docs_incremental_260527_002,1,E:/系统/桌面/工作区/本学期/大三下/IT项目管理/大作业/Data/KnowledgeBase/processed_clean/dify_import/unity_docs_chunk_5a6ae6731b4e4c85.md,1796,2026-05-27T13:13:27.935071+00:00
chunk_198d81107f19cef1,unity_eb690911f32f0611,unity_docs,official_documentation,Manual,,Physics 2D reference,https://docs.unity3d.com/6000.4/Documentation/Manual/class-Physics2DSettings.html,unity_docs_incremental_260527_002,2,E:/系统/桌面/工作区/本学期/大三下/IT项目管理/大作业/Data/KnowledgeBase/processed_clean/dify_import/unity_docs_chunk_198d81107f19cef1.md,1711,2026-05-27T13:13:27.935862+00:00
chunk_8beede0497f20d24,unity_eb690911f32f0611,unity_docs,official_documentation,Manual,,Physics 2D reference,https://docs.unity3d.com/6000.4/Documentation/Manual/class-Physics2DSettings.html,unity_docs_incremental_260527_002,3,E:/系统/桌面/工作区/本学期/大三下/IT项目管理/大作业/Data/KnowledgeBase/processed_clean/dify_import/unity_docs_chunk_8beede0497f20d24.md,1798,2026-05-27T13:13:27.936602+00:00
chunk_552e27d8ea1fe68a,unity_eb690911f32f0611,unity_docs,official_documentation,Manual,,Physics 2D reference,https://docs.unity3d.com/6000.4/Documentation/Manual/class-Physics2DSettings.html,unity_docs_incremental_260527_002,4,E:/系统/桌面/工作区/本学期/大三下/IT项目管理/大作业/Data/KnowledgeBase/processed_clean/dify_import/unity_docs_chunk_552e27d8ea1fe68a.md,1765,2026-05-27T13:13:27.937443+00:00
chunk_1fedfa69eca0c0f2,unity_eb690911f32f0611,unity_docs,official_documentation,Manual,,Physics 2D reference,https://docs.unity3d.com/6000.4/Documentation/Manual/class-Physics2DSettings.html,unity_docs_incremental_260527_002,5,E:/系统/桌面/工作区/本学期/大三下/IT项目管理/大作业/Data/KnowledgeBase/processed_clean/dify_import/unity_docs_chunk_1fedfa69eca0c0f2.md,1671,2026-05-27T13:13:27.938184+00:00
chunk_e1b78b61fc30529e,unity_eb690911f32f0611,unity_docs,official_documentation,Manual,,Physics 2D reference,https://docs.unity3d.com/6000.4/Documentation/Manual/class-Physics2DSettings.html,unity_docs_incremental_260527_002,6,E:/系统/桌面/工作区/本学期/大三下/IT项目管理/大作业/Data/KnowledgeBase/processed_clean/dify_import/unity_docs_chunk_e1b78b61fc30529e.md,1748,2026-05-27T13:13:27.938962+00:00
chunk_6458191ed3f00d5d,unity_eb690911f32f0611,unity_docs,official_documentation,Manual,,Physics 2D reference,https://docs.unity3d.com/6000.4/Documentation/Manual/class-Physics2DSettings.html,unity_docs_incremental_260527_002,7,E:/系统/桌面/工作区/本学期/大三下/IT项目管理/大作业/Data/KnowledgeBase/processed_clean/dify_import/unity_docs_chunk_6458191ed3f00d5d.md,1647,2026-05-27T13:13:27.939629+00:00
chunk_d3567a26164cadf0,unity_eb690911f32f0611,unity_docs,official_documentation,Manual,,Physics 2D reference,https://docs.unity3d.com/6000.4/Documentation/Manual/class-Physics2DSettings.html,unity_docs_incremental_260527_002,8,E:/系统/桌面/工作区/本学期/大三下/IT项目管理/大作业/Data/KnowledgeBase/processed_clean/dify_import/unity_docs_chunk_d3567a26164cadf0.md,1607,2026-05-27T13:13:27.940385+00:00
chunk_1be737d1db665390,unity_e3ecba9c4852cd4a,unity_docs,official_documentation,Manual,,Preset Manager,https://docs.unity3d.com/6000.4/Documentation/Manual/class-PresetManager.html,unity_docs_incremental_260527_002,1,E:/系统/桌面/工作区/本学期/大三下/IT项目管理/大作业/Data/KnowledgeBase/processed_clean/dify_import/unity_docs_chunk_1be737d1db665390.md,1793,2026-05-27T13:13:27.942630+00:00
chunk_1b903adcd71b413e,unity_e3ecba9c4852cd4a,unity_docs,official_documentation,Manual,,Preset Manager,https://docs.unity3d.com/6000.4/Documentation/Manual/class-PresetManager.html,unity_docs_incremental_260527_002,2,E:/系统/桌面/工作区/本学期/大三下/IT项目管理/大作业/Data/KnowledgeBase/processed_clean/dify_import/unity_docs_chunk_1b903adcd71b413e.md,1703,2026-05-27T13:13:27.943189+00:00
chunk_947c7bc1f11f125f,unity_e3ecba9c4852cd4a,unity_docs,official_documentation,Manual,,Preset Manager,https://docs.unity3d.com/6000.4/Documentation/Manual/class-PresetManager.html,unity_docs_incremental_260527_002,3,E:/系统/桌面/工作区/本学期/大三下/IT项目管理/大作业/Data/KnowledgeBase/processed_clean/dify_import/unity_docs_chunk_947c7bc1f11f125f.md,1747,2026-05-27T13:13:27.943962+00:00
chunk_34f981d822d6ca4d,unity_e3ecba9c4852cd4a,unity_docs,official_documentation,Manual,,Preset Manager,https://docs.unity3d.com/6000.4/Documentation/Manual/class-PresetManager.html,unity_docs_incremental_260527_002,4,E:/系统/桌面/工作区/本学期/大三下/IT项目管理/大作业/Data/KnowledgeBase/processed_clean/dify_import/unity_docs_chunk_34f981d822d6ca4d.md,1788,2026-05-27T13:13:27.944829+00:00
chunk_941d08d465569973,unity_e3ecba9c4852cd4a,unity_docs,official_documentation,Manual,,Preset Manager,https://docs.unity3d.com/6000.4/Documentation/Manual/class-PresetManager.html,unity_docs_incremental_260527_002,5,E:/系统/桌面/工作区/本学期/大三下/IT项目管理/大作业/Data/KnowledgeBase/processed_clean/dify_import/unity_docs_chunk_941d08d465569973.md,1707,2026-05-27T13:13:27.945863+00:00
chunk_8e263ac3469001a3,unity_e3ecba9c4852cd4a,unity_docs,official_documentation,Manual,,Preset Manager,https://docs.unity3d.com/6000.4/Documentation/Manual/class-PresetManager.html,unity_docs_incremental_260527_002,6,E:/系统/桌面/工作区/本学期/大三下/IT项目管理/大作业/Data/KnowledgeBase/processed_clean/dify_import/unity_docs_chunk_8e263ac3469001a3.md,971,2026-05-27T13:13:27.946733+00:00
chunk_f91a746382a8d6af,unity_d6ad17b7993ecd11,unity_docs,official_documentation,Manual,,Reusing settings with preset assets,https://docs.unity3d.com/6000.4/Documentation/Manual/Presets.html,unity_docs_incremental_260527_002,1,E:/系统/桌面/工作区/本学期/大三下/IT项目管理/大作业/Data/KnowledgeBase/processed_clean/dify_import/unity_docs_chunk_f91a746382a8d6af.md,1513,2026-05-27T13:13:27.948033+00:00
chunk_2d9fbee703c9c8bc,unity_decbf550777323aa,unity_docs,official_documentation,Manual,,Script Execution Order reference,https://docs.unity3d.com/6000.4/Documentation/Manual/class-MonoManager.html,unity_docs_incremental_260527_002,1,E:/系统/桌面/工作区/本学期/大三下/IT项目管理/大作业/Data/KnowledgeBase/processed_clean/dify_import/unity_docs_chunk_2d9fbee703c9c8bc.md,1775,2026-05-27T13:13:27.949456+00:00
chunk_83a9877debf7d22a,unity_decbf550777323aa,unity_docs,official_documentation,Manual,,Script Execution Order reference,https://docs.unity3d.com/6000.4/Documentation/Manual/class-MonoManager.html,unity_docs_incremental_260527_002,2,E:/系统/桌面/工作区/本学期/大三下/IT项目管理/大作业/Data/KnowledgeBase/processed_clean/dify_import/unity_docs_chunk_83a9877debf7d22a.md,1358,2026-05-27T13:13:27.950234+00:00
chunk_8dc18b9fbdf0de8e,unity_d22d9dcc617ad378,unity_docs,official_documentation,Manual,,Services,https://docs.unity3d.com/6000.4/Documentation/Manual/services-settings.html,unity_docs_incremental_260527_002,1,E:/系统/桌面/工作区/本学期/大三下/IT项目管理/大作业/Data/KnowledgeBase/processed_clean/dify_import/unity_docs_chunk_8dc18b9fbdf0de8e.md,1193,2026-05-27T13:13:27.951508+00:00
chunk_5493c18ff7b06ba1,unity_cb51495170fd648a,unity_docs,official_documentation,ScriptReference,,Animator .SetIKPositionWeight,https://docs.unity3d.com/6000.4/Documentation/ScriptReference/Animator.SetIKPositionWeight.html,unity_docs_incremental_260527_002,1,E:/系统/桌面/工作区/本学期/大三下/IT项目管理/大作业/Data/KnowledgeBase/processed_clean/dify_import/unity_docs_chunk_5493c18ff7b06ba1.md,1615,2026-05-27T13:13:27.953148+00:00
chunk_87696755efc6012f,unity_6c7704ef7cb03e34,unity_docs,official_documentation,ScriptReference,,Animator .SetIKRotationWeight,https://docs.unity3d.com/6000.4/Documentation/ScriptReference/Animator.SetIKRotationWeight.html,unity_docs_incremental_260527_002,1,E:/系统/桌面/工作区/本学期/大三下/IT项目管理/大作业/Data/KnowledgeBase/processed_clean/dify_import/unity_docs_chunk_87696755efc6012f.md,1474,2026-05-27T13:13:27.954262+00:00
chunk_2955f80e746d585e,unity_0a01bf07ae054465,unity_docs,official_documentation,ScriptReference,,Animator .SetIKPosition,https://docs.unity3d.com/6000.4/Documentation/ScriptReference/Animator.SetIKPosition.html,unity_docs_incremental_260527_002,1,E:/系统/桌面/工作区/本学期/大三下/IT项目管理/大作业/Data/KnowledgeBase/processed_clean/dify_import/unity_docs_chunk_2955f80e746d585e.md,1526,2026-05-27T13:13:27.955716+00:00
chunk_57dc02bad3192e2d,unity_cd8ea9c546a119d5,unity_docs,official_documentation,ScriptReference,,Animator .SetIKRotation,https://docs.unity3d.com/6000.4/Documentation/ScriptReference/Animator.SetIKRotation.html,unity_docs_incremental_260527_002,1,E:/系统/桌面/工作区/本学期/大三下/IT项目管理/大作业/Data/KnowledgeBase/processed_clean/dify_import/unity_docs_chunk_57dc02bad3192e2d.md,1769,2026-05-27T13:13:27.957109+00:00
chunk_661c9862d5588f71,unity_cd8ea9c546a119d5,unity_docs,official_documentation,ScriptReference,,Animator .SetIKRotation,https://docs.unity3d.com/6000.4/Documentation/ScriptReference/Animator.SetIKRotation.html,unity_docs_incremental_260527_002,2,E:/系统/桌面/工作区/本学期/大三下/IT项目管理/大作业/Data/KnowledgeBase/processed_clean/dify_import/unity_docs_chunk_661c9862d5588f71.md,757,2026-05-27T13:13:27.957843+00:00
chunk_91047c995355e0c3,unity_7b940fd3bf8ec355,unity_docs,official_documentation,ScriptReference,,Animator .SetLookAtPosition,https://docs.unity3d.com/6000.4/Documentation/ScriptReference/Animator.SetLookAtPosition.html,unity_docs_incremental_260527_002,1,E:/系统/桌面/工作区/本学期/大三下/IT项目管理/大作业/Data/KnowledgeBase/processed_clean/dify_import/unity_docs_chunk_91047c995355e0c3.md,1756,2026-05-27T13:13:27.959155+00:00
chunk_71841c103aefa3e1,unity_38f61294ef5f81ab,unity_docs,official_documentation,ScriptReference,,Animator .bodyPosition,https://docs.unity3d.com/6000.4/Documentation/ScriptReference/Animator-bodyPosition.html,unity_docs_incremental_260527_002,1,E:/系统/桌面/工作区/本学期/大三下/IT项目管理/大作业/Data/KnowledgeBase/processed_clean/dify_import/unity_docs_chunk_71841c103aefa3e1.md,413,2026-05-27T13:13:27.960639+00:00
chunk_320808d68714629d,unity_43ca76c091ac8a96,unity_docs,official_documentation,ScriptReference,,Animator .bodyRotation,https://docs.unity3d.com/6000.4/Documentation/ScriptReference/Animator-bodyRotation.html,unity_docs_incremental_260527_002,1,E:/系统/桌面/工作区/本学期/大三下/IT项目管理/大作业/Data/KnowledgeBase/processed_clean/dify_import/unity_docs_chunk_320808d68714629d.md,416,2026-05-27T13:13:27.961987+00:00
chunk_78ba4fc64de2bba0,unity_50e57d47190edce5,unity_docs,official_documentation,Manual,,Model tab Import Settings reference,https://docs.unity3d.com/6000.4/Documentation/Manual/FBXImporter-Model.html,unity_docs_incremental_260527_002,1,E:/系统/桌面/工作区/本学期/大三下/IT项目管理/大作业/Data/KnowledgeBase/processed_clean/dify_import/unity_docs_chunk_78ba4fc64de2bba0.md,1789,2026-05-27T13:13:27.964355+00:00
chunk_86fd08f1d183977f,unity_50e57d47190edce5,unity_docs,official_documentation,Manual,,Model tab Import Settings reference,https://docs.unity3d.com/6000.4/Documentation/Manual/FBXImporter-Model.html,unity_docs_incremental_260527_002,2,E:/系统/桌面/工作区/本学期/大三下/IT项目管理/大作业/Data/KnowledgeBase/processed_clean/dify_import/unity_docs_chunk_86fd08f1d183977f.md,1686,2026-05-27T13:13:27.965158+00:00
chunk_69798b5742e7144c,unity_50e57d47190edce5,unity_docs,official_documentation,Manual,,Model tab Import Settings reference,https://docs.unity3d.com/6000.4/Documentation/Manual/FBXImporter-Model.html,unity_docs_incremental_260527_002,3,E:/系统/桌面/工作区/本学期/大三下/IT项目管理/大作业/Data/KnowledgeBase/processed_clean/dify_import/unity_docs_chunk_69798b5742e7144c.md,1711,2026-05-27T13:13:27.965973+00:00
chunk_42b16ce3f6f55aa2,unity_50e57d47190edce5,unity_docs,official_documentation,Manual,,Model tab Import Settings reference,https://docs.unity3d.com/6000.4/Documentation/Manual/FBXImporter-Model.html,unity_docs_incremental_260527_002,4,E:/系统/桌面/工作区/本学期/大三下/IT项目管理/大作业/Data/KnowledgeBase/processed_clean/dify_import/unity_docs_chunk_42b16ce3f6f55aa2.md,1753,2026-05-27T13:13:27.966921+00:00
chunk_f49a3e8d966b7a81,unity_50e57d47190edce5,unity_docs,official_documentation,Manual,,Model tab Import Settings reference,https://docs.unity3d.com/6000.4/Documentation/Manual/FBXImporter-Model.html,unity_docs_incremental_260527_002,5,E:/系统/桌面/工作区/本学期/大三下/IT项目管理/大作业/Data/KnowledgeBase/processed_clean/dify_import/unity_docs_chunk_f49a3e8d966b7a81.md,1636,2026-05-27T13:13:27.967911+00:00
chunk_42f9e06f1e2908d5,unity_50e57d47190edce5,unity_docs,official_documentation,Manual,,Model tab Import Settings reference,https://docs.unity3d.com/6000.4/Documentation/Manual/FBXImporter-Model.html,unity_docs_incremental_260527_002,6,E:/系统/桌面/工作区/本学期/大三下/IT项目管理/大作业/Data/KnowledgeBase/processed_clean/dify_import/unity_docs_chunk_42f9e06f1e2908d5.md,1755,2026-05-27T13:13:27.968716+00:00
chunk_c457e1c6757c4355,unity_50e57d47190edce5,unity_docs,official_documentation,Manual,,Model tab Import Settings reference,https://docs.unity3d.com/6000.4/Documentation/Manual/FBXImporter-Model.html,unity_docs_incremental_260527_002,7,E:/系统/桌面/工作区/本学期/大三下/IT项目管理/大作业/Data/KnowledgeBase/processed_clean/dify_import/unity_docs_chunk_c457e1c6757c4355.md,1787,2026-05-27T13:13:27.969700+00:00
chunk_880a371663ecd34e,unity_50e57d47190edce5,unity_docs,official_documentation,Manual,,Model tab Import Settings reference,https://docs.unity3d.com/6000.4/Documentation/Manual/FBXImporter-Model.html,unity_docs_incremental_260527_002,8,E:/系统/桌面/工作区/本学期/大三下/IT项目管理/大作业/Data/KnowledgeBase/processed_clean/dify_import/unity_docs_chunk_880a371663ecd34e.md,1782,2026-05-27T13:13:27.970496+00:00
chunk_ef320a8c9b2f9481,unity_50e57d47190edce5,unity_docs,official_documentation,Manual,,Model tab Import Settings reference,https://docs.unity3d.com/6000.4/Documentation/Manual/FBXImporter-Model.html,unity_docs_incremental_260527_002,9,E:/系统/桌面/工作区/本学期/大三下/IT项目管理/大作业/Data/KnowledgeBase/processed_clean/dify_import/unity_docs_chunk_ef320a8c9b2f9481.md,339,2026-05-27T13:13:27.971050+00:00
chunk_607e09784400d3b9,unity_a93d94b4185bc533,unity_docs,official_documentation,Manual,,Customize how shaders contribute lightmap data in the Built-In Render Pipeline,https://docs.unity3d.com/6000.4/Documentation/Manual/MetaPass.html,unity_docs_incremental_260527_002,1,E:/系统/桌面/工作区/本学期/大三下/IT项目管理/大作业/Data/KnowledgeBase/processed_clean/dify_import/unity_docs_chunk_607e09784400d3b9.md,1772,2026-05-27T13:13:27.972610+00:00
chunk_d1a7b57484f7adf0,unity_a93d94b4185bc533,unity_docs,official_documentation,Manual,,Customize how shaders contribute lightmap data in the Built-In Render Pipeline,https://docs.unity3d.com/6000.4/Documentation/Manual/MetaPass.html,unity_docs_incremental_260527_002,2,E:/系统/桌面/工作区/本学期/大三下/IT项目管理/大作业/Data/KnowledgeBase/processed_clean/dify_import/unity_docs_chunk_d1a7b57484f7adf0.md,1779,2026-05-27T13:13:27.973712+00:00
chunk_89e74618c9a5c6f5,unity_a93d94b4185bc533,unity_docs,official_documentation,Manual,,Customize how shaders contribute lightmap data in the Built-In Render Pipeline,https://docs.unity3d.com/6000.4/Documentation/Manual/MetaPass.html,unity_docs_incremental_260527_002,3,E:/系统/桌面/工作区/本学期/大三下/IT项目管理/大作业/Data/KnowledgeBase/processed_clean/dify_import/unity_docs_chunk_89e74618c9a5c6f5.md,1292,2026-05-27T13:13:27.974543+00:00
chunk_ccee1b21dc5373f4,unity_a93d94b4185bc533,unity_docs,official_documentation,Manual,,Customize how shaders contribute lightmap data in the Built-In Render Pipeline,https://docs.unity3d.com/6000.4/Documentation/Manual/MetaPass.html,unity_docs_incremental_260527_002,4,E:/系统/桌面/工作区/本学期/大三下/IT项目管理/大作业/Data/KnowledgeBase/processed_clean/dify_import/unity_docs_chunk_ccee1b21dc5373f4.md,1742,2026-05-27T13:13:27.975105+00:00
chunk_c829175b6488a259,unity_a93d94b4185bc533,unity_docs,official_documentation,Manual,,Customize how shaders contribute lightmap data in the Built-In Render Pipeline,https://docs.unity3d.com/6000.4/Documentation/Manual/MetaPass.html,unity_docs_incremental_260527_002,5,E:/系统/桌面/工作区/本学期/大三下/IT项目管理/大作业/Data/KnowledgeBase/processed_clean/dify_import/unity_docs_chunk_c829175b6488a259.md,484,2026-05-27T13:13:27.976097+00:00
chunk_a98c914417c19cd0,unity_7c7765c28359dfc2,unity_docs,official_documentation,Manual,,Light Explorer window,https://docs.unity3d.com/6000.4/Documentation/Manual/LightingExplorer.html,unity_docs_incremental_260527_002,1,E:/系统/桌面/工作区/本学期/大三下/IT项目管理/大作业/Data/KnowledgeBase/processed_clean/dify_import/unity_docs_chunk_a98c914417c19cd0.md,1776,2026-05-27T13:13:27.977548+00:00
chunk_85d0ebb25626cb66,unity_7a2238150c544631,unity_docs,official_documentation,ScriptReference,,LightmapParameters,https://docs.unity3d.com/6000.4/Documentation/ScriptReference/LightmapParameters.html,unity_docs_incremental_260527_002,1,E:/系统/桌面/工作区/本学期/大三下/IT项目管理/大作业/Data/KnowledgeBase/processed_clean/dify_import/unity_docs_chunk_85d0ebb25626cb66.md,1741,2026-05-27T13:13:27.978998+00:00
chunk_f1295f0c1cf43db9,unity_7a2238150c544631,unity_docs,official_documentation,ScriptReference,,LightmapParameters,https://docs.unity3d.com/6000.4/Documentation/ScriptReference/LightmapParameters.html,unity_docs_incremental_260527_002,2,E:/系统/桌面/工作区/本学期/大三下/IT项目管理/大作业/Data/KnowledgeBase/processed_clean/dify_import/unity_docs_chunk_f1295f0c1cf43db9.md,1797,2026-05-27T13:13:27.979603+00:00
chunk_0a277e1e4966dfaf,unity_7a2238150c544631,unity_docs,official_documentation,ScriptReference,,LightmapParameters,https://docs.unity3d.com/6000.4/Documentation/ScriptReference/LightmapParameters.html,unity_docs_incremental_260527_002,3,E:/系统/桌面/工作区/本学期/大三下/IT项目管理/大作业/Data/KnowledgeBase/processed_clean/dify_import/unity_docs_chunk_0a277e1e4966dfaf.md,968,2026-05-27T13:13:27.980181+00:00
chunk_c81a21da4725b0b5,unity_73a407d5167f1935,unity_docs,official_documentation,Manual,,Introduction to Realtime Global Illumination using Enlighten,https://docs.unity3d.com/6000.4/Documentation/Manual/realtime-gi-using-enlighten.html,unity_docs_incremental_260527_002,1,E:/系统/桌面/工作区/本学期/大三下/IT项目管理/大作业/Data/KnowledgeBase/processed_clean/dify_import/unity_docs_chunk_c81a21da4725b0b5.md,1708,2026-05-27T13:13:27.982329+00:00
chunk_e2c5bae0d3acceb0,unity_73a407d5167f1935,unity_docs,official_documentation,Manual,,Introduction to Realtime Global Illumination using Enlighten,https://docs.unity3d.com/6000.4/Documentation/Manual/realtime-gi-using-enlighten.html,unity_docs_incremental_260527_002,2,E:/系统/桌面/工作区/本学期/大三下/IT项目管理/大作业/Data/KnowledgeBase/processed_clean/dify_import/unity_docs_chunk_e2c5bae0d3acceb0.md,1741,2026-05-27T13:13:27.982967+00:00
chunk_1a076ac04b301dc4,unity_73a407d5167f1935,unity_docs,official_documentation,Manual,,Introduction to Realtime Global Illumination using Enlighten,https://docs.unity3d.com/6000.4/Documentation/Manual/realtime-gi-using-enlighten.html,unity_docs_incremental_260527_002,3,E:/系统/桌面/工作区/本学期/大三下/IT项目管理/大作业/Data/KnowledgeBase/processed_clean/dify_import/unity_docs_chunk_1a076ac04b301dc4.md,234,2026-05-27T13:13:27.983777+00:00
chunk_717aee4cd87602c9,unity_e929615d5929df6e,unity_docs,official_documentation,Manual,,Group GameObjects together in a lightmap with Baked Tags,https://docs.unity3d.com/6000.4/Documentation/Manual/Lightmapping-baked-tags.html,unity_docs_incremental_260527_002,1,E:/系统/桌面/工作区/本学期/大三下/IT项目管理/大作业/Data/KnowledgeBase/processed_clean/dify_import/unity_docs_chunk_717aee4cd87602c9.md,1192,2026-05-27T13:13:27.984744+00:00
chunk_8d715824bd0f647b,unity_bfdb7c34b384525c,unity_docs,official_documentation,Manual,,Scale Constraint component,https://docs.unity3d.com/6000.4/Documentation/Manual/class-ScaleConstraint.html,unity_docs_incremental_260527_002,1,E:/系统/桌面/工作区/本学期/大三下/IT项目管理/大作业/Data/KnowledgeBase/processed_clean/dify_import/unity_docs_chunk_8d715824bd0f647b.md,1688,2026-05-27T13:13:27.986225+00:00
chunk_6fe2f06569694f13,unity_bfdb7c34b384525c,unity_docs,official_documentation,Manual,,Scale Constraint component,https://docs.unity3d.com/6000.4/Documentation/Manual/class-ScaleConstraint.html,unity_docs_incremental_260527_002,2,E:/系统/桌面/工作区/本学期/大三下/IT项目管理/大作业/Data/KnowledgeBase/processed_clean/dify_import/unity_docs_chunk_6fe2f06569694f13.md,1109,2026-05-27T13:13:27.986776+00:00
chunk_4ea1cf691e4d4fb0,unity_647c0750a6beabf3,unity_docs,official_documentation,Manual,,Uses of layers in Unity,https://docs.unity3d.com/6000.4/Documentation/Manual/use-layers.html,unity_docs_incremental_260527_002,1,E:/系统/桌面/工作区/本学期/大三下/IT项目管理/大作业/Data/KnowledgeBase/processed_clean/dify_import/unity_docs_chunk_4ea1cf691e4d4fb0.md,1705,2026-05-27T13:13:27.988663+00:00
chunk_64737696102a805a,unity_647c0750a6beabf3,unity_docs,official_documentation,Manual,,Uses of layers in Unity,https://docs.unity3d.com/6000.4/Documentation/Manual/use-layers.html,unity_docs_incremental_260527_002,2,E:/系统/桌面/工作区/本学期/大三下/IT项目管理/大作业/Data/KnowledgeBase/processed_clean/dify_import/unity_docs_chunk_64737696102a805a.md,1741,2026-05-27T13:13:27.989532+00:00
chunk_e630a83a8b6eb2bb,unity_647c0750a6beabf3,unity_docs,official_documentation,Manual,,Uses of layers in Unity,https://docs.unity3d.com/6000.4/Documentation/Manual/use-layers.html,unity_docs_incremental_260527_002,3,E:/系统/桌面/工作区/本学期/大三下/IT项目管理/大作业/Data/KnowledgeBase/processed_clean/dify_import/unity_docs_chunk_e630a83a8b6eb2bb.md,847,2026-05-27T13:13:27.990381+00:00
chunk_2176a4a99b9594cd,unity_464bf8033e2a94e2,unity_docs,official_documentation,Manual,,View Options overlay reference,https://docs.unity3d.com/6000.4/Documentation/Manual/overlays-reference-view-options.html,unity_docs_incremental_260527_002,1,E:/系统/桌面/工作区/本学期/大三下/IT项目管理/大作业/Data/KnowledgeBase/processed_clean/dify_import/unity_docs_chunk_2176a4a99b9594cd.md,1785,2026-05-27T13:13:27.992187+00:00
chunk_7ac66dcf858f8242,unity_464bf8033e2a94e2,unity_docs,official_documentation,Manual,,View Options overlay reference,https://docs.unity3d.com/6000.4/Documentation/Manual/overlays-reference-view-options.html,unity_docs_incremental_260527_002,2,E:/系统/桌面/工作区/本学期/大三下/IT项目管理/大作业/Data/KnowledgeBase/processed_clean/dify_import/unity_docs_chunk_7ac66dcf858f8242.md,1761,2026-05-27T13:13:27.992782+00:00
chunk_ef6d7583242f57b2,unity_464bf8033e2a94e2,unity_docs,official_documentation,Manual,,View Options overlay reference,https://docs.unity3d.com/6000.4/Documentation/Manual/overlays-reference-view-options.html,unity_docs_incremental_260527_002,3,E:/系统/桌面/工作区/本学期/大三下/IT项目管理/大作业/Data/KnowledgeBase/processed_clean/dify_import/unity_docs_chunk_ef6d7583242f57b2.md,676,2026-05-27T13:13:27.993502+00:00
chunk_f943327794d42ec1,unity_bfb1496b16eedceb,unity_docs,official_documentation,Manual,,Create functional layers in Unity,https://docs.unity3d.com/6000.4/Documentation/Manual/create-layers.html,unity_docs_incremental_260527_002,1,E:/系统/桌面/工作区/本学期/大三下/IT项目管理/大作业/Data/KnowledgeBase/processed_clean/dify_import/unity_docs_chunk_f943327794d42ec1.md,1659,2026-05-27T13:13:27.995183+00:00
chunk_46eb39cfd5407231,unity_bfb1496b16eedceb,unity_docs,official_documentation,Manual,,Create functional layers in Unity,https://docs.unity3d.com/6000.4/Documentation/Manual/create-layers.html,unity_docs_incremental_260527_002,2,E:/系统/桌面/工作区/本学期/大三下/IT项目管理/大作业/Data/KnowledgeBase/processed_clean/dify_import/unity_docs_chunk_46eb39cfd5407231.md,1135,2026-05-27T13:13:27.995759+00:00
chunk_c52339cb6b86a152,unity_6e25c87a0ede6da7,unity_docs,official_documentation,Manual,,Layers and layerMasks,https://docs.unity3d.com/6000.4/Documentation/Manual/layers-and-layermasks.html,unity_docs_incremental_260527_002,1,E:/系统/桌面/工作区/本学期/大三下/IT项目管理/大作业/Data/KnowledgeBase/processed_clean/dify_import/unity_docs_chunk_c52339cb6b86a152.md,993,2026-05-27T13:13:27.996846+00:00
chunk_8c5886b1d7a7306b,unity_d36d5ccebe30eba8,unity_docs,official_documentation,Manual,,Introduction to Mesh LOD,https://docs.unity3d.com/6000.4/Documentation/Manual/lod/mesh-lod-introduction.html,unity_docs_incremental_260527_002,1,E:/系统/桌面/工作区/本学期/大三下/IT项目管理/大作业/Data/KnowledgeBase/processed_clean/dify_import/unity_docs_chunk_8c5886b1d7a7306b.md,1651,2026-05-27T13:13:27.998428+00:00
chunk_55cca354a951c646,unity_d36d5ccebe30eba8,unity_docs,official_documentation,Manual,,Introduction to Mesh LOD,https://docs.unity3d.com/6000.4/Documentation/Manual/lod/mesh-lod-introduction.html,unity_docs_incremental_260527_002,2,E:/系统/桌面/工作区/本学期/大三下/IT项目管理/大作业/Data/KnowledgeBase/processed_clean/dify_import/unity_docs_chunk_55cca354a951c646.md,1483,2026-05-27T13:13:27.999304+00:00
chunk_401b134bfef5a6ce,unity_d36d5ccebe30eba8,unity_docs,official_documentation,Manual,,Introduction to Mesh LOD,https://docs.unity3d.com/6000.4/Documentation/Manual/lod/mesh-lod-introduction.html,unity_docs_incremental_260527_002,3,E:/系统/桌面/工作区/本学期/大三下/IT项目管理/大作业/Data/KnowledgeBase/processed_clean/dify_import/unity_docs_chunk_401b134bfef5a6ce.md,1336,2026-05-27T13:13:27.999853+00:00
chunk_8195f3dff9f740c3,unity_4646124c9b0b5a5e,unity_docs,official_documentation,Manual,,LOD Group,https://docs.unity3d.com/6000.4/Documentation/Manual/lod/lod-group-landing.html,unity_docs_incremental_260527_002,1,E:/系统/桌面/工作区/本学期/大三下/IT项目管理/大作业/Data/KnowledgeBase/processed_clean/dify_import/unity_docs_chunk_8195f3dff9f740c3.md,1104,2026-05-27T13:13:28.000906+00:00
chunk_12266f4de53cae28,unity_8c4aeeac1525abea,unity_docs,official_documentation,Manual,,Make LOD transitions smooth in Mesh LOD,https://docs.unity3d.com/6000.4/Documentation/Manual/lod/lod-transitions-mesh-lod.html,unity_docs_incremental_260527_002,1,E:/系统/桌面/工作区/本学期/大三下/IT项目管理/大作业/Data/KnowledgeBase/processed_clean/dify_import/unity_docs_chunk_12266f4de53cae28.md,1770,2026-05-27T13:13:28.002193+00:00
chunk_682083542be2f164,unity_8c4aeeac1525abea,unity_docs,official_documentation,Manual,,Make LOD transitions smooth in Mesh LOD,https://docs.unity3d.com/6000.4/Documentation/Manual/lod/lod-transitions-mesh-lod.html,unity_docs_incremental_260527_002,2,E:/系统/桌面/工作区/本学期/大三下/IT项目管理/大作业/Data/KnowledgeBase/processed_clean/dify_import/unity_docs_chunk_682083542be2f164.md,608,2026-05-27T13:13:28.003069+00:00
chunk_dac9505e44c7075e,unity_667fe536a5283fc4,unity_docs,official_documentation,Manual,,Make LOD transitions smooth in LOD Group,https://docs.unity3d.com/6000.4/Documentation/Manual/lod/lod-transitions-lod-group.html,unity_docs_incremental_260527_002,1,E:/系统/桌面/工作区/本学期/大三下/IT项目管理/大作业/Data/KnowledgeBase/processed_clean/dify_import/unity_docs_chunk_dac9505e44c7075e.md,1796,2026-05-27T13:13:28.004670+00:00
chunk_75e1d6800c8ada86,unity_667fe536a5283fc4,unity_docs,official_documentation,Manual,,Make LOD transitions smooth in LOD Group,https://docs.unity3d.com/6000.4/Documentation/Manual/lod/lod-transitions-lod-group.html,unity_docs_incremental_260527_002,2,E:/系统/桌面/工作区/本学期/大三下/IT项目管理/大作业/Data/KnowledgeBase/processed_clean/dify_import/unity_docs_chunk_75e1d6800c8ada86.md,1739,2026-05-27T13:13:28.005292+00:00
chunk_9e926d9c6257e680,unity_667fe536a5283fc4,unity_docs,official_documentation,Manual,,Make LOD transitions smooth in LOD Group,https://docs.unity3d.com/6000.4/Documentation/Manual/lod/lod-transitions-lod-group.html,unity_docs_incremental_260527_002,3,E:/系统/桌面/工作区/本学期/大三下/IT项目管理/大作业/Data/KnowledgeBase/processed_clean/dify_import/unity_docs_chunk_9e926d9c6257e680.md,1044,2026-05-27T13:13:28.005975+00:00
chunk_e768fc27c71589d9,unity_814a03f1fcbfc111,unity_docs,official_documentation,Manual,,LOD directive in ShaderLab reference,https://docs.unity3d.com/6000.4/Documentation/Manual/SL-ShaderLOD.html,unity_docs_incremental_260527_002,1,E:/系统/桌面/工作区/本学期/大三下/IT项目管理/大作业/Data/KnowledgeBase/processed_clean/dify_import/unity_docs_chunk_e768fc27c71589d9.md,1797,2026-05-27T13:13:28.007891+00:00
chunk_f4d3fae670e2859d,unity_814a03f1fcbfc111,unity_docs,official_documentation,Manual,,LOD directive in ShaderLab reference,https://docs.unity3d.com/6000.4/Documentation/Manual/SL-ShaderLOD.html,unity_docs_incremental_260527_002,2,E:/系统/桌面/工作区/本学期/大三下/IT项目管理/大作业/Data/KnowledgeBase/processed_clean/dify_import/unity_docs_chunk_f4d3fae670e2859d.md,384,2026-05-27T13:13:28.008836+00:00
chunk_050c3bd04c668932,unity_44f910183a110495,unity_docs,official_documentation,Manual,,Precalculating indirect light with Light Probes,https://docs.unity3d.com/6000.4/Documentation/Manual/LightProbes-landing.html,unity_docs_incremental_260527_002,1,E:/系统/桌面/工作区/本学期/大三下/IT项目管理/大作业/Data/KnowledgeBase/processed_clean/dify_import/unity_docs_chunk_050c3bd04c668932.md,1774,2026-05-27T13:13:28.010176+00:00
chunk_3d2d91d73bf1e2ce,unity_44f910183a110495,unity_docs,official_documentation,Manual,,Precalculating indirect light with Light Probes,https://docs.unity3d.com/6000.4/Documentation/Manual/LightProbes-landing.html,unity_docs_incremental_260527_002,2,E:/系统/桌面/工作区/本学期/大三下/IT项目管理/大作业/Data/KnowledgeBase/processed_clean/dify_import/unity_docs_chunk_3d2d91d73bf1e2ce.md,1753,2026-05-27T13:13:28.010918+00:00
chunk_8f831a105abaa16e,unity_7c531a37a7227f24,unity_docs,official_documentation,Manual,,Light Probes and moving GameObjects,https://docs.unity3d.com/6000.4/Documentation/Manual/LightProbes-MovingObjects.html,unity_docs_incremental_260527_002,1,E:/系统/桌面/工作区/本学期/大三下/IT项目管理/大作业/Data/KnowledgeBase/processed_clean/dify_import/unity_docs_chunk_8f831a105abaa16e.md,1754,2026-05-27T13:13:28.012777+00:00
chunk_b57e72474d60e832,unity_7c531a37a7227f24,unity_docs,official_documentation,Manual,,Light Probes and moving GameObjects,https://docs.unity3d.com/6000.4/Documentation/Manual/LightProbes-MovingObjects.html,unity_docs_incremental_260527_002,2,E:/系统/桌面/工作区/本学期/大三下/IT项目管理/大作业/Data/KnowledgeBase/processed_clean/dify_import/unity_docs_chunk_b57e72474d60e832.md,1722,2026-05-27T13:13:28.013515+00:00
chunk_6d9a1cbf85d21fb7,unity_7c531a37a7227f24,unity_docs,official_documentation,Manual,,Light Probes and moving GameObjects,https://docs.unity3d.com/6000.4/Documentation/Manual/LightProbes-MovingObjects.html,unity_docs_incremental_260527_002,3,E:/系统/桌面/工作区/本学期/大三下/IT项目管理/大作业/Data/KnowledgeBase/processed_clean/dify_import/unity_docs_chunk_6d9a1cbf85d21fb7.md,1755,2026-05-27T13:13:28.014262+00:00
chunk_db89195f8ed98b84,unity_7c531a37a7227f24,unity_docs,official_documentation,Manual,,Light Probes and moving GameObjects,https://docs.unity3d.com/6000.4/Documentation/Manual/LightProbes-MovingObjects.html,unity_docs_incremental_260527_002,4,E:/系统/桌面/工作区/本学期/大三下/IT项目管理/大作业/Data/KnowledgeBase/processed_clean/dify_import/unity_docs_chunk_db89195f8ed98b84.md,1319,2026-05-27T13:13:28.015065+00:00
chunk_f068f51f601f914f,unity_6e01f923102602fd,unity_docs,official_documentation,Manual,,Place Light Probes with a script,https://docs.unity3d.com/6000.4/Documentation/Manual/LightProbes-Placing-Scripting.html,unity_docs_incremental_260527_002,1,E:/系统/桌面/工作区/本学期/大三下/IT项目管理/大作业/Data/KnowledgeBase/processed_clean/dify_import/unity_docs_chunk_f068f51f601f914f.md,1772,2026-05-27T13:13:28.017017+00:00
chunk_73d623a0d1eb45f4,unity_6e01f923102602fd,unity_docs,official_documentation,Manual,,Place Light Probes with a script,https://docs.unity3d.com/6000.4/Documentation/Manual/LightProbes-Placing-Scripting.html,unity_docs_incremental_260527_002,2,E:/系统/桌面/工作区/本学期/大三下/IT项目管理/大作业/Data/KnowledgeBase/processed_clean/dify_import/unity_docs_chunk_73d623a0d1eb45f4.md,1710,2026-05-27T13:13:28.017628+00:00
chunk_ecc96efe99d3f978,unity_6e01f923102602fd,unity_docs,official_documentation,Manual,,Place Light Probes with a script,https://docs.unity3d.com/6000.4/Documentation/Manual/LightProbes-Placing-Scripting.html,unity_docs_incremental_260527_002,3,E:/系统/桌面/工作区/本学期/大三下/IT项目管理/大作业/Data/KnowledgeBase/processed_clean/dify_import/unity_docs_chunk_ecc96efe99d3f978.md,1785,2026-05-27T13:13:28.018419+00:00
chunk_e72bf1906634eda6,unity_6e01f923102602fd,unity_docs,official_documentation,Manual,,Place Light Probes with a script,https://docs.unity3d.com/6000.4/Documentation/Manual/LightProbes-Placing-Scripting.html,unity_docs_incremental_260527_002,4,E:/系统/桌面/工作区/本学期/大三下/IT项目管理/大作业/Data/KnowledgeBase/processed_clean/dify_import/unity_docs_chunk_e72bf1906634eda6.md,1775,2026-05-27T13:13:28.019164+00:00
chunk_b3fd6554d48fdfdb,unity_6e01f923102602fd,unity_docs,official_documentation,Manual,,Place Light Probes with a script,https://docs.unity3d.com/6000.4/Documentation/Manual/LightProbes-Placing-Scripting.html,unity_docs_incremental_260527_002,5,E:/系统/桌面/工作区/本学期/大三下/IT项目管理/大作业/Data/KnowledgeBase/processed_clean/dify_import/unity_docs_chunk_b3fd6554d48fdfdb.md,1204,2026-05-27T13:13:28.019899+00:00
chunk_32e48ca8252a64c1,unity_eddaa94bfba8a444,unity_docs,official_documentation,ScriptReference,,LightProbeGroup,https://docs.unity3d.com/6000.4/Documentation/ScriptReference/LightProbeGroup.html,unity_docs_incremental_260527_002,1,E:/系统/桌面/工作区/本学期/大三下/IT项目管理/大作业/Data/KnowledgeBase/processed_clean/dify_import/unity_docs_chunk_32e48ca8252a64c1.md,1711,2026-05-27T13:13:28.021506+00:00
chunk_516099d5f4df74cb,unity_eddaa94bfba8a444,unity_docs,official_documentation,ScriptReference,,LightProbeGroup,https://docs.unity3d.com/6000.4/Documentation/ScriptReference/LightProbeGroup.html,unity_docs_incremental_260527_002,2,E:/系统/桌面/工作区/本学期/大三下/IT项目管理/大作业/Data/KnowledgeBase/processed_clean/dify_import/unity_docs_chunk_516099d5f4df74cb.md,1757,2026-05-27T13:13:28.022148+00:00
chunk_459685522c48c57c,unity_eddaa94bfba8a444,unity_docs,official_documentation,ScriptReference,,LightProbeGroup,https://docs.unity3d.com/6000.4/Documentation/ScriptReference/LightProbeGroup.html,unity_docs_incremental_260527_002,3,E:/系统/桌面/工作区/本学期/大三下/IT项目管理/大作业/Data/KnowledgeBase/processed_clean/dify_import/unity_docs_chunk_459685522c48c57c.md,1123,2026-05-27T13:13:28.022949+00:00
chunk_a23d8ff07a265d5c,unity_e422a81479e52330,unity_docs,official_documentation,Manual,,Default Scene view overlay reference,https://docs.unity3d.com/6000.4/Documentation/Manual/default-overlays-reference.html,unity_docs_incremental_260527_002,1,E:/系统/桌面/工作区/本学期/大三下/IT项目管理/大作业/Data/KnowledgeBase/processed_clean/dify_import/unity_docs_chunk_a23d8ff07a265d5c.md,1640,2026-05-27T13:13:28.024660+00:00
chunk_114360f792ba1d16,unity_e422a81479e52330,unity_docs,official_documentation,Manual,,Default Scene view overlay reference,https://docs.unity3d.com/6000.4/Documentation/Manual/default-overlays-reference.html,unity_docs_incremental_260527_002,2,E:/系统/桌面/工作区/本学期/大三下/IT项目管理/大作业/Data/KnowledgeBase/processed_clean/dify_import/unity_docs_chunk_114360f792ba1d16.md,1397,2026-05-27T13:13:28.025221+00:00
chunk_e47843918bb83e5f,unity_4ffbbd178758b31d,unity_docs,official_documentation,Manual,,Configure a GameObject to sample more Light Probes in the Built-In Render Pipeline,https://docs.unity3d.com/6000.4/Documentation/Manual/LightProbeProxyVolume-landing.html,unity_docs_incremental_260527_002,1,E:/系统/桌面/工作区/本学期/大三下/IT项目管理/大作业/Data/KnowledgeBase/processed_clean/dify_import/unity_docs_chunk_e47843918bb83e5f.md,1756,2026-05-27T13:13:28.026443+00:00
chunk_3469dd655a408f48,unity_4ffbbd178758b31d,unity_docs,official_documentation,Manual,,Configure a GameObject to sample more Light Probes in the Built-In Render Pipeline,https://docs.unity3d.com/6000.4/Documentation/Manual/LightProbeProxyVolume-landing.html,unity_docs_incremental_260527_002,2,E:/系统/桌面/工作区/本学期/大三下/IT项目管理/大作业/Data/KnowledgeBase/processed_clean/dify_import/unity_docs_chunk_3469dd655a408f48.md,1176,2026-05-27T13:13:28.027134+00:00
chunk_3f45faff042bcaab,unity_1fdc5042ae8a4401,unity_docs,official_documentation,Manual,,Set a GameObject to use a Light Probe Proxy Volume in the Built-In Render Pipeline,https://docs.unity3d.com/6000.4/Documentation/Manual/class-LightProbeProxyVolume-add.html,unity_docs_incremental_260527_002,1,E:/系统/桌面/工作区/本学期/大三下/IT项目管理/大作业/Data/KnowledgeBase/processed_clean/dify_import/unity_docs_chunk_3f45faff042bcaab.md,1724,2026-05-27T13:13:28.028698+00:00
chunk_2b592203cdf359f8,unity_1fdc5042ae8a4401,unity_docs,official_documentation,Manual,,Set a GameObject to use a Light Probe Proxy Volume in the Built-In Render Pipeline,https://docs.unity3d.com/6000.4/Documentation/Manual/class-LightProbeProxyVolume-add.html,unity_docs_incremental_260527_002,2,E:/系统/桌面/工作区/本学期/大三下/IT项目管理/大作业/Data/KnowledgeBase/processed_clean/dify_import/unity_docs_chunk_2b592203cdf359f8.md,1777,2026-05-27T13:13:28.029472+00:00
chunk_d7d1277366f30616,unity_be11e04923f0e835,unity_docs,official_documentation,ScriptReference,,LightProbeProxyVolume,https://docs.unity3d.com/6000.4/Documentation/ScriptReference/LightProbeProxyVolume.html,unity_docs_incremental_260527_002,1,E:/系统/桌面/工作区/本学期/大三下/IT项目管理/大作业/Data/KnowledgeBase/processed_clean/dify_import/unity_docs_chunk_d7d1277366f30616.md,1711,2026-05-27T13:13:28.030853+00:00
chunk_76e7eb75a399e03b,unity_be11e04923f0e835,unity_docs,official_documentation,ScriptReference,,LightProbeProxyVolume,https://docs.unity3d.com/6000.4/Documentation/ScriptReference/LightProbeProxyVolume.html,unity_docs_incremental_260527_002,2,E:/系统/桌面/工作区/本学期/大三下/IT项目管理/大作业/Data/KnowledgeBase/processed_clean/dify_import/unity_docs_chunk_76e7eb75a399e03b.md,1800,2026-05-27T13:13:28.031453+00:00
chunk_a79261eb5e2b942d,unity_be11e04923f0e835,unity_docs,official_documentation,ScriptReference,,LightProbeProxyVolume,https://docs.unity3d.com/6000.4/Documentation/ScriptReference/LightProbeProxyVolume.html,unity_docs_incremental_260527_002,3,E:/系统/桌面/工作区/本学期/大三下/IT项目管理/大作业/Data/KnowledgeBase/processed_clean/dify_import/unity_docs_chunk_a79261eb5e2b942d.md,1755,2026-05-27T13:13:28.032332+00:00
chunk_ff98eaa226fb42c4,unity_be11e04923f0e835,unity_docs,official_documentation,ScriptReference,,LightProbeProxyVolume,https://docs.unity3d.com/6000.4/Documentation/ScriptReference/LightProbeProxyVolume.html,unity_docs_incremental_260527_002,4,E:/系统/桌面/工作区/本学期/大三下/IT项目管理/大作业/Data/KnowledgeBase/processed_clean/dify_import/unity_docs_chunk_ff98eaa226fb42c4.md,549,2026-05-27T13:13:28.032882+00:00
chunk_6edff2b5c83ddb70,unity_05eaffca30dc1465,unity_docs,official_documentation,Manual,,Rendering lines,https://docs.unity3d.com/6000.4/Documentation/Manual/rendering-lines.html,unity_docs_incremental_260527_002,1,E:/系统/桌面/工作区/本学期/大三下/IT项目管理/大作业/Data/KnowledgeBase/processed_clean/dify_import/unity_docs_chunk_6edff2b5c83ddb70.md,955,2026-05-27T13:13:28.034129+00:00
chunk_8afea9f2427e2aa9,unity_07c6c8f70c4acbba,unity_docs,official_documentation,Manual,,Draw and configure a line in 3D space,https://docs.unity3d.com/6000.4/Documentation/Manual/draw-configure-line-3d-space.html,unity_docs_incremental_260527_002,1,E:/系统/桌面/工作区/本学期/大三下/IT项目管理/大作业/Data/KnowledgeBase/processed_clean/dify_import/unity_docs_chunk_8afea9f2427e2aa9.md,1799,2026-05-27T13:13:28.035476+00:00
chunk_09095de27591ed96,unity_07c6c8f70c4acbba,unity_docs,official_documentation,Manual,,Draw and configure a line in 3D space,https://docs.unity3d.com/6000.4/Documentation/Manual/draw-configure-line-3d-space.html,unity_docs_incremental_260527_002,2,E:/系统/桌面/工作区/本学期/大三下/IT项目管理/大作业/Data/KnowledgeBase/processed_clean/dify_import/unity_docs_chunk_09095de27591ed96.md,1694,2026-05-27T13:13:28.036584+00:00
chunk_eec194173c0385bb,unity_2929af264d3fbddf,unity_docs,official_documentation,Manual,,Line Renderer Scene Tools panel reference,https://docs.unity3d.com/6000.4/Documentation/Manual/class-LineRenderer-scene-tools-panel.html,unity_docs_incremental_260527_002,1,E:/系统/桌面/工作区/本学期/大三下/IT项目管理/大作业/Data/KnowledgeBase/processed_clean/dify_import/unity_docs_chunk_eec194173c0385bb.md,1790,2026-05-27T13:13:28.038002+00:00
chunk_2228f8823566089b,unity_2929af264d3fbddf,unity_docs,official_documentation,Manual,,Line Renderer Scene Tools panel reference,https://docs.unity3d.com/6000.4/Documentation/Manual/class-LineRenderer-scene-tools-panel.html,unity_docs_incremental_260527_002,2,E:/系统/桌面/工作区/本学期/大三下/IT项目管理/大作业/Data/KnowledgeBase/processed_clean/dify_import/unity_docs_chunk_2228f8823566089b.md,1786,2026-05-27T13:13:28.038858+00:00
chunk_68c7c11ba72811c0,unity_2929af264d3fbddf,unity_docs,official_documentation,Manual,,Line Renderer Scene Tools panel reference,https://docs.unity3d.com/6000.4/Documentation/Manual/class-LineRenderer-scene-tools-panel.html,unity_docs_incremental_260527_002,3,E:/系统/桌面/工作区/本学期/大三下/IT项目管理/大作业/Data/KnowledgeBase/processed_clean/dify_import/unity_docs_chunk_68c7c11ba72811c0.md,348,2026-05-27T13:13:28.039716+00:00
chunk_dea479a4dbf34cb7,unity_6cf40b46d78383bb,unity_docs,official_documentation,ScriptReference,,LineRenderer,https://docs.unity3d.com/6000.4/Documentation/ScriptReference/LineRenderer.html,unity_docs_incremental_260527_002,1,E:/系统/桌面/工作区/本学期/大三下/IT项目管理/大作业/Data/KnowledgeBase/processed_clean/dify_import/unity_docs_chunk_dea479a4dbf34cb7.md,1729,2026-05-27T13:13:28.041966+00:00
chunk_3886d57fe1de2fe0,unity_6cf40b46d78383bb,unity_docs,official_documentation,ScriptReference,,LineRenderer,https://docs.unity3d.com/6000.4/Documentation/ScriptReference/LineRenderer.html,unity_docs_incremental_260527_002,2,E:/系统/桌面/工作区/本学期/大三下/IT项目管理/大作业/Data/KnowledgeBase/processed_clean/dify_import/unity_docs_chunk_3886d57fe1de2fe0.md,1759,2026-05-27T13:13:28.042996+00:00
chunk_f9af52635331a624,unity_6cf40b46d78383bb,unity_docs,official_documentation,ScriptReference,,LineRenderer,https://docs.unity3d.com/6000.4/Documentation/ScriptReference/LineRenderer.html,unity_docs_incremental_260527_002,3,E:/系统/桌面/工作区/本学期/大三下/IT项目管理/大作业/Data/KnowledgeBase/processed_clean/dify_import/unity_docs_chunk_f9af52635331a624.md,1794,2026-05-27T13:13:28.043650+00:00
chunk_d3aabc51675aca35,unity_6cf40b46d78383bb,unity_docs,official_documentation,ScriptReference,,LineRenderer,https://docs.unity3d.com/6000.4/Documentation/ScriptReference/LineRenderer.html,unity_docs_incremental_260527_002,4,E:/系统/桌面/工作区/本学期/大三下/IT项目管理/大作业/Data/KnowledgeBase/processed_clean/dify_import/unity_docs_chunk_d3aabc51675aca35.md,1770,2026-05-27T13:13:28.044196+00:00
chunk_78fe0e74da01c801,unity_6cf40b46d78383bb,unity_docs,official_documentation,ScriptReference,,LineRenderer,https://docs.unity3d.com/6000.4/Documentation/ScriptReference/LineRenderer.html,unity_docs_incremental_260527_002,5,E:/系统/桌面/工作区/本学期/大三下/IT项目管理/大作业/Data/KnowledgeBase/processed_clean/dify_import/unity_docs_chunk_78fe0e74da01c801.md,1749,2026-05-27T13:13:28.044936+00:00
chunk_49790f7ce68f5c26,unity_6cf40b46d78383bb,unity_docs,official_documentation,ScriptReference,,LineRenderer,https://docs.unity3d.com/6000.4/Documentation/ScriptReference/LineRenderer.html,unity_docs_incremental_260527_002,6,E:/系统/桌面/工作区/本学期/大三下/IT项目管理/大作业/Data/KnowledgeBase/processed_clean/dify_import/unity_docs_chunk_49790f7ce68f5c26.md,1798,2026-05-27T13:13:28.045515+00:00
chunk_9add06a63733649d,unity_d75ff4878debff16,unity_docs,official_documentation,Manual,,Line Renderer properties reference,https://docs.unity3d.com/6000.4/Documentation/Manual/class-LineRenderer-line-renderer-properties.html,unity_docs_incremental_260527_002,1,E:/系统/桌面/工作区/本学期/大三下/IT项目管理/大作业/Data/KnowledgeBase/processed_clean/dify_import/unity_docs_chunk_9add06a63733649d.md,1753,2026-05-27T13:13:28.047712+00:00
chunk_9d416d8f08e097cb,unity_d75ff4878debff16,unity_docs,official_documentation,Manual,,Line Renderer properties reference,https://docs.unity3d.com/6000.4/Documentation/Manual/class-LineRenderer-line-renderer-properties.html,unity_docs_incremental_260527_002,2,E:/系统/桌面/工作区/本学期/大三下/IT项目管理/大作业/Data/KnowledgeBase/processed_clean/dify_import/unity_docs_chunk_9d416d8f08e097cb.md,1728,2026-05-27T13:13:28.048269+00:00
chunk_5a8af4abf94a9f99,unity_d75ff4878debff16,unity_docs,official_documentation,Manual,,Line Renderer properties reference,https://docs.unity3d.com/6000.4/Documentation/Manual/class-LineRenderer-line-renderer-properties.html,unity_docs_incremental_260527_002,3,E:/系统/桌面/工作区/本学期/大三下/IT项目管理/大作业/Data/KnowledgeBase/processed_clean/dify_import/unity_docs_chunk_5a8af4abf94a9f99.md,1788,2026-05-27T13:13:28.048937+00:00
chunk_c358852c2c6046c3,unity_d75ff4878debff16,unity_docs,official_documentation,Manual,,Line Renderer properties reference,https://docs.unity3d.com/6000.4/Documentation/Manual/class-LineRenderer-line-renderer-properties.html,unity_docs_incremental_260527_002,4,E:/系统/桌面/工作区/本学期/大三下/IT项目管理/大作业/Data/KnowledgeBase/processed_clean/dify_import/unity_docs_chunk_c358852c2c6046c3.md,1603,2026-05-27T13:13:28.049477+00:00
chunk_d4c0caf1f707f148,unity_d75ff4878debff16,unity_docs,official_documentation,Manual,,Line Renderer properties reference,https://docs.unity3d.com/6000.4/Documentation/Manual/class-LineRenderer-line-renderer-properties.html,unity_docs_incremental_260527_002,5,E:/系统/桌面/工作区/本学期/大三下/IT项目管理/大作业/Data/KnowledgeBase/processed_clean/dify_import/unity_docs_chunk_d4c0caf1f707f148.md,1791,2026-05-27T13:13:28.050432+00:00
chunk_6253603e37e8f7cb,unity_d75ff4878debff16,unity_docs,official_documentation,Manual,,Line Renderer properties reference,https://docs.unity3d.com/6000.4/Documentation/Manual/class-LineRenderer-line-renderer-properties.html,unity_docs_incremental_260527_002,6,E:/系统/桌面/工作区/本学期/大三下/IT项目管理/大作业/Data/KnowledgeBase/processed_clean/dify_import/unity_docs_chunk_6253603e37e8f7cb.md,1727,2026-05-27T13:13:28.051202+00:00
chunk_87e971143b64bd36,unity_d75ff4878debff16,unity_docs,official_documentation,Manual,,Line Renderer properties reference,https://docs.unity3d.com/6000.4/Documentation/Manual/class-LineRenderer-line-renderer-properties.html,unity_docs_incremental_260527_002,7,E:/系统/桌面/工作区/本学期/大三下/IT项目管理/大作业/Data/KnowledgeBase/processed_clean/dify_import/unity_docs_chunk_87e971143b64bd36.md,1550,2026-05-27T13:13:28.051914+00:00
chunk_f425a2634dbe4f4e,unity_8a530c34a54037ba,unity_docs,official_documentation,Manual,,Access the Package Manager window,https://docs.unity3d.com/6000.4/Documentation/Manual/upm-ui-access.html,unity_docs_incremental_260527_002,1,E:/系统/桌面/工作区/本学期/大三下/IT项目管理/大作业/Data/KnowledgeBase/processed_clean/dify_import/unity_docs_chunk_f425a2634dbe4f4e.md,653,2026-05-27T13:13:28.052995+00:00
chunk_dabec40837afa87c,unity_03d4c165ceaf0f2d,unity_docs,official_documentation,Manual,,Add and remove asset packages,https://docs.unity3d.com/6000.4/Documentation/Manual/upm-ui-actions-ap.html,unity_docs_incremental_260527_002,1,E:/系统/桌面/工作区/本学期/大三下/IT项目管理/大作业/Data/KnowledgeBase/processed_clean/dify_import/unity_docs_chunk_dabec40837afa87c.md,1764,2026-05-27T13:13:28.054472+00:00
chunk_c2a298c4694bd5ac,unity_ed9a0231d2ed276d,unity_docs,official_documentation,ScriptReference,,LODGroup,https://docs.unity3d.com/6000.4/Documentation/ScriptReference/LODGroup.html,unity_docs_incremental_260527_002,1,E:/系统/桌面/工作区/本学期/大三下/IT项目管理/大作业/Data/KnowledgeBase/processed_clean/dify_import/unity_docs_chunk_c2a298c4694bd5ac.md,1797,2026-05-27T13:13:28.055832+00:00
chunk_4bfd4828e3a7552c,unity_ed9a0231d2ed276d,unity_docs,official_documentation,ScriptReference,,LODGroup,https://docs.unity3d.com/6000.4/Documentation/ScriptReference/LODGroup.html,unity_docs_incremental_260527_002,2,E:/系统/桌面/工作区/本学期/大三下/IT项目管理/大作业/Data/KnowledgeBase/processed_clean/dify_import/unity_docs_chunk_4bfd4828e3a7552c.md,1797,2026-05-27T13:13:28.056740+00:00
chunk_5f329d0614792160,unity_ed9a0231d2ed276d,unity_docs,official_documentation,ScriptReference,,LODGroup,https://docs.unity3d.com/6000.4/Documentation/ScriptReference/LODGroup.html,unity_docs_incremental_260527_002,3,E:/系统/桌面/工作区/本学期/大三下/IT项目管理/大作业/Data/KnowledgeBase/processed_clean/dify_import/unity_docs_chunk_5f329d0614792160.md,825,2026-05-27T13:13:28.057637+00:00
chunk_8660ccf6989dd037,unity_0b1d249268dc3757,unity_docs,official_documentation,Manual,,Import or create LOD levels for a LOD Group,https://docs.unity3d.com/6000.4/Documentation/Manual/lod-group-configure.html,unity_docs_incremental_260527_002,1,E:/系统/桌面/工作区/本学期/大三下/IT项目管理/大作业/Data/KnowledgeBase/processed_clean/dify_import/unity_docs_chunk_8660ccf6989dd037.md,1775,2026-05-27T13:13:28.059088+00:00
chunk_4d323e54741f56c4,unity_0b1d249268dc3757,unity_docs,official_documentation,Manual,,Import or create LOD levels for a LOD Group,https://docs.unity3d.com/6000.4/Documentation/Manual/lod-group-configure.html,unity_docs_incremental_260527_002,2,E:/系统/桌面/工作区/本学期/大三下/IT项目管理/大作业/Data/KnowledgeBase/processed_clean/dify_import/unity_docs_chunk_4d323e54741f56c4.md,1799,2026-05-27T13:13:28.059943+00:00
chunk_4dd2393fa8fb3fc2,unity_31cd9902cb71171f,unity_docs,official_documentation,Manual,,Visualizing profiler counters,https://docs.unity3d.com/6000.4/Documentation/Manual/profiler-creating-custom-counters.html,unity_docs_incremental_260527_002,1,E:/系统/桌面/工作区/本学期/大三下/IT项目管理/大作业/Data/KnowledgeBase/processed_clean/dify_import/unity_docs_chunk_4dd2393fa8fb3fc2.md,1798,2026-05-27T13:13:28.061930+00:00
chunk_24f66e320500c22c,unity_31cd9902cb71171f,unity_docs,official_documentation,Manual,,Visualizing profiler counters,https://docs.unity3d.com/6000.4/Documentation/Manual/profiler-creating-custom-counters.html,unity_docs_incremental_260527_002,2,E:/系统/桌面/工作区/本学期/大三下/IT项目管理/大作业/Data/KnowledgeBase/processed_clean/dify_import/unity_docs_chunk_24f66e320500c22c.md,1728,2026-05-27T13:13:28.062763+00:00
chunk_c90c1c9e3e695dc4,unity_31cd9902cb71171f,unity_docs,official_documentation,Manual,,Visualizing profiler counters,https://docs.unity3d.com/6000.4/Documentation/Manual/profiler-creating-custom-counters.html,unity_docs_incremental_260527_002,3,E:/系统/桌面/工作区/本学期/大三下/IT项目管理/大作业/Data/KnowledgeBase/processed_clean/dify_import/unity_docs_chunk_c90c1c9e3e695dc4.md,1794,2026-05-27T13:13:28.063555+00:00
chunk_fec2eaa82a3dcf57,unity_31cd9902cb71171f,unity_docs,official_documentation,Manual,,Visualizing profiler counters,https://docs.unity3d.com/6000.4/Documentation/Manual/profiler-creating-custom-counters.html,unity_docs_incremental_260527_002,4,E:/系统/桌面/工作区/本学期/大三下/IT项目管理/大作业/Data/KnowledgeBase/processed_clean/dify_import/unity_docs_chunk_fec2eaa82a3dcf57.md,1771,2026-05-27T13:13:28.064325+00:00
chunk_a0f6ce7e65ce0ef2,unity_31cd9902cb71171f,unity_docs,official_documentation,Manual,,Visualizing profiler counters,https://docs.unity3d.com/6000.4/Documentation/Manual/profiler-creating-custom-counters.html,unity_docs_incremental_260527_002,5,E:/系统/桌面/工作区/本学期/大三下/IT项目管理/大作业/Data/KnowledgeBase/processed_clean/dify_import/unity_docs_chunk_a0f6ce7e65ce0ef2.md,707,2026-05-27T13:13:28.065152+00:00
chunk_3ac9b2480765fba2,unity_98ed9545836cf051,unity_docs,official_documentation,Manual,,Adding profiling information to your code introduction,https://docs.unity3d.com/6000.4/Documentation/Manual/profiler-adding-information-code-intro.html,unity_docs_incremental_260527_002,1,E:/系统/桌面/工作区/本学期/大三下/IT项目管理/大作业/Data/KnowledgeBase/processed_clean/dify_import/unity_docs_chunk_3ac9b2480765fba2.md,1684,2026-05-27T13:13:28.066877+00:00
chunk_3165c5ec43f078f6,unity_98ed9545836cf051,unity_docs,official_documentation,Manual,,Adding profiling information to your code introduction,https://docs.unity3d.com/6000.4/Documentation/Manual/profiler-adding-information-code-intro.html,unity_docs_incremental_260527_002,2,E:/系统/桌面/工作区/本学期/大三下/IT项目管理/大作业/Data/KnowledgeBase/processed_clean/dify_import/unity_docs_chunk_3165c5ec43f078f6.md,1553,2026-05-27T13:13:28.067759+00:00
chunk_25316eb976928e08,unity_98ed9545836cf051,unity_docs,official_documentation,Manual,,Adding profiling information to your code introduction,https://docs.unity3d.com/6000.4/Documentation/Manual/profiler-adding-information-code-intro.html,unity_docs_incremental_260527_002,3,E:/系统/桌面/工作区/本学期/大三下/IT项目管理/大作业/Data/KnowledgeBase/processed_clean/dify_import/unity_docs_chunk_25316eb976928e08.md,1773,2026-05-27T13:13:28.068374+00:00
chunk_ea0a71f90a8ba2fe,unity_98ed9545836cf051,unity_docs,official_documentation,Manual,,Adding profiling information to your code introduction,https://docs.unity3d.com/6000.4/Documentation/Manual/profiler-adding-information-code-intro.html,unity_docs_incremental_260527_002,4,E:/系统/桌面/工作区/本学期/大三下/IT项目管理/大作业/Data/KnowledgeBase/processed_clean/dify_import/unity_docs_chunk_ea0a71f90a8ba2fe.md,735,2026-05-27T13:13:28.069168+00:00
chunk_a4e7689b20007d06,unity_aae983df5ff2f912,unity_docs,official_documentation,ScriptReference,,ProfilerRecorder,https://docs.unity3d.com/6000.4/Documentation/ScriptReference/Unity.Profiling.ProfilerRecorder.html,unity_docs_incremental_260527_002,1,E:/系统/桌面/工作区/本学期/大三下/IT项目管理/大作业/Data/KnowledgeBase/processed_clean/dify_import/unity_docs_chunk_a4e7689b20007d06.md,1790,2026-05-27T13:13:28.071074+00:00
chunk_7f06bbf23828529c,unity_aae983df5ff2f912,unity_docs,official_documentation,ScriptReference,,ProfilerRecorder,https://docs.unity3d.com/6000.4/Documentation/ScriptReference/Unity.Profiling.ProfilerRecorder.html,unity_docs_incremental_260527_002,2,E:/系统/桌面/工作区/本学期/大三下/IT项目管理/大作业/Data/KnowledgeBase/processed_clean/dify_import/unity_docs_chunk_7f06bbf23828529c.md,1736,2026-05-27T13:13:28.072137+00:00
chunk_1e74490c06301f9a,unity_aae983df5ff2f912,unity_docs,official_documentation,ScriptReference,,ProfilerRecorder,https://docs.unity3d.com/6000.4/Documentation/ScriptReference/Unity.Profiling.ProfilerRecorder.html,unity_docs_incremental_260527_002,3,E:/系统/桌面/工作区/本学期/大三下/IT项目管理/大作业/Data/KnowledgeBase/processed_clean/dify_import/unity_docs_chunk_1e74490c06301f9a.md,789,2026-05-27T13:13:28.072787+00:00
chunk_1315bcd7b51a2be2,unity_eff74c8f5f07548e,unity_docs,official_documentation,ScriptReference,,FrameTimingManager,https://docs.unity3d.com/6000.4/Documentation/ScriptReference/FrameTimingManager.html,unity_docs_incremental_260527_002,1,E:/系统/桌面/工作区/本学期/大三下/IT项目管理/大作业/Data/KnowledgeBase/processed_clean/dify_import/unity_docs_chunk_1315bcd7b51a2be2.md,1791,2026-05-27T13:13:28.074404+00:00
chunk_1e658edee1d86202,unity_eff74c8f5f07548e,unity_docs,official_documentation,ScriptReference,,FrameTimingManager,https://docs.unity3d.com/6000.4/Documentation/ScriptReference/FrameTimingManager.html,unity_docs_incremental_260527_002,2,E:/系统/桌面/工作区/本学期/大三下/IT项目管理/大作业/Data/KnowledgeBase/processed_clean/dify_import/unity_docs_chunk_1e658edee1d86202.md,1765,2026-05-27T13:13:28.075129+00:00
chunk_cabe75034b40fac7,unity_eff74c8f5f07548e,unity_docs,official_documentation,ScriptReference,,FrameTimingManager,https://docs.unity3d.com/6000.4/Documentation/ScriptReference/FrameTimingManager.html,unity_docs_incremental_260527_002,3,E:/系统/桌面/工作区/本学期/大三下/IT项目管理/大作业/Data/KnowledgeBase/processed_clean/dify_import/unity_docs_chunk_cabe75034b40fac7.md,1444,2026-05-27T13:13:28.075667+00:00
chunk_770cef8b8b1f2170,unity_5ba71fcba29e32a4,unity_docs,official_documentation,Manual,,Play mode and Editor profile samples,https://docs.unity3d.com/6000.4/Documentation/Manual/profiler-play-edit-samples.html,unity_docs_incremental_260527_002,1,E:/系统/桌面/工作区/本学期/大三下/IT项目管理/大作业/Data/KnowledgeBase/processed_clean/dify_import/unity_docs_chunk_770cef8b8b1f2170.md,1735,2026-05-27T13:13:28.076965+00:00
chunk_c1d19e1c1b02124f,unity_5ba71fcba29e32a4,unity_docs,official_documentation,Manual,,Play mode and Editor profile samples,https://docs.unity3d.com/6000.4/Documentation/Manual/profiler-play-edit-samples.html,unity_docs_incremental_260527_002,2,E:/系统/桌面/工作区/本学期/大三下/IT项目管理/大作业/Data/KnowledgeBase/processed_clean/dify_import/unity_docs_chunk_c1d19e1c1b02124f.md,1522,2026-05-27T13:13:28.077881+00:00
chunk_d0c5db0c7e7b8fcf,unity_5ba71fcba29e32a4,unity_docs,official_documentation,Manual,,Play mode and Editor profile samples,https://docs.unity3d.com/6000.4/Documentation/Manual/profiler-play-edit-samples.html,unity_docs_incremental_260527_002,3,E:/系统/桌面/工作区/本学期/大三下/IT项目管理/大作业/Data/KnowledgeBase/processed_clean/dify_import/unity_docs_chunk_d0c5db0c7e7b8fcf.md,483,2026-05-27T13:13:28.078520+00:00
chunk_edd7584e3dd9d342,unity_24bc0ba3769b4360,unity_docs,official_documentation,Manual,,Customizing the Profiler,https://docs.unity3d.com/6000.4/Documentation/Manual/profiler-customizing.html,unity_docs_incremental_260527_002,1,E:/系统/桌面/工作区/本学期/大三下/IT项目管理/大作业/Data/KnowledgeBase/processed_clean/dify_import/unity_docs_chunk_edd7584e3dd9d342.md,758,2026-05-27T13:13:28.079572+00:00
chunk_06be511c1f2c91b9,unity_a4f0327e1ff58d9c,unity_docs,official_documentation,Manual,,Write multithreaded code with the job system,https://docs.unity3d.com/6000.4/Documentation/Manual/job-system.html,unity_docs_incremental_260527_002,1,E:/系统/桌面/工作区/本学期/大三下/IT项目管理/大作业/Data/KnowledgeBase/processed_clean/dify_import/unity_docs_chunk_06be511c1f2c91b9.md,959,2026-05-27T13:13:28.080899+00:00
chunk_b65febd5bf797949,unity_23735009db87e149,unity_docs,official_documentation,ScriptReference,,PlayerLoop,https://docs.unity3d.com/6000.4/Documentation/ScriptReference/LowLevel.PlayerLoop.html,unity_docs_incremental_260527_002,1,E:/系统/桌面/工作区/本学期/大三下/IT项目管理/大作业/Data/KnowledgeBase/processed_clean/dify_import/unity_docs_chunk_b65febd5bf797949.md,1767,2026-05-27T13:13:28.082430+00:00
chunk_96c29a0dc7806abb,unity_23735009db87e149,unity_docs,official_documentation,ScriptReference,,PlayerLoop,https://docs.unity3d.com/6000.4/Documentation/ScriptReference/LowLevel.PlayerLoop.html,unity_docs_incremental_260527_002,2,E:/系统/桌面/工作区/本学期/大三下/IT项目管理/大作业/Data/KnowledgeBase/processed_clean/dify_import/unity_docs_chunk_96c29a0dc7806abb.md,1759,2026-05-27T13:13:28.083215+00:00
chunk_efd0f853ce1773a7,unity_23735009db87e149,unity_docs,official_documentation,ScriptReference,,PlayerLoop,https://docs.unity3d.com/6000.4/Documentation/ScriptReference/LowLevel.PlayerLoop.html,unity_docs_incremental_260527_002,3,E:/系统/桌面/工作区/本学期/大三下/IT项目管理/大作业/Data/KnowledgeBase/processed_clean/dify_import/unity_docs_chunk_efd0f853ce1773a7.md,1086,2026-05-27T13:13:28.083993+00:00
chunk_02dda24c73657442,unity_3be96bc6aa6fea32,unity_docs,official_documentation,ScriptReference,,PlayerLoop .SetPlayerLoop,https://docs.unity3d.com/6000.4/Documentation/ScriptReference/LowLevel.PlayerLoop.SetPlayerLoop.html,unity_docs_incremental_260527_002,1,E:/系统/桌面/工作区/本学期/大三下/IT项目管理/大作业/Data/KnowledgeBase/processed_clean/dify_import/unity_docs_chunk_02dda24c73657442.md,1786,2026-05-27T13:13:28.085603+00:00
chunk_f5b46dcae8daf642,unity_3be96bc6aa6fea32,unity_docs,official_documentation,ScriptReference,,PlayerLoop .SetPlayerLoop,https://docs.unity3d.com/6000.4/Documentation/ScriptReference/LowLevel.PlayerLoop.SetPlayerLoop.html,unity_docs_incremental_260527_002,2,E:/系统/桌面/工作区/本学期/大三下/IT项目管理/大作业/Data/KnowledgeBase/processed_clean/dify_import/unity_docs_chunk_f5b46dcae8daf642.md,1800,2026-05-27T13:13:28.086520+00:00
chunk_afe035fb8da48031,unity_3be96bc6aa6fea32,unity_docs,official_documentation,ScriptReference,,PlayerLoop .SetPlayerLoop,https://docs.unity3d.com/6000.4/Documentation/ScriptReference/LowLevel.PlayerLoop.SetPlayerLoop.html,unity_docs_incremental_260527_002,3,E:/系统/桌面/工作区/本学期/大三下/IT项目管理/大作业/Data/KnowledgeBase/processed_clean/dify_import/unity_docs_chunk_afe035fb8da48031.md,272,2026-05-27T13:13:28.087156+00:00
chunk_a410600fd1eac62c,unity_55ae75d8d05f184c,unity_docs,official_documentation,ScriptReference,,MonoBehaviour .LateUpdate(),https://docs.unity3d.com/6000.4/Documentation/ScriptReference/MonoBehaviour.LateUpdate.html,unity_docs_incremental_260527_002,1,E:/系统/桌面/工作区/本学期/大三下/IT项目管理/大作业/Data/KnowledgeBase/processed_clean/dify_import/unity_docs_chunk_a410600fd1eac62c.md,961,2026-05-27T13:13:28.088345+00:00
chunk_3dd82a5fdca632e5,unity_996f8d6e06cae5c8,unity_docs,official_documentation,ScriptReference,,Coroutine,https://docs.unity3d.com/6000.4/Documentation/ScriptReference/Coroutine.html,unity_docs_incremental_260527_002,1,E:/系统/桌面/工作区/本学期/大三下/IT项目管理/大作业/Data/KnowledgeBase/processed_clean/dify_import/unity_docs_chunk_3dd82a5fdca632e5.md,1790,2026-05-27T13:13:28.089659+00:00
chunk_80c539b1a39e17b6,unity_3396abd27edd15fb,unity_docs,official_documentation,ScriptReference,,Application .targetFrameRate,https://docs.unity3d.com/6000.4/Documentation/ScriptReference/Application-targetFrameRate.html,unity_docs_incremental_260527_002,1,E:/系统/桌面/工作区/本学期/大三下/IT项目管理/大作业/Data/KnowledgeBase/processed_clean/dify_import/unity_docs_chunk_80c539b1a39e17b6.md,1797,2026-05-27T13:13:28.091458+00:00
chunk_eb686bd38fe23299,unity_3396abd27edd15fb,unity_docs,official_documentation,ScriptReference,,Application .targetFrameRate,https://docs.unity3d.com/6000.4/Documentation/ScriptReference/Application-targetFrameRate.html,unity_docs_incremental_260527_002,2,E:/系统/桌面/工作区/本学期/大三下/IT项目管理/大作业/Data/KnowledgeBase/processed_clean/dify_import/unity_docs_chunk_eb686bd38fe23299.md,1795,2026-05-27T13:13:28.092340+00:00
chunk_2b1470da72fa3631,unity_3396abd27edd15fb,unity_docs,official_documentation,ScriptReference,,Application .targetFrameRate,https://docs.unity3d.com/6000.4/Documentation/ScriptReference/Application-targetFrameRate.html,unity_docs_incremental_260527_002,3,E:/系统/桌面/工作区/本学期/大三下/IT项目管理/大作业/Data/KnowledgeBase/processed_clean/dify_import/unity_docs_chunk_2b1470da72fa3631.md,1776,2026-05-27T13:13:28.093162+00:00
chunk_b55e5e5bf791dfce,unity_3396abd27edd15fb,unity_docs,official_documentation,ScriptReference,,Application .targetFrameRate,https://docs.unity3d.com/6000.4/Documentation/ScriptReference/Application-targetFrameRate.html,unity_docs_incremental_260527_002,4,E:/系统/桌面/工作区/本学期/大三下/IT项目管理/大作业/Data/KnowledgeBase/processed_clean/dify_import/unity_docs_chunk_b55e5e5bf791dfce.md,536,2026-05-27T13:13:28.093812+00:00
chunk_75f6aaccaf9aaebf,unity_5587f72dd3ce2b45,unity_docs,official_documentation,ScriptReference,,QualitySettings .vSyncCount,https://docs.unity3d.com/6000.4/Documentation/ScriptReference/QualitySettings-vSyncCount.html,unity_docs_incremental_260527_002,1,E:/系统/桌面/工作区/本学期/大三下/IT项目管理/大作业/Data/KnowledgeBase/processed_clean/dify_import/unity_docs_chunk_75f6aaccaf9aaebf.md,1740,2026-05-27T13:13:28.095295+00:00
chunk_2f9582cc7d395c9d,unity_5587f72dd3ce2b45,unity_docs,official_documentation,ScriptReference,,QualitySettings .vSyncCount,https://docs.unity3d.com/6000.4/Documentation/ScriptReference/QualitySettings-vSyncCount.html,unity_docs_incremental_260527_002,2,E:/系统/桌面/工作区/本学期/大三下/IT项目管理/大作业/Data/KnowledgeBase/processed_clean/dify_import/unity_docs_chunk_2f9582cc7d395c9d.md,1525,2026-05-27T13:13:28.095861+00:00
chunk_74800597da916147,unity_3223db334728585f,unity_docs,official_documentation,Manual,,CPU Usage Profiler module introduction,https://docs.unity3d.com/6000.4/Documentation/Manual/profiler-cpu-introduction.html,unity_docs_incremental_260527_002,1,E:/系统/桌面/工作区/本学期/大三下/IT项目管理/大作业/Data/KnowledgeBase/processed_clean/dify_import/unity_docs_chunk_74800597da916147.md,1729,2026-05-27T13:13:28.097492+00:00
chunk_723e3686212fcb13,unity_3223db334728585f,unity_docs,official_documentation,Manual,,CPU Usage Profiler module introduction,https://docs.unity3d.com/6000.4/Documentation/Manual/profiler-cpu-introduction.html,unity_docs_incremental_260527_002,2,E:/系统/桌面/工作区/本学期/大三下/IT项目管理/大作业/Data/KnowledgeBase/processed_clean/dify_import/unity_docs_chunk_723e3686212fcb13.md,1778,2026-05-27T13:13:28.098299+00:00
chunk_456278ca89f1850c,unity_3223db334728585f,unity_docs,official_documentation,Manual,,CPU Usage Profiler module introduction,https://docs.unity3d.com/6000.4/Documentation/Manual/profiler-cpu-introduction.html,unity_docs_incremental_260527_002,3,E:/系统/桌面/工作区/本学期/大三下/IT项目管理/大作业/Data/KnowledgeBase/processed_clean/dify_import/unity_docs_chunk_456278ca89f1850c.md,1718,2026-05-27T13:13:28.099490+00:00
chunk_0d95fdf60e6f1cf3,unity_3223db334728585f,unity_docs,official_documentation,Manual,,CPU Usage Profiler module introduction,https://docs.unity3d.com/6000.4/Documentation/Manual/profiler-cpu-introduction.html,unity_docs_incremental_260527_002,4,E:/系统/桌面/工作区/本学期/大三下/IT项目管理/大作业/Data/KnowledgeBase/processed_clean/dify_import/unity_docs_chunk_0d95fdf60e6f1cf3.md,1062,2026-05-27T13:13:28.100207+00:00
chunk_e9be606bf6ca7f60,unity_8e6332b16ddd23d2,unity_docs,official_documentation,Manual,,Garbage collection modes,https://docs.unity3d.com/6000.4/Documentation/Manual/performance-incremental-garbage-collection.html,unity_docs_incremental_260527_002,1,E:/系统/桌面/工作区/本学期/大三下/IT项目管理/大作业/Data/KnowledgeBase/processed_clean/dify_import/unity_docs_chunk_e9be606bf6ca7f60.md,1646,2026-05-27T13:13:28.102503+00:00
chunk_6d4ec5fe8f3303f5,unity_8e6332b16ddd23d2,unity_docs,official_documentation,Manual,,Garbage collection modes,https://docs.unity3d.com/6000.4/Documentation/Manual/performance-incremental-garbage-collection.html,unity_docs_incremental_260527_002,2,E:/系统/桌面/工作区/本学期/大三下/IT项目管理/大作业/Data/KnowledgeBase/processed_clean/dify_import/unity_docs_chunk_6d4ec5fe8f3303f5.md,1728,2026-05-27T13:13:28.103641+00:00
chunk_ed40b0e3b300b042,unity_8e6332b16ddd23d2,unity_docs,official_documentation,Manual,,Garbage collection modes,https://docs.unity3d.com/6000.4/Documentation/Manual/performance-incremental-garbage-collection.html,unity_docs_incremental_260527_002,3,E:/系统/桌面/工作区/本学期/大三下/IT项目管理/大作业/Data/KnowledgeBase/processed_clean/dify_import/unity_docs_chunk_ed40b0e3b300b042.md,1554,2026-05-27T13:13:28.104546+00:00
chunk_05a0f6da17c4789f,unity_8e6332b16ddd23d2,unity_docs,official_documentation,Manual,,Garbage collection modes,https://docs.unity3d.com/6000.4/Documentation/Manual/performance-incremental-garbage-collection.html,unity_docs_incremental_260527_002,4,E:/系统/桌面/工作区/本学期/大三下/IT项目管理/大作业/Data/KnowledgeBase/processed_clean/dify_import/unity_docs_chunk_05a0f6da17c4789f.md,1707,2026-05-27T13:13:28.105179+00:00
chunk_9e31d52c15e2adc2,unity_8e6332b16ddd23d2,unity_docs,official_documentation,Manual,,Garbage collection modes,https://docs.unity3d.com/6000.4/Documentation/Manual/performance-incremental-garbage-collection.html,unity_docs_incremental_260527_002,5,E:/系统/桌面/工作区/本学期/大三下/IT项目管理/大作业/Data/KnowledgeBase/processed_clean/dify_import/unity_docs_chunk_9e31d52c15e2adc2.md,1786,2026-05-27T13:13:28.106030+00:00
chunk_f2a6f2bab03cac20,unity_0b35fdbfee1f644d,unity_docs,official_documentation,ScriptReference,,IJobParallelFor,https://docs.unity3d.com/6000.4/Documentation/ScriptReference/Unity.Jobs.IJobParallelFor.html,unity_docs_incremental_260527_002,1,E:/系统/桌面/工作区/本学期/大三下/IT项目管理/大作业/Data/KnowledgeBase/processed_clean/dify_import/unity_docs_chunk_f2a6f2bab03cac20.md,1678,2026-05-27T13:13:28.107927+00:00
chunk_2e0b498348da53f1,unity_0b35fdbfee1f644d,unity_docs,official_documentation,ScriptReference,,IJobParallelFor,https://docs.unity3d.com/6000.4/Documentation/ScriptReference/Unity.Jobs.IJobParallelFor.html,unity_docs_incremental_260527_002,2,E:/系统/桌面/工作区/本学期/大三下/IT项目管理/大作业/Data/KnowledgeBase/processed_clean/dify_import/unity_docs_chunk_2e0b498348da53f1.md,1779,2026-05-27T13:13:28.108700+00:00
chunk_6e7d1f17613a6abb,unity_0b35fdbfee1f644d,unity_docs,official_documentation,ScriptReference,,IJobParallelFor,https://docs.unity3d.com/6000.4/Documentation/ScriptReference/Unity.Jobs.IJobParallelFor.html,unity_docs_incremental_260527_002,3,E:/系统/桌面/工作区/本学期/大三下/IT项目管理/大作业/Data/KnowledgeBase/processed_clean/dify_import/unity_docs_chunk_6e7d1f17613a6abb.md,1786,2026-05-27T13:13:28.109568+00:00
chunk_ed238e33e1e8d7cf,unity_0b35fdbfee1f644d,unity_docs,official_documentation,ScriptReference,,IJobParallelFor,https://docs.unity3d.com/6000.4/Documentation/ScriptReference/Unity.Jobs.IJobParallelFor.html,unity_docs_incremental_260527_002,4,E:/系统/桌面/工作区/本学期/大三下/IT项目管理/大作业/Data/KnowledgeBase/processed_clean/dify_import/unity_docs_chunk_ed238e33e1e8d7cf.md,635,2026-05-27T13:13:28.110406+00:00
chunk_00618b90ca5800e7,unity_8ce7fe1b2a54d4d9,unity_docs,official_documentation,ScriptReference,,MonoBehaviour .OnTriggerEnter(Collider),https://docs.unity3d.com/6000.4/Documentation/ScriptReference/MonoBehaviour.OnTriggerEnter.html,unity_docs_incremental_260527_002,1,E:/系统/桌面/工作区/本学期/大三下/IT项目管理/大作业/Data/KnowledgeBase/processed_clean/dify_import/unity_docs_chunk_00618b90ca5800e7.md,1527,2026-05-27T13:13:28.111636+00:00
chunk_8c92d52f644123d8,unity_d0d2f4d3671592d2,unity_docs,official_documentation,ScriptReference,,MonoBehaviour .OnCollisionEnter(Collision),https://docs.unity3d.com/6000.4/Documentation/ScriptReference/MonoBehaviour.OnCollisionEnter.html,unity_docs_incremental_260527_002,1,E:/系统/桌面/工作区/本学期/大三下/IT项目管理/大作业/Data/KnowledgeBase/processed_clean/dify_import/unity_docs_chunk_8c92d52f644123d8.md,1568,2026-05-27T13:13:28.113454+00:00
chunk_bc41d98f94f30d1b,unity_8f661f0e02269810,unity_docs,official_documentation,ScriptReference,,MonoBehaviour .OnCollisionExit(Collision),https://docs.unity3d.com/6000.4/Documentation/ScriptReference/MonoBehaviour.OnCollisionExit.html,unity_docs_incremental_260527_002,1,E:/系统/桌面/工作区/本学期/大三下/IT项目管理/大作业/Data/KnowledgeBase/processed_clean/dify_import/unity_docs_chunk_bc41d98f94f30d1b.md,1690,2026-05-27T13:13:28.114696+00:00
chunk_96f33db3c1db64a2,unity_25d6dde2e5895d9a,unity_docs,official_documentation,ScriptReference,,MonoBehaviour .OnCollisionStay(Collision),https://docs.unity3d.com/6000.4/Documentation/ScriptReference/MonoBehaviour.OnCollisionStay.html,unity_docs_incremental_260527_002,1,E:/系统/桌面/工作区/本学期/大三下/IT项目管理/大作业/Data/KnowledgeBase/processed_clean/dify_import/unity_docs_chunk_96f33db3c1db64a2.md,1524,2026-05-27T13:13:28.116122+00:00
chunk_98704db254dba32d,unity_0436f1e23c49dadd,unity_docs,official_documentation,ScriptReference,,MonoBehaviour .OnTriggerExit(Collider),https://docs.unity3d.com/6000.4/Documentation/ScriptReference/MonoBehaviour.OnTriggerExit.html,unity_docs_incremental_260527_002,1,E:/系统/桌面/工作区/本学期/大三下/IT项目管理/大作业/Data/KnowledgeBase/processed_clean/dify_import/unity_docs_chunk_98704db254dba32d.md,1434,2026-05-27T13:13:28.117483+00:00
chunk_c838ef50eb4abbe7,unity_2d6451fcb9cc1d20,unity_docs,official_documentation,ScriptReference,,MonoBehaviour .OnTriggerStay(Collider),https://docs.unity3d.com/6000.4/Documentation/ScriptReference/MonoBehaviour.OnTriggerStay.html,unity_docs_incremental_260527_002,1,E:/系统/桌面/工作区/本学期/大三下/IT项目管理/大作业/Data/KnowledgeBase/processed_clean/dify_import/unity_docs_chunk_c838ef50eb4abbe7.md,1374,2026-05-27T13:13:28.119517+00:00
chunk_81b7759fb9f0c598,unity_349d6cc1a55c5517,unity_docs,official_documentation,ScriptReference,,Physics .Simulate,https://docs.unity3d.com/6000.4/Documentation/ScriptReference/Physics.Simulate.html,unity_docs_incremental_260527_002,1,E:/系统/桌面/工作区/本学期/大三下/IT项目管理/大作业/Data/KnowledgeBase/processed_clean/dify_import/unity_docs_chunk_81b7759fb9f0c598.md,1754,2026-05-27T13:13:28.121132+00:00
chunk_50113583be0e9409,unity_349d6cc1a55c5517,unity_docs,official_documentation,ScriptReference,,Physics .Simulate,https://docs.unity3d.com/6000.4/Documentation/ScriptReference/Physics.Simulate.html,unity_docs_incremental_260527_002,2,E:/系统/桌面/工作区/本学期/大三下/IT项目管理/大作业/Data/KnowledgeBase/processed_clean/dify_import/unity_docs_chunk_50113583be0e9409.md,523,2026-05-27T13:13:28.121894+00:00
chunk_3145626c10dc89a4,unity_bbe27a6453da47e4,unity_docs,official_documentation,Manual,,Performance and optimization,https://docs.unity3d.com/6000.4/Documentation/Manual/MecanimPeformanceandOptimization.html,unity_docs_incremental_260527_002,1,E:/系统/桌面/工作区/本学期/大三下/IT项目管理/大作业/Data/KnowledgeBase/processed_clean/dify_import/unity_docs_chunk_3145626c10dc89a4.md,1744,2026-05-27T13:13:28.123779+00:00
chunk_c470eb449fc6abd3,unity_bbe27a6453da47e4,unity_docs,official_documentation,Manual,,Performance and optimization,https://docs.unity3d.com/6000.4/Documentation/Manual/MecanimPeformanceandOptimization.html,unity_docs_incremental_260527_002,2,E:/系统/桌面/工作区/本学期/大三下/IT项目管理/大作业/Data/KnowledgeBase/processed_clean/dify_import/unity_docs_chunk_c470eb449fc6abd3.md,1779,2026-05-27T13:13:28.124691+00:00
chunk_a0942ae3e4291a68,unity_bbe27a6453da47e4,unity_docs,official_documentation,Manual,,Performance and optimization,https://docs.unity3d.com/6000.4/Documentation/Manual/MecanimPeformanceandOptimization.html,unity_docs_incremental_260527_002,3,E:/系统/桌面/工作区/本学期/大三下/IT项目管理/大作业/Data/KnowledgeBase/processed_clean/dify_import/unity_docs_chunk_a0942ae3e4291a68.md,1746,2026-05-27T13:13:28.125340+00:00
chunk_082c76d90993cf40,unity_dda27257f3b47263,unity_docs,official_documentation,ScriptReference,,StateMachineBehaviour .OnStateMachineEnter,https://docs.unity3d.com/6000.4/Documentation/ScriptReference/StateMachineBehaviour.OnStateMachineEnter.html,unity_docs_incremental_260527_002,1,E:/系统/桌面/工作区/本学期/大三下/IT项目管理/大作业/Data/KnowledgeBase/processed_clean/dify_import/unity_docs_chunk_082c76d90993cf40.md,1128,2026-05-27T13:13:28.127334+00:00
chunk_27c034a9b8181505,unity_b0237837e39d2881,unity_docs,official_documentation,ScriptReference,,StateMachineBehaviour .OnStateMachineExit,https://docs.unity3d.com/6000.4/Documentation/ScriptReference/StateMachineBehaviour.OnStateMachineExit.html,unity_docs_incremental_260527_002,1,E:/系统/桌面/工作区/本学期/大三下/IT项目管理/大作业/Data/KnowledgeBase/processed_clean/dify_import/unity_docs_chunk_27c034a9b8181505.md,1123,2026-05-27T13:13:28.128806+00:00
chunk_96ba200be4f35230,unity_ef98337c65ee6084,unity_docs,official_documentation,ScriptReference,,MonoBehaviour .OnAnimatorMove(),https://docs.unity3d.com/6000.4/Documentation/ScriptReference/MonoBehaviour.OnAnimatorMove.html,unity_docs_incremental_260527_002,1,E:/系统/桌面/工作区/本学期/大三下/IT项目管理/大作业/Data/KnowledgeBase/processed_clean/dify_import/unity_docs_chunk_96ba200be4f35230.md,1746,2026-05-27T13:13:28.130423+00:00
chunk_8b3b31fa68de2070,unity_261b554202cf33d7,unity_docs,official_documentation,ScriptReference,,Transform .root,https://docs.unity3d.com/6000.4/Documentation/ScriptReference/Transform-root.html,unity_docs_incremental_260527_002,1,E:/系统/桌面/工作区/本学期/大三下/IT项目管理/大作业/Data/KnowledgeBase/processed_clean/dify_import/unity_docs_chunk_8b3b31fa68de2070.md,683,2026-05-27T13:13:28.131779+00:00
chunk_0bdba2fe7ee6825e,unity_9f0af0c14522612b,unity_docs,official_documentation,Manual,,CPU Usage Profiler module,https://docs.unity3d.com/6000.4/Documentation/Manual/profiler-cpu.html,unity_docs_incremental_260527_002,1,E:/系统/桌面/工作区/本学期/大三下/IT项目管理/大作业/Data/KnowledgeBase/processed_clean/dify_import/unity_docs_chunk_0bdba2fe7ee6825e.md,853,2026-05-27T13:13:28.133071+00:00
chunk_6f5e2235ed4ca0c9,unity_186a7d1719bf5cee,unity_docs,official_documentation,Manual,,Material Validator window reference for the Built-In Render Pipeline,https://docs.unity3d.com/6000.4/Documentation/Manual/MaterialValidator.html,unity_docs_incremental_260527_002,1,E:/系统/桌面/工作区/本学期/大三下/IT项目管理/大作业/Data/KnowledgeBase/processed_clean/dify_import/unity_docs_chunk_6f5e2235ed4ca0c9.md,1700,2026-05-27T13:13:28.134959+00:00
chunk_d6f73e2177714193,unity_186a7d1719bf5cee,unity_docs,official_documentation,Manual,,Material Validator window reference for the Built-In Render Pipeline,https://docs.unity3d.com/6000.4/Documentation/Manual/MaterialValidator.html,unity_docs_incremental_260527_002,2,E:/系统/桌面/工作区/本学期/大三下/IT项目管理/大作业/Data/KnowledgeBase/processed_clean/dify_import/unity_docs_chunk_d6f73e2177714193.md,1703,2026-05-27T13:13:28.135752+00:00
chunk_0baf4693e2218253,unity_186a7d1719bf5cee,unity_docs,official_documentation,Manual,,Material Validator window reference for the Built-In Render Pipeline,https://docs.unity3d.com/6000.4/Documentation/Manual/MaterialValidator.html,unity_docs_incremental_260527_002,3,E:/系统/桌面/工作区/本学期/大三下/IT项目管理/大作业/Data/KnowledgeBase/processed_clean/dify_import/unity_docs_chunk_0baf4693e2218253.md,1567,2026-05-27T13:13:28.136675+00:00
chunk_cf88c84660f3265e,unity_2b8e83c8aa8ea8d6,unity_docs,official_documentation,ScriptReference,,Material,https://docs.unity3d.com/6000.4/Documentation/ScriptReference/Material.html,unity_docs_incremental_260527_002,1,E:/系统/桌面/工作区/本学期/大三下/IT项目管理/大作业/Data/KnowledgeBase/processed_clean/dify_import/unity_docs_chunk_cf88c84660f3265e.md,1796,2026-05-27T13:13:28.138324+00:00
chunk_6310e9d4b1f6ba75,unity_2b8e83c8aa8ea8d6,unity_docs,official_documentation,ScriptReference,,Material,https://docs.unity3d.com/6000.4/Documentation/ScriptReference/Material.html,unity_docs_incremental_260527_002,2,E:/系统/桌面/工作区/本学期/大三下/IT项目管理/大作业/Data/KnowledgeBase/processed_clean/dify_import/unity_docs_chunk_6310e9d4b1f6ba75.md,1741,2026-05-27T13:13:28.138867+00:00
chunk_ca947e4a83d5ea3f,unity_2b8e83c8aa8ea8d6,unity_docs,official_documentation,ScriptReference,,Material,https://docs.unity3d.com/6000.4/Documentation/ScriptReference/Material.html,unity_docs_incremental_260527_002,3,E:/系统/桌面/工作区/本学期/大三下/IT项目管理/大作业/Data/KnowledgeBase/processed_clean/dify_import/unity_docs_chunk_ca947e4a83d5ea3f.md,1796,2026-05-27T13:13:28.139578+00:00
chunk_5990a057d7188610,unity_2b8e83c8aa8ea8d6,unity_docs,official_documentation,ScriptReference,,Material,https://docs.unity3d.com/6000.4/Documentation/ScriptReference/Material.html,unity_docs_incremental_260527_002,4,E:/系统/桌面/工作区/本学期/大三下/IT项目管理/大作业/Data/KnowledgeBase/processed_clean/dify_import/unity_docs_chunk_5990a057d7188610.md,1792,2026-05-27T13:13:28.140504+00:00
chunk_e255abe27dc318dd,unity_2b8e83c8aa8ea8d6,unity_docs,official_documentation,ScriptReference,,Material,https://docs.unity3d.com/6000.4/Documentation/ScriptReference/Material.html,unity_docs_incremental_260527_002,5,E:/系统/桌面/工作区/本学期/大三下/IT项目管理/大作业/Data/KnowledgeBase/processed_clean/dify_import/unity_docs_chunk_e255abe27dc318dd.md,841,2026-05-27T13:13:28.141319+00:00
chunk_50a132c21eec374a,unity_cc23d707665dd409,unity_docs,official_documentation,Manual,,Introduction to materials,https://docs.unity3d.com/6000.4/Documentation/Manual/materials-introduction.html,unity_docs_incremental_260527_002,1,E:/系统/桌面/工作区/本学期/大三下/IT项目管理/大作业/Data/KnowledgeBase/processed_clean/dify_import/unity_docs_chunk_50a132c21eec374a.md,1742,2026-05-27T13:13:28.142648+00:00
chunk_cdb8bf709404c8b0,unity_cc23d707665dd409,unity_docs,official_documentation,Manual,,Introduction to materials,https://docs.unity3d.com/6000.4/Documentation/Manual/materials-introduction.html,unity_docs_incremental_260527_002,2,E:/系统/桌面/工作区/本学期/大三下/IT项目管理/大作业/Data/KnowledgeBase/processed_clean/dify_import/unity_docs_chunk_cdb8bf709404c8b0.md,516,2026-05-27T13:13:28.143356+00:00
chunk_7f43feb94f77027c,unity_e3e713cc5b80c961,unity_docs,official_documentation,Manual,,Reusing settings with preset assets,https://docs.unity3d.com/Manual/Presets.html,unity_docs_incremental_260527_002,1,E:/系统/桌面/工作区/本学期/大三下/IT项目管理/大作业/Data/KnowledgeBase/processed_clean/dify_import/unity_docs_chunk_7f43feb94f77027c.md,1492,2026-05-27T13:13:28.144697+00:00
chunk_ee2778c3c26a62d0,unity_94d4ecce5a2999b3,unity_docs,official_documentation,ScriptReference,,Material .renderQueue,https://docs.unity3d.com/6000.4/Documentation/ScriptReference/Material-renderQueue.html,unity_docs_incremental_260527_002,1,E:/系统/桌面/工作区/本学期/大三下/IT项目管理/大作业/Data/KnowledgeBase/processed_clean/dify_import/unity_docs_chunk_ee2778c3c26a62d0.md,862,2026-05-27T13:13:28.145727+00:00
chunk_9cf7fe0c3e2420dd,unity_b814faf644d3e916,unity_docs,official_documentation,ScriptReference,,Material .doubleSidedGI,https://docs.unity3d.com/6000.4/Documentation/ScriptReference/Material-doubleSidedGI.html,unity_docs_incremental_260527_002,1,E:/系统/桌面/工作区/本学期/大三下/IT项目管理/大作业/Data/KnowledgeBase/processed_clean/dify_import/unity_docs_chunk_9cf7fe0c3e2420dd.md,783,2026-05-27T13:13:28.146717+00:00
chunk_e12938bf2062d183,unity_dfd82d20f3c83782,unity_docs,official_documentation,Manual,,Standard Shader Material Inspector window reference for the Built-In Render Pipeline,https://docs.unity3d.com/6000.4/Documentation/Manual/StandardShaderMaterialParameters.html,unity_docs_incremental_260527_002,1,E:/系统/桌面/工作区/本学期/大三下/IT项目管理/大作业/Data/KnowledgeBase/processed_clean/dify_import/unity_docs_chunk_e12938bf2062d183.md,1698,2026-05-27T13:13:28.149316+00:00
chunk_3c002e78cbcebaef,unity_dfd82d20f3c83782,unity_docs,official_documentation,Manual,,Standard Shader Material Inspector window reference for the Built-In Render Pipeline,https://docs.unity3d.com/6000.4/Documentation/Manual/StandardShaderMaterialParameters.html,unity_docs_incremental_260527_002,2,E:/系统/桌面/工作区/本学期/大三下/IT项目管理/大作业/Data/KnowledgeBase/processed_clean/dify_import/unity_docs_chunk_3c002e78cbcebaef.md,1771,2026-05-27T13:13:28.150527+00:00
chunk_68f53281e492992d,unity_dfd82d20f3c83782,unity_docs,official_documentation,Manual,,Standard Shader Material Inspector window reference for the Built-In Render Pipeline,https://docs.unity3d.com/6000.4/Documentation/Manual/StandardShaderMaterialParameters.html,unity_docs_incremental_260527_002,3,E:/系统/桌面/工作区/本学期/大三下/IT项目管理/大作业/Data/KnowledgeBase/processed_clean/dify_import/unity_docs_chunk_68f53281e492992d.md,1520,2026-05-27T13:13:28.151550+00:00
chunk_b124d3d3708ca633,unity_dfd82d20f3c83782,unity_docs,official_documentation,Manual,,Standard Shader Material Inspector window reference for the Built-In Render Pipeline,https://docs.unity3d.com/6000.4/Documentation/Manual/StandardShaderMaterialParameters.html,unity_docs_incremental_260527_002,4,E:/系统/桌面/工作区/本学期/大三下/IT项目管理/大作业/Data/KnowledgeBase/processed_clean/dify_import/unity_docs_chunk_b124d3d3708ca633.md,1682,2026-05-27T13:13:28.152329+00:00
chunk_cd77287990410ef8,unity_dfd82d20f3c83782,unity_docs,official_documentation,Manual,,Standard Shader Material Inspector window reference for the Built-In Render Pipeline,https://docs.unity3d.com/6000.4/Documentation/Manual/StandardShaderMaterialParameters.html,unity_docs_incremental_260527_002,5,E:/系统/桌面/工作区/本学期/大三下/IT项目管理/大作业/Data/KnowledgeBase/processed_clean/dify_import/unity_docs_chunk_cd77287990410ef8.md,1447,2026-05-27T13:13:28.153284+00:00
chunk_d0d4f8bf620c73d8,unity_e8411da393aae2ee,unity_docs,official_documentation,Manual,,Introduction to shaders,https://docs.unity3d.com/6000.4/Documentation/Manual/shader-introduction.html,unity_docs_incremental_260527_002,1,E:/系统/桌面/工作区/本学期/大三下/IT项目管理/大作业/Data/KnowledgeBase/processed_clean/dify_import/unity_docs_chunk_d0d4f8bf620c73d8.md,1793,2026-05-27T13:13:28.154811+00:00
chunk_6882f13220779e82,unity_e8411da393aae2ee,unity_docs,official_documentation,Manual,,Introduction to shaders,https://docs.unity3d.com/6000.4/Documentation/Manual/shader-introduction.html,unity_docs_incremental_260527_002,2,E:/系统/桌面/工作区/本学期/大三下/IT项目管理/大作业/Data/KnowledgeBase/processed_clean/dify_import/unity_docs_chunk_6882f13220779e82.md,673,2026-05-27T13:13:28.155499+00:00
chunk_dbcad7b8ac1c33ae,unity_2a8a697b9ce9b657,unity_docs,official_documentation,ScriptReference,,RenderQueue,https://docs.unity3d.com/6000.4/Documentation/ScriptReference/Rendering.RenderQueue.html,unity_docs_incremental_260527_002,1,E:/系统/桌面/工作区/本学期/大三下/IT项目管理/大作业/Data/KnowledgeBase/processed_clean/dify_import/unity_docs_chunk_dbcad7b8ac1c33ae.md,1796,2026-05-27T13:13:28.157007+00:00
chunk_0e136a031d9f3bd3,unity_2a8a697b9ce9b657,unity_docs,official_documentation,ScriptReference,,RenderQueue,https://docs.unity3d.com/6000.4/Documentation/ScriptReference/Rendering.RenderQueue.html,unity_docs_incremental_260527_002,2,E:/系统/桌面/工作区/本学期/大三下/IT项目管理/大作业/Data/KnowledgeBase/processed_clean/dify_import/unity_docs_chunk_0e136a031d9f3bd3.md,1165,2026-05-27T13:13:28.157843+00:00
chunk_340a482b6e5b6539,unity_374463f480eec811,unity_docs,official_documentation,Manual,,Properties block reference in ShaderLab,https://docs.unity3d.com/6000.4/Documentation/Manual/SL-Properties.html,unity_docs_incremental_260527_002,1,E:/系统/桌面/工作区/本学期/大三下/IT项目管理/大作业/Data/KnowledgeBase/processed_clean/dify_import/unity_docs_chunk_340a482b6e5b6539.md,1745,2026-05-27T13:13:28.159904+00:00
chunk_70eb91bf52151a59,unity_374463f480eec811,unity_docs,official_documentation,Manual,,Properties block reference in ShaderLab,https://docs.unity3d.com/6000.4/Documentation/Manual/SL-Properties.html,unity_docs_incremental_260527_002,2,E:/系统/桌面/工作区/本学期/大三下/IT项目管理/大作业/Data/KnowledgeBase/processed_clean/dify_import/unity_docs_chunk_70eb91bf52151a59.md,1767,2026-05-27T13:13:28.160730+00:00
chunk_2a7de4c5391edc2b,unity_374463f480eec811,unity_docs,official_documentation,Manual,,Properties block reference in ShaderLab,https://docs.unity3d.com/6000.4/Documentation/Manual/SL-Properties.html,unity_docs_incremental_260527_002,3,E:/系统/桌面/工作区/本学期/大三下/IT项目管理/大作业/Data/KnowledgeBase/processed_clean/dify_import/unity_docs_chunk_2a7de4c5391edc2b.md,1793,2026-05-27T13:13:28.161614+00:00
chunk_cc275ccb7b325555,unity_374463f480eec811,unity_docs,official_documentation,Manual,,Properties block reference in ShaderLab,https://docs.unity3d.com/6000.4/Documentation/Manual/SL-Properties.html,unity_docs_incremental_260527_002,4,E:/系统/桌面/工作区/本学期/大三下/IT项目管理/大作业/Data/KnowledgeBase/processed_clean/dify_import/unity_docs_chunk_cc275ccb7b325555.md,1785,2026-05-27T13:13:28.162508+00:00
chunk_530cd06001da1d7d,unity_374463f480eec811,unity_docs,official_documentation,Manual,,Properties block reference in ShaderLab,https://docs.unity3d.com/6000.4/Documentation/Manual/SL-Properties.html,unity_docs_incremental_260527_002,5,E:/系统/桌面/工作区/本学期/大三下/IT项目管理/大作业/Data/KnowledgeBase/processed_clean/dify_import/unity_docs_chunk_530cd06001da1d7d.md,1087,2026-05-27T13:13:28.163661+00:00
chunk_2eed4ce85ae849c0,unity_0ba1e873cca2b3ce,unity_docs,official_documentation,Manual,,Legacy prebuilt shaders,https://docs.unity3d.com/6000.4/Documentation/Manual/Built-inShaderGuide.html,unity_docs_incremental_260527_002,1,E:/系统/桌面/工作区/本学期/大三下/IT项目管理/大作业/Data/KnowledgeBase/processed_clean/dify_import/unity_docs_chunk_2eed4ce85ae849c0.md,1733,2026-05-27T13:13:28.165370+00:00
chunk_acf39cacb09cb435,unity_0ba1e873cca2b3ce,unity_docs,official_documentation,Manual,,Legacy prebuilt shaders,https://docs.unity3d.com/6000.4/Documentation/Manual/Built-inShaderGuide.html,unity_docs_incremental_260527_002,2,E:/系统/桌面/工作区/本学期/大三下/IT项目管理/大作业/Data/KnowledgeBase/processed_clean/dify_import/unity_docs_chunk_acf39cacb09cb435.md,841,2026-05-27T13:13:28.165978+00:00
chunk_3586bc228f21ba09,unity_b08edc0cd146cd76,unity_docs,official_documentation,Manual,,Conditional compilation,https://docs.unity3d.com/6000.4/Documentation/Manual/conditional-compilation.html,unity_docs_incremental_260527_002,1,E:/系统/桌面/工作区/本学期/大三下/IT项目管理/大作业/Data/KnowledgeBase/processed_clean/dify_import/unity_docs_chunk_3586bc228f21ba09.md,1135,2026-05-27T13:13:28.167401+00:00
chunk_d2f0521e69433b8d,unity_5efd12a9bf1fe4cf,unity_docs,official_documentation,Manual,,Unity scripting symbol reference,https://docs.unity3d.com/6000.4/Documentation/Manual/scripting-symbol-reference.html,unity_docs_incremental_260527_002,1,E:/系统/桌面/工作区/本学期/大三下/IT项目管理/大作业/Data/KnowledgeBase/processed_clean/dify_import/unity_docs_chunk_d2f0521e69433b8d.md,1767,2026-05-27T13:13:28.169842+00:00
chunk_62f721031ac5f00e,unity_5efd12a9bf1fe4cf,unity_docs,official_documentation,Manual,,Unity scripting symbol reference,https://docs.unity3d.com/6000.4/Documentation/Manual/scripting-symbol-reference.html,unity_docs_incremental_260527_002,2,E:/系统/桌面/工作区/本学期/大三下/IT项目管理/大作业/Data/KnowledgeBase/processed_clean/dify_import/unity_docs_chunk_62f721031ac5f00e.md,1699,2026-05-27T13:13:28.170396+00:00
chunk_7114d750aabe57db,unity_5efd12a9bf1fe4cf,unity_docs,official_documentation,Manual,,Unity scripting symbol reference,https://docs.unity3d.com/6000.4/Documentation/Manual/scripting-symbol-reference.html,unity_docs_incremental_260527_002,3,E:/系统/桌面/工作区/本学期/大三下/IT项目管理/大作业/Data/KnowledgeBase/processed_clean/dify_import/unity_docs_chunk_7114d750aabe57db.md,1765,2026-05-27T13:13:28.170992+00:00
chunk_e482cb2771260e83,unity_5efd12a9bf1fe4cf,unity_docs,official_documentation,Manual,,Unity scripting symbol reference,https://docs.unity3d.com/6000.4/Documentation/Manual/scripting-symbol-reference.html,unity_docs_incremental_260527_002,4,E:/系统/桌面/工作区/本学期/大三下/IT项目管理/大作业/Data/KnowledgeBase/processed_clean/dify_import/unity_docs_chunk_e482cb2771260e83.md,1507,2026-05-27T13:13:28.171676+00:00
chunk_0e7df14f2f85f149,unity_5efd12a9bf1fe4cf,unity_docs,official_documentation,Manual,,Unity scripting symbol reference,https://docs.unity3d.com/6000.4/Documentation/Manual/scripting-symbol-reference.html,unity_docs_incremental_260527_002,5,E:/系统/桌面/工作区/本学期/大三下/IT项目管理/大作业/Data/KnowledgeBase/processed_clean/dify_import/unity_docs_chunk_0e7df14f2f85f149.md,1317,2026-05-27T13:13:28.172213+00:00
chunk_83b27316050bed80,unity_7399f9a15b1ee0fd,unity_docs,official_documentation,Manual,,Custom scripting symbols,https://docs.unity3d.com/6000.4/Documentation/Manual/custom-scripting-symbols.html,unity_docs_incremental_260527_002,1,E:/系统/桌面/工作区/本学期/大三下/IT项目管理/大作业/Data/KnowledgeBase/processed_clean/dify_import/unity_docs_chunk_83b27316050bed80.md,1795,2026-05-27T13:13:28.173799+00:00
chunk_76ecf1fc525f8e33,unity_7399f9a15b1ee0fd,unity_docs,official_documentation,Manual,,Custom scripting symbols,https://docs.unity3d.com/6000.4/Documentation/Manual/custom-scripting-symbols.html,unity_docs_incremental_260527_002,2,E:/系统/桌面/工作区/本学期/大三下/IT项目管理/大作业/Data/KnowledgeBase/processed_clean/dify_import/unity_docs_chunk_76ecf1fc525f8e33.md,1800,2026-05-27T13:13:28.174385+00:00
chunk_f68d544b2b4c2e92,unity_7399f9a15b1ee0fd,unity_docs,official_documentation,Manual,,Custom scripting symbols,https://docs.unity3d.com/6000.4/Documentation/Manual/custom-scripting-symbols.html,unity_docs_incremental_260527_002,3,E:/系统/桌面/工作区/本学期/大三下/IT项目管理/大作业/Data/KnowledgeBase/processed_clean/dify_import/unity_docs_chunk_f68d544b2b4c2e92.md,1798,2026-05-27T13:13:28.175268+00:00
chunk_e9650a65a0ce10bb,unity_7399f9a15b1ee0fd,unity_docs,official_documentation,Manual,,Custom scripting symbols,https://docs.unity3d.com/6000.4/Documentation/Manual/custom-scripting-symbols.html,unity_docs_incremental_260527_002,4,E:/系统/桌面/工作区/本学期/大三下/IT项目管理/大作业/Data/KnowledgeBase/processed_clean/dify_import/unity_docs_chunk_e9650a65a0ce10bb.md,1359,2026-05-27T13:13:28.175870+00:00
chunk_543b292325428776,unity_3b58ae20413266d5,unity_docs,official_documentation,Manual,,Organizing scripts into assemblies,https://docs.unity3d.com/6000.4/Documentation/Manual/assembly-definition-files.html,unity_docs_incremental_260527_002,1,E:/系统/桌面/工作区/本学期/大三下/IT项目管理/大作业/Data/KnowledgeBase/processed_clean/dify_import/unity_docs_chunk_543b292325428776.md,1756,2026-05-27T13:13:28.177234+00:00
chunk_483e42f34b0168b6,unity_3b58ae20413266d5,unity_docs,official_documentation,Manual,,Organizing scripts into assemblies,https://docs.unity3d.com/6000.4/Documentation/Manual/assembly-definition-files.html,unity_docs_incremental_260527_002,2,E:/系统/桌面/工作区/本学期/大三下/IT项目管理/大作业/Data/KnowledgeBase/processed_clean/dify_import/unity_docs_chunk_483e42f34b0168b6.md,620,2026-05-27T13:13:28.177793+00:00
chunk_42e7a1b338a7a010,unity_ac7e8292224901f1,unity_docs,official_documentation,Manual,,Test conditional compilation,https://docs.unity3d.com/6000.4/Documentation/Manual/test-conditional-compilation.html,unity_docs_incremental_260527_002,1,E:/系统/桌面/工作区/本学期/大三下/IT项目管理/大作业/Data/KnowledgeBase/processed_clean/dify_import/unity_docs_chunk_42e7a1b338a7a010.md,1712,2026-05-27T13:13:28.179435+00:00
chunk_b34b98487bb8c98d,unity_08f0acd687aaf79a,unity_docs,official_documentation,Manual,,Prepare a Mesh for Mesh colliders,https://docs.unity3d.com/6000.4/Documentation/Manual/prepare-mesh-for-mesh-collider.html,unity_docs_incremental_260527_002,1,E:/系统/桌面/工作区/本学期/大三下/IT项目管理/大作业/Data/KnowledgeBase/processed_clean/dify_import/unity_docs_chunk_b34b98487bb8c98d.md,1735,2026-05-27T13:13:28.181207+00:00
chunk_a7964c596b03d40b,unity_08f0acd687aaf79a,unity_docs,official_documentation,Manual,,Prepare a Mesh for Mesh colliders,https://docs.unity3d.com/6000.4/Documentation/Manual/prepare-mesh-for-mesh-collider.html,unity_docs_incremental_260527_002,2,E:/系统/桌面/工作区/本学期/大三下/IT项目管理/大作业/Data/KnowledgeBase/processed_clean/dify_import/unity_docs_chunk_a7964c596b03d40b.md,1800,2026-05-27T13:13:28.181843+00:00
chunk_be51bb3222545286,unity_08f0acd687aaf79a,unity_docs,official_documentation,Manual,,Prepare a Mesh for Mesh colliders,https://docs.unity3d.com/6000.4/Documentation/Manual/prepare-mesh-for-mesh-collider.html,unity_docs_incremental_260527_002,3,E:/系统/桌面/工作区/本学期/大三下/IT项目管理/大作业/Data/KnowledgeBase/processed_clean/dify_import/unity_docs_chunk_be51bb3222545286.md,1619,2026-05-27T13:13:28.182536+00:00
chunk_6ec3ffefa17f5956,unity_08f0acd687aaf79a,unity_docs,official_documentation,Manual,,Prepare a Mesh for Mesh colliders,https://docs.unity3d.com/6000.4/Documentation/Manual/prepare-mesh-for-mesh-collider.html,unity_docs_incremental_260527_002,4,E:/系统/桌面/工作区/本学期/大三下/IT项目管理/大作业/Data/KnowledgeBase/processed_clean/dify_import/unity_docs_chunk_6ec3ffefa17f5956.md,1038,2026-05-27T13:13:28.183462+00:00
chunk_9112c89cc20c9ddc,unity_fd9d1a21013f7f2f,unity_docs,official_documentation,ScriptReference,,MeshCollider,https://docs.unity3d.com/6000.4/Documentation/ScriptReference/MeshCollider.html,unity_docs_incremental_260527_002,1,E:/系统/桌面/工作区/本学期/大三下/IT项目管理/大作业/Data/KnowledgeBase/processed_clean/dify_import/unity_docs_chunk_9112c89cc20c9ddc.md,1791,2026-05-27T13:13:28.184804+00:00
chunk_7e72c74dd8593668,unity_fd9d1a21013f7f2f,unity_docs,official_documentation,ScriptReference,,MeshCollider,https://docs.unity3d.com/6000.4/Documentation/ScriptReference/MeshCollider.html,unity_docs_incremental_260527_002,2,E:/系统/桌面/工作区/本学期/大三下/IT项目管理/大作业/Data/KnowledgeBase/processed_clean/dify_import/unity_docs_chunk_7e72c74dd8593668.md,1686,2026-05-27T13:13:28.185331+00:00
chunk_9a60580459c4c175,unity_fd9d1a21013f7f2f,unity_docs,official_documentation,ScriptReference,,MeshCollider,https://docs.unity3d.com/6000.4/Documentation/ScriptReference/MeshCollider.html,unity_docs_incremental_260527_002,3,E:/系统/桌面/工作区/本学期/大三下/IT项目管理/大作业/Data/KnowledgeBase/processed_clean/dify_import/unity_docs_chunk_9a60580459c4c175.md,1793,2026-05-27T13:13:28.185873+00:00
chunk_feb57a954d2f3f7d,unity_fd9d1a21013f7f2f,unity_docs,official_documentation,ScriptReference,,MeshCollider,https://docs.unity3d.com/6000.4/Documentation/ScriptReference/MeshCollider.html,unity_docs_incremental_260527_002,4,E:/系统/桌面/工作区/本学期/大三下/IT项目管理/大作业/Data/KnowledgeBase/processed_clean/dify_import/unity_docs_chunk_feb57a954d2f3f7d.md,530,2026-05-27T13:13:28.186591+00:00
chunk_28956354f42da891,unity_c1fc8b62ce63566e,unity_docs,official_documentation,ScriptReference,,Mesh .isReadable,https://docs.unity3d.com/6000.4/Documentation/ScriptReference/Mesh-isReadable.html,unity_docs_incremental_260527_002,1,E:/系统/桌面/工作区/本学期/大三下/IT项目管理/大作业/Data/KnowledgeBase/processed_clean/dify_import/unity_docs_chunk_28956354f42da891.md,1788,2026-05-27T13:13:28.187783+00:00
chunk_bb12d33c8b4b7d5d,unity_c1fc8b62ce63566e,unity_docs,official_documentation,ScriptReference,,Mesh .isReadable,https://docs.unity3d.com/6000.4/Documentation/ScriptReference/Mesh-isReadable.html,unity_docs_incremental_260527_002,2,E:/系统/桌面/工作区/本学期/大三下/IT项目管理/大作业/Data/KnowledgeBase/processed_clean/dify_import/unity_docs_chunk_bb12d33c8b4b7d5d.md,682,2026-05-27T13:13:28.188367+00:00
chunk_2343e46951397ecf,unity_92fcd7d089181b1a,unity_docs,official_documentation,ScriptReference,,MeshFilter,https://docs.unity3d.com/6000.4/Documentation/ScriptReference/MeshFilter.html,unity_docs_incremental_260527_002,1,E:/系统/桌面/工作区/本学期/大三下/IT项目管理/大作业/Data/KnowledgeBase/processed_clean/dify_import/unity_docs_chunk_2343e46951397ecf.md,1728,2026-05-27T13:13:28.189950+00:00
chunk_fcdd9b590cd80bcc,unity_92fcd7d089181b1a,unity_docs,official_documentation,ScriptReference,,MeshFilter,https://docs.unity3d.com/6000.4/Documentation/ScriptReference/MeshFilter.html,unity_docs_incremental_260527_002,2,E:/系统/桌面/工作区/本学期/大三下/IT项目管理/大作业/Data/KnowledgeBase/processed_clean/dify_import/unity_docs_chunk_fcdd9b590cd80bcc.md,1638,2026-05-27T13:13:28.190806+00:00
chunk_f33fab7067f18a03,unity_3a55aa91ebee2d04,unity_docs,official_documentation,Manual,,Skinned Mesh Renderer component reference,https://docs.unity3d.com/Manual/class-SkinnedMeshRenderer.html,unity_docs_incremental_260527_002,1,E:/系统/桌面/工作区/本学期/大三下/IT项目管理/大作业/Data/KnowledgeBase/processed_clean/dify_import/unity_docs_chunk_f33fab7067f18a03.md,1794,2026-05-27T13:13:28.193400+00:00
chunk_5d2d51c25fcaecc3,unity_3a55aa91ebee2d04,unity_docs,official_documentation,Manual,,Skinned Mesh Renderer component reference,https://docs.unity3d.com/Manual/class-SkinnedMeshRenderer.html,unity_docs_incremental_260527_002,2,E:/系统/桌面/工作区/本学期/大三下/IT项目管理/大作业/Data/KnowledgeBase/processed_clean/dify_import/unity_docs_chunk_5d2d51c25fcaecc3.md,1800,2026-05-27T13:13:28.194577+00:00
chunk_23730d6a41ca21b8,unity_3a55aa91ebee2d04,unity_docs,official_documentation,Manual,,Skinned Mesh Renderer component reference,https://docs.unity3d.com/Manual/class-SkinnedMeshRenderer.html,unity_docs_incremental_260527_002,3,E:/系统/桌面/工作区/本学期/大三下/IT项目管理/大作业/Data/KnowledgeBase/processed_clean/dify_import/unity_docs_chunk_23730d6a41ca21b8.md,1663,2026-05-27T13:13:28.195126+00:00
chunk_9184233d283803d4,unity_3a55aa91ebee2d04,unity_docs,official_documentation,Manual,,Skinned Mesh Renderer component reference,https://docs.unity3d.com/Manual/class-SkinnedMeshRenderer.html,unity_docs_incremental_260527_002,4,E:/系统/桌面/工作区/本学期/大三下/IT项目管理/大作业/Data/KnowledgeBase/processed_clean/dify_import/unity_docs_chunk_9184233d283803d4.md,1612,2026-05-27T13:13:28.195950+00:00
chunk_942c380b6b5e4906,unity_3a55aa91ebee2d04,unity_docs,official_documentation,Manual,,Skinned Mesh Renderer component reference,https://docs.unity3d.com/Manual/class-SkinnedMeshRenderer.html,unity_docs_incremental_260527_002,5,E:/系统/桌面/工作区/本学期/大三下/IT项目管理/大作业/Data/KnowledgeBase/processed_clean/dify_import/unity_docs_chunk_942c380b6b5e4906.md,1772,2026-05-27T13:13:28.196764+00:00
chunk_8323f3c26556c752,unity_3a55aa91ebee2d04,unity_docs,official_documentation,Manual,,Skinned Mesh Renderer component reference,https://docs.unity3d.com/Manual/class-SkinnedMeshRenderer.html,unity_docs_incremental_260527_002,6,E:/系统/桌面/工作区/本学期/大三下/IT项目管理/大作业/Data/KnowledgeBase/processed_clean/dify_import/unity_docs_chunk_8323f3c26556c752.md,1538,2026-05-27T13:13:28.197513+00:00
chunk_4484238dbff12e7e,unity_3a55aa91ebee2d04,unity_docs,official_documentation,Manual,,Skinned Mesh Renderer component reference,https://docs.unity3d.com/Manual/class-SkinnedMeshRenderer.html,unity_docs_incremental_260527_002,7,E:/系统/桌面/工作区/本学期/大三下/IT项目管理/大作业/Data/KnowledgeBase/processed_clean/dify_import/unity_docs_chunk_4484238dbff12e7e.md,1749,2026-05-27T13:13:28.198293+00:00
chunk_c63e9630b36b5737,unity_3a55aa91ebee2d04,unity_docs,official_documentation,Manual,,Skinned Mesh Renderer component reference,https://docs.unity3d.com/Manual/class-SkinnedMeshRenderer.html,unity_docs_incremental_260527_002,8,E:/系统/桌面/工作区/本学期/大三下/IT项目管理/大作业/Data/KnowledgeBase/processed_clean/dify_import/unity_docs_chunk_c63e9630b36b5737.md,1776,2026-05-27T13:13:28.199062+00:00
chunk_da57dd0981222738,unity_3a55aa91ebee2d04,unity_docs,official_documentation,Manual,,Skinned Mesh Renderer component reference,https://docs.unity3d.com/Manual/class-SkinnedMeshRenderer.html,unity_docs_incremental_260527_002,9,E:/系统/桌面/工作区/本学期/大三下/IT项目管理/大作业/Data/KnowledgeBase/processed_clean/dify_import/unity_docs_chunk_da57dd0981222738.md,1799,2026-05-27T13:13:28.199764+00:00
chunk_7d9b52ef8bb508fd,unity_3a55aa91ebee2d04,unity_docs,official_documentation,Manual,,Skinned Mesh Renderer component reference,https://docs.unity3d.com/Manual/class-SkinnedMeshRenderer.html,unity_docs_incremental_260527_002,10,E:/系统/桌面/工作区/本学期/大三下/IT项目管理/大作业/Data/KnowledgeBase/processed_clean/dify_import/unity_docs_chunk_7d9b52ef8bb508fd.md,1794,2026-05-27T13:13:28.200588+00:00
chunk_5e6d057cd5ad78e7,unity_3a55aa91ebee2d04,unity_docs,official_documentation,Manual,,Skinned Mesh Renderer component reference,https://docs.unity3d.com/Manual/class-SkinnedMeshRenderer.html,unity_docs_incremental_260527_002,11,E:/系统/桌面/工作区/本学期/大三下/IT项目管理/大作业/Data/KnowledgeBase/processed_clean/dify_import/unity_docs_chunk_5e6d057cd5ad78e7.md,1713,2026-05-27T13:13:28.201288+00:00
chunk_f08f25b3ff0afa74,unity_2d457089ce26c2ae,unity_docs,official_documentation,ScriptReference,,MeshFilter .mesh,https://docs.unity3d.com/ScriptReference/MeshFilter-mesh.html,unity_docs_incremental_260527_002,1,E:/系统/桌面/工作区/本学期/大三下/IT项目管理/大作业/Data/KnowledgeBase/processed_clean/dify_import/unity_docs_chunk_f08f25b3ff0afa74.md,1781,2026-05-27T13:13:28.202414+00:00
chunk_6295516558fbbf35,unity_2d457089ce26c2ae,unity_docs,official_documentation,ScriptReference,,MeshFilter .mesh,https://docs.unity3d.com/ScriptReference/MeshFilter-mesh.html,unity_docs_incremental_260527_002,2,E:/系统/桌面/工作区/本学期/大三下/IT项目管理/大作业/Data/KnowledgeBase/processed_clean/dify_import/unity_docs_chunk_6295516558fbbf35.md,496,2026-05-27T13:13:28.203155+00:00
chunk_08b26fe352bdcacd,unity_ab7016c2106e0867,unity_docs,official_documentation,Manual,,Rotation and orientation,https://docs.unity3d.com/6000.4/Documentation/Manual/rotation-orientation.html,unity_docs_incremental_260527_002,1,E:/系统/桌面/工作区/本学期/大三下/IT项目管理/大作业/Data/KnowledgeBase/processed_clean/dify_import/unity_docs_chunk_08b26fe352bdcacd.md,1119,2026-05-27T13:13:28.204509+00:00
chunk_84beef47cbd1bd39,unity_f6a3cc98d6e1d50c,unity_docs,official_documentation,ScriptReference,,Transform,https://docs.unity3d.com/ScriptReference/Transform.html,unity_docs_incremental_260527_002,1,E:/系统/桌面/工作区/本学期/大三下/IT项目管理/大作业/Data/KnowledgeBase/processed_clean/dify_import/unity_docs_chunk_84beef47cbd1bd39.md,1792,2026-05-27T13:13:28.206286+00:00
chunk_2fa60ac379a7caec,unity_f6a3cc98d6e1d50c,unity_docs,official_documentation,ScriptReference,,Transform,https://docs.unity3d.com/ScriptReference/Transform.html,unity_docs_incremental_260527_002,2,E:/系统/桌面/工作区/本学期/大三下/IT项目管理/大作业/Data/KnowledgeBase/processed_clean/dify_import/unity_docs_chunk_2fa60ac379a7caec.md,1720,2026-05-27T13:13:28.207239+00:00
chunk_b520e924b66b9527,unity_f6a3cc98d6e1d50c,unity_docs,official_documentation,ScriptReference,,Transform,https://docs.unity3d.com/ScriptReference/Transform.html,unity_docs_incremental_260527_002,3,E:/系统/桌面/工作区/本学期/大三下/IT项目管理/大作业/Data/KnowledgeBase/processed_clean/dify_import/unity_docs_chunk_b520e924b66b9527.md,1775,2026-05-27T13:13:28.207775+00:00
chunk_ec11181cf2f7524b,unity_f6a3cc98d6e1d50c,unity_docs,official_documentation,ScriptReference,,Transform,https://docs.unity3d.com/ScriptReference/Transform.html,unity_docs_incremental_260527_002,4,E:/系统/桌面/工作区/本学期/大三下/IT项目管理/大作业/Data/KnowledgeBase/processed_clean/dify_import/unity_docs_chunk_ec11181cf2f7524b.md,1760,2026-05-27T13:13:28.208466+00:00
chunk_2f31764874e1513f,unity_f6a3cc98d6e1d50c,unity_docs,official_documentation,ScriptReference,,Transform,https://docs.unity3d.com/ScriptReference/Transform.html,unity_docs_incremental_260527_002,5,E:/系统/桌面/工作区/本学期/大三下/IT项目管理/大作业/Data/KnowledgeBase/processed_clean/dify_import/unity_docs_chunk_2f31764874e1513f.md,1365,2026-05-27T13:13:28.209158+00:00
chunk_4a7d523fc3dfc636,unity_593d14f2b010a491,unity_docs,official_documentation,Manual,,Position GameObjects,https://docs.unity3d.com/6000.4/Documentation/Manual/PositioningGameObjects.html,unity_docs_incremental_260527_002,1,E:/系统/桌面/工作区/本学期/大三下/IT项目管理/大作业/Data/KnowledgeBase/processed_clean/dify_import/unity_docs_chunk_4a7d523fc3dfc636.md,1710,2026-05-27T13:13:28.211947+00:00
chunk_9dafe6add90a571b,unity_593d14f2b010a491,unity_docs,official_documentation,Manual,,Position GameObjects,https://docs.unity3d.com/6000.4/Documentation/Manual/PositioningGameObjects.html,unity_docs_incremental_260527_002,2,E:/系统/桌面/工作区/本学期/大三下/IT项目管理/大作业/Data/KnowledgeBase/processed_clean/dify_import/unity_docs_chunk_9dafe6add90a571b.md,1646,2026-05-27T13:13:28.212793+00:00
chunk_8ec733999f2b893e,unity_593d14f2b010a491,unity_docs,official_documentation,Manual,,Position GameObjects,https://docs.unity3d.com/6000.4/Documentation/Manual/PositioningGameObjects.html,unity_docs_incremental_260527_002,3,E:/系统/桌面/工作区/本学期/大三下/IT项目管理/大作业/Data/KnowledgeBase/processed_clean/dify_import/unity_docs_chunk_8ec733999f2b893e.md,1797,2026-05-27T13:13:28.213348+00:00
chunk_1d266ed83e1176b4,unity_593d14f2b010a491,unity_docs,official_documentation,Manual,,Position GameObjects,https://docs.unity3d.com/6000.4/Documentation/Manual/PositioningGameObjects.html,unity_docs_incremental_260527_002,4,E:/系统/桌面/工作区/本学期/大三下/IT项目管理/大作业/Data/KnowledgeBase/processed_clean/dify_import/unity_docs_chunk_1d266ed83e1176b4.md,1732,2026-05-27T13:13:28.213868+00:00
chunk_564bd6d5083e6aee,unity_593d14f2b010a491,unity_docs,official_documentation,Manual,,Position GameObjects,https://docs.unity3d.com/6000.4/Documentation/Manual/PositioningGameObjects.html,unity_docs_incremental_260527_002,5,E:/系统/桌面/工作区/本学期/大三下/IT项目管理/大作业/Data/KnowledgeBase/processed_clean/dify_import/unity_docs_chunk_564bd6d5083e6aee.md,1791,2026-05-27T13:13:28.214590+00:00
chunk_3b30dd29eba43100,unity_593d14f2b010a491,unity_docs,official_documentation,Manual,,Position GameObjects,https://docs.unity3d.com/6000.4/Documentation/Manual/PositioningGameObjects.html,unity_docs_incremental_260527_002,6,E:/系统/桌面/工作区/本学期/大三下/IT项目管理/大作业/Data/KnowledgeBase/processed_clean/dify_import/unity_docs_chunk_3b30dd29eba43100.md,1666,2026-05-27T13:13:28.215332+00:00
chunk_eaaf2aa84b9d72d6,unity_522b7269c46bd55b,unity_docs,official_documentation,Manual,,Scene view grid snapping,https://docs.unity3d.com/6000.4/Documentation/Manual/GridSnapping.html,unity_docs_incremental_260527_002,1,E:/系统/桌面/工作区/本学期/大三下/IT项目管理/大作业/Data/KnowledgeBase/processed_clean/dify_import/unity_docs_chunk_eaaf2aa84b9d72d6.md,1672,2026-05-27T13:13:28.216553+00:00
chunk_ea09ec3e382e715d,unity_522b7269c46bd55b,unity_docs,official_documentation,Manual,,Scene view grid snapping,https://docs.unity3d.com/6000.4/Documentation/Manual/GridSnapping.html,unity_docs_incremental_260527_002,2,E:/系统/桌面/工作区/本学期/大三下/IT项目管理/大作业/Data/KnowledgeBase/processed_clean/dify_import/unity_docs_chunk_ea09ec3e382e715d.md,542,2026-05-27T13:13:28.217546+00:00
chunk_046f0352ca302266,unity_d3d5a36a5d287562,unity_docs,official_documentation,ScriptReference,,MeshRenderer,https://docs.unity3d.com/6000.4/Documentation/ScriptReference/MeshRenderer.html,unity_docs_incremental_260527_002,1,E:/系统/桌面/工作区/本学期/大三下/IT项目管理/大作业/Data/KnowledgeBase/processed_clean/dify_import/unity_docs_chunk_046f0352ca302266.md,1740,2026-05-27T13:13:28.219497+00:00
chunk_b8104bcca97567b9,unity_d3d5a36a5d287562,unity_docs,official_documentation,ScriptReference,,MeshRenderer,https://docs.unity3d.com/6000.4/Documentation/ScriptReference/MeshRenderer.html,unity_docs_incremental_260527_002,2,E:/系统/桌面/工作区/本学期/大三下/IT项目管理/大作业/Data/KnowledgeBase/processed_clean/dify_import/unity_docs_chunk_b8104bcca97567b9.md,1726,2026-05-27T13:13:28.220076+00:00
chunk_cd82949cc3e46b42,unity_d3d5a36a5d287562,unity_docs,official_documentation,ScriptReference,,MeshRenderer,https://docs.unity3d.com/6000.4/Documentation/ScriptReference/MeshRenderer.html,unity_docs_incremental_260527_002,3,E:/系统/桌面/工作区/本学期/大三下/IT项目管理/大作业/Data/KnowledgeBase/processed_clean/dify_import/unity_docs_chunk_cd82949cc3e46b42.md,1783,2026-05-27T13:13:28.220592+00:00
chunk_1a840bb099223e98,unity_d3d5a36a5d287562,unity_docs,official_documentation,ScriptReference,,MeshRenderer,https://docs.unity3d.com/6000.4/Documentation/ScriptReference/MeshRenderer.html,unity_docs_incremental_260527_002,4,E:/系统/桌面/工作区/本学期/大三下/IT项目管理/大作业/Data/KnowledgeBase/processed_clean/dify_import/unity_docs_chunk_1a840bb099223e98.md,1720,2026-05-27T13:13:28.221184+00:00
chunk_e870400757f783fa,unity_d3d5a36a5d287562,unity_docs,official_documentation,ScriptReference,,MeshRenderer,https://docs.unity3d.com/6000.4/Documentation/ScriptReference/MeshRenderer.html,unity_docs_incremental_260527_002,5,E:/系统/桌面/工作区/本学期/大三下/IT项目管理/大作业/Data/KnowledgeBase/processed_clean/dify_import/unity_docs_chunk_e870400757f783fa.md,1798,2026-05-27T13:13:28.221922+00:00
chunk_bfdabffeaea48acf,unity_d3d5a36a5d287562,unity_docs,official_documentation,ScriptReference,,MeshRenderer,https://docs.unity3d.com/6000.4/Documentation/ScriptReference/MeshRenderer.html,unity_docs_incremental_260527_002,6,E:/系统/桌面/工作区/本学期/大三下/IT项目管理/大作业/Data/KnowledgeBase/processed_clean/dify_import/unity_docs_chunk_bfdabffeaea48acf.md,721,2026-05-27T13:13:28.222861+00:00
chunk_3f76954d1d5f9818,unity_b9697addfd7dd9c2,unity_docs,official_documentation,ScriptReference,,Renderer,https://docs.unity3d.com/6000.4/Documentation/ScriptReference/Renderer.html,unity_docs_incremental_260527_002,1,E:/系统/桌面/工作区/本学期/大三下/IT项目管理/大作业/Data/KnowledgeBase/processed_clean/dify_import/unity_docs_chunk_3f76954d1d5f9818.md,1774,2026-05-27T13:13:28.224574+00:00
chunk_3fb7264d377645b1,unity_b9697addfd7dd9c2,unity_docs,official_documentation,ScriptReference,,Renderer,https://docs.unity3d.com/6000.4/Documentation/ScriptReference/Renderer.html,unity_docs_incremental_260527_002,2,E:/系统/桌面/工作区/本学期/大三下/IT项目管理/大作业/Data/KnowledgeBase/processed_clean/dify_import/unity_docs_chunk_3fb7264d377645b1.md,1792,2026-05-27T13:13:28.225125+00:00
chunk_29c6ab0db368186b,unity_b9697addfd7dd9c2,unity_docs,official_documentation,ScriptReference,,Renderer,https://docs.unity3d.com/6000.4/Documentation/ScriptReference/Renderer.html,unity_docs_incremental_260527_002,3,E:/系统/桌面/工作区/本学期/大三下/IT项目管理/大作业/Data/KnowledgeBase/processed_clean/dify_import/unity_docs_chunk_29c6ab0db368186b.md,1799,2026-05-27T13:13:28.226000+00:00
chunk_506a79a5455422b8,unity_b9697addfd7dd9c2,unity_docs,official_documentation,ScriptReference,,Renderer,https://docs.unity3d.com/6000.4/Documentation/ScriptReference/Renderer.html,unity_docs_incremental_260527_002,4,E:/系统/桌面/工作区/本学期/大三下/IT项目管理/大作业/Data/KnowledgeBase/processed_clean/dify_import/unity_docs_chunk_506a79a5455422b8.md,1794,2026-05-27T13:13:28.226994+00:00
chunk_c701dc93731ab6c3,unity_b9697addfd7dd9c2,unity_docs,official_documentation,ScriptReference,,Renderer,https://docs.unity3d.com/6000.4/Documentation/ScriptReference/Renderer.html,unity_docs_incremental_260527_002,5,E:/系统/桌面/工作区/本学期/大三下/IT项目管理/大作业/Data/KnowledgeBase/processed_clean/dify_import/unity_docs_chunk_c701dc93731ab6c3.md,549,2026-05-27T13:13:28.227656+00:00
chunk_12e0c6e48fff1667,unity_0291b0d461ed60bf,unity_docs,official_documentation,ScriptReference,,Renderer .shadowCastingMode,https://docs.unity3d.com/6000.4/Documentation/ScriptReference/Renderer-shadowCastingMode.html,unity_docs_incremental_260527_002,1,E:/系统/桌面/工作区/本学期/大三下/IT项目管理/大作业/Data/KnowledgeBase/processed_clean/dify_import/unity_docs_chunk_12e0c6e48fff1667.md,699,2026-05-27T13:13:28.229064+00:00
chunk_8a8ac063ed3154db,unity_f0e9ef4b4491b92c,unity_docs,official_documentation,ScriptReference,,Renderer .receiveShadows,https://docs.unity3d.com/6000.4/Documentation/ScriptReference/Renderer-receiveShadows.html,unity_docs_incremental_260527_002,1,E:/系统/桌面/工作区/本学期/大三下/IT项目管理/大作业/Data/KnowledgeBase/processed_clean/dify_import/unity_docs_chunk_8a8ac063ed3154db.md,637,2026-05-27T13:13:28.230577+00:00
chunk_fe7e5dcb454d7f4b,unity_82434aecea933783,unity_docs,official_documentation,Manual,,Shader Material Inspector window reference for URP,https://docs.unity3d.com/6000.4/Documentation/Manual/urp/shaders-in-universalrp-reference.html,unity_docs_incremental_260527_002,1,E:/系统/桌面/工作区/本学期/大三下/IT项目管理/大作业/Data/KnowledgeBase/processed_clean/dify_import/unity_docs_chunk_fe7e5dcb454d7f4b.md,1643,2026-05-27T13:13:28.232388+00:00
chunk_5b177afaf1abd1ad,unity_82434aecea933783,unity_docs,official_documentation,Manual,,Shader Material Inspector window reference for URP,https://docs.unity3d.com/6000.4/Documentation/Manual/urp/shaders-in-universalrp-reference.html,unity_docs_incremental_260527_002,2,E:/系统/桌面/工作区/本学期/大三下/IT项目管理/大作业/Data/KnowledgeBase/processed_clean/dify_import/unity_docs_chunk_5b177afaf1abd1ad.md,611,2026-05-27T13:13:28.233154+00:00
chunk_4d25a7cffa902e1d,unity_4a34045dd4fd84c4,unity_docs,official_documentation,ScriptReference,,StaticEditorFlags .ContributeGI,https://docs.unity3d.com/6000.4/Documentation/ScriptReference/StaticEditorFlags.ContributeGI.html,unity_docs_incremental_260527_002,1,E:/系统/桌面/工作区/本学期/大三下/IT项目管理/大作业/Data/KnowledgeBase/processed_clean/dify_import/unity_docs_chunk_4d25a7cffa902e1d.md,1297,2026-05-27T13:13:28.234559+00:00
chunk_5deff66660b1c614,unity_7535b672c204c27b,unity_docs,official_documentation,ScriptReference,,MeshRenderer .receiveGI,https://docs.unity3d.com/6000.4/Documentation/ScriptReference/MeshRenderer-receiveGI.html,unity_docs_incremental_260527_002,1,E:/系统/桌面/工作区/本学期/大三下/IT项目管理/大作业/Data/KnowledgeBase/processed_clean/dify_import/unity_docs_chunk_5deff66660b1c614.md,372,2026-05-27T13:13:28.235966+00:00
chunk_1832f4b9a2a55a5c,unity_4e32d2fcb41a0d28,unity_docs,official_documentation,ScriptReference,,MeshRenderer .scaleInLightmap,https://docs.unity3d.com/6000.4/Documentation/ScriptReference/MeshRenderer-scaleInLightmap.html,unity_docs_incremental_260527_002,1,E:/系统/桌面/工作区/本学期/大三下/IT项目管理/大作业/Data/KnowledgeBase/processed_clean/dify_import/unity_docs_chunk_1832f4b9a2a55a5c.md,356,2026-05-27T13:13:28.237169+00:00
chunk_47dbe0a7cef9f6ed,unity_b1faebb06223131b,unity_docs,official_documentation,ScriptReference,,MeshRenderer .stitchLightmapSeams,https://docs.unity3d.com/6000.4/Documentation/ScriptReference/MeshRenderer-stitchLightmapSeams.html,unity_docs_incremental_260527_002,1,E:/系统/桌面/工作区/本学期/大三下/IT项目管理/大作业/Data/KnowledgeBase/processed_clean/dify_import/unity_docs_chunk_47dbe0a7cef9f6ed.md,370,2026-05-27T13:13:28.238319+00:00
chunk_4039703dc78b19b5,unity_a857a132ad74506f,unity_docs,official_documentation,Manual,,Introduction to Lightmap UVs,https://docs.unity3d.com/6000.4/Documentation/Manual/LightingGiUvs.html,unity_docs_incremental_260527_002,1,E:/系统/桌面/工作区/本学期/大三下/IT项目管理/大作业/Data/KnowledgeBase/processed_clean/dify_import/unity_docs_chunk_4039703dc78b19b5.md,1699,2026-05-27T13:13:28.239983+00:00
chunk_a4599c0e464abde8,unity_a857a132ad74506f,unity_docs,official_documentation,Manual,,Introduction to Lightmap UVs,https://docs.unity3d.com/6000.4/Documentation/Manual/LightingGiUvs.html,unity_docs_incremental_260527_002,2,E:/系统/桌面/工作区/本学期/大三下/IT项目管理/大作业/Data/KnowledgeBase/processed_clean/dify_import/unity_docs_chunk_a4599c0e464abde8.md,1789,2026-05-27T13:13:28.240750+00:00
chunk_cb604777b4b17e68,unity_a857a132ad74506f,unity_docs,official_documentation,Manual,,Introduction to Lightmap UVs,https://docs.unity3d.com/6000.4/Documentation/Manual/LightingGiUvs.html,unity_docs_incremental_260527_002,3,E:/系统/桌面/工作区/本学期/大三下/IT项目管理/大作业/Data/KnowledgeBase/processed_clean/dify_import/unity_docs_chunk_cb604777b4b17e68.md,1616,2026-05-27T13:13:28.241417+00:00
chunk_d31db514aafb3114,unity_a857a132ad74506f,unity_docs,official_documentation,Manual,,Introduction to Lightmap UVs,https://docs.unity3d.com/6000.4/Documentation/Manual/LightingGiUvs.html,unity_docs_incremental_260527_002,4,E:/系统/桌面/工作区/本学期/大三下/IT项目管理/大作业/Data/KnowledgeBase/processed_clean/dify_import/unity_docs_chunk_d31db514aafb3114.md,1738,2026-05-27T13:13:28.242140+00:00
chunk_5c8b2424e6c2ed00,unity_a857a132ad74506f,unity_docs,official_documentation,Manual,,Introduction to Lightmap UVs,https://docs.unity3d.com/6000.4/Documentation/Manual/LightingGiUvs.html,unity_docs_incremental_260527_002,5,E:/系统/桌面/工作区/本学期/大三下/IT项目管理/大作业/Data/KnowledgeBase/processed_clean/dify_import/unity_docs_chunk_5c8b2424e6c2ed00.md,818,2026-05-27T13:13:28.242724+00:00
chunk_19f59aaaa75ae3d1,unity_7a903cf7590f1c43,unity_docs,official_documentation,ScriptReference,,Renderer .probeAnchor,https://docs.unity3d.com/6000.4/Documentation/ScriptReference/Renderer-probeAnchor.html,unity_docs_incremental_260527_002,1,E:/系统/桌面/工作区/本学期/大三下/IT项目管理/大作业/Data/KnowledgeBase/processed_clean/dify_import/unity_docs_chunk_19f59aaaa75ae3d1.md,388,2026-05-27T13:13:28.243848+00:00
chunk_16da6b368d4a30b1,unity_ee54ebd04ce68f03,unity_docs,official_documentation,Manual,,Graphics API support,https://docs.unity3d.com/6000.4/Documentation/Manual/GraphicsAPIs.html,unity_docs_incremental_260527_002,1,E:/系统/桌面/工作区/本学期/大三下/IT项目管理/大作业/Data/KnowledgeBase/processed_clean/dify_import/unity_docs_chunk_16da6b368d4a30b1.md,979,2026-05-27T13:13:28.245133+00:00
chunk_4d10bab857c153d8,unity_2f538028491cb404,unity_docs,official_documentation,ScriptReference,,RayTracingShader,https://docs.unity3d.com/6000.4/Documentation/ScriptReference/Rendering.RayTracingShader.html,unity_docs_incremental_260527_002,1,E:/系统/桌面/工作区/本学期/大三下/IT项目管理/大作业/Data/KnowledgeBase/processed_clean/dify_import/unity_docs_chunk_4d10bab857c153d8.md,1778,2026-05-27T13:13:28.246539+00:00
chunk_2f96c087787ed955,unity_2f538028491cb404,unity_docs,official_documentation,ScriptReference,,RayTracingShader,https://docs.unity3d.com/6000.4/Documentation/ScriptReference/Rendering.RayTracingShader.html,unity_docs_incremental_260527_002,2,E:/系统/桌面/工作区/本学期/大三下/IT项目管理/大作业/Data/KnowledgeBase/processed_clean/dify_import/unity_docs_chunk_2f96c087787ed955.md,1575,2026-05-27T13:13:28.247071+00:00
chunk_c074863dc4b012dd,unity_d024169eed06e133,unity_docs,official_documentation,ScriptReference,,RayTracingAccelerationStructure,https://docs.unity3d.com/6000.4/Documentation/ScriptReference/Rendering.RayTracingAccelerationStructure.html,unity_docs_incremental_260527_002,1,E:/系统/桌面/工作区/本学期/大三下/IT项目管理/大作业/Data/KnowledgeBase/processed_clean/dify_import/unity_docs_chunk_c074863dc4b012dd.md,1792,2026-05-27T13:13:28.248721+00:00
chunk_963c5a1d96c011c4,unity_d024169eed06e133,unity_docs,official_documentation,ScriptReference,,RayTracingAccelerationStructure,https://docs.unity3d.com/6000.4/Documentation/ScriptReference/Rendering.RayTracingAccelerationStructure.html,unity_docs_incremental_260527_002,2,E:/系统/桌面/工作区/本学期/大三下/IT项目管理/大作业/Data/KnowledgeBase/processed_clean/dify_import/unity_docs_chunk_963c5a1d96c011c4.md,1783,2026-05-27T13:13:28.249317+00:00
chunk_93d053f241c4fae9,unity_d024169eed06e133,unity_docs,official_documentation,ScriptReference,,RayTracingAccelerationStructure,https://docs.unity3d.com/6000.4/Documentation/ScriptReference/Rendering.RayTracingAccelerationStructure.html,unity_docs_incremental_260527_002,3,E:/系统/桌面/工作区/本学期/大三下/IT项目管理/大作业/Data/KnowledgeBase/processed_clean/dify_import/unity_docs_chunk_93d053f241c4fae9.md,1762,2026-05-27T13:13:28.250072+00:00
chunk_e94b81891f6d6e8d,unity_d024169eed06e133,unity_docs,official_documentation,ScriptReference,,RayTracingAccelerationStructure,https://docs.unity3d.com/6000.4/Documentation/ScriptReference/Rendering.RayTracingAccelerationStructure.html,unity_docs_incremental_260527_002,4,E:/系统/桌面/工作区/本学期/大三下/IT项目管理/大作业/Data/KnowledgeBase/processed_clean/dify_import/unity_docs_chunk_e94b81891f6d6e8d.md,1799,2026-05-27T13:13:28.250628+00:00
chunk_c4d1aa8fd6a08f0a,unity_d024169eed06e133,unity_docs,official_documentation,ScriptReference,,RayTracingAccelerationStructure,https://docs.unity3d.com/6000.4/Documentation/ScriptReference/Rendering.RayTracingAccelerationStructure.html,unity_docs_incremental_260527_002,5,E:/系统/桌面/工作区/本学期/大三下/IT项目管理/大作业/Data/KnowledgeBase/processed_clean/dify_import/unity_docs_chunk_c4d1aa8fd6a08f0a.md,1082,2026-05-27T13:13:28.251456+00:00
chunk_cace257056f644b3,unity_a4fc2121a7e8b62e,unity_docs,official_documentation,ScriptReference,,Renderer .motionVectorGenerationMode,https://docs.unity3d.com/6000.4/Documentation/ScriptReference/Renderer-motionVectorGenerationMode.html,unity_docs_incremental_260527_002,1,E:/系统/桌面/工作区/本学期/大三下/IT项目管理/大作业/Data/KnowledgeBase/processed_clean/dify_import/unity_docs_chunk_cace257056f644b3.md,992,2026-05-27T13:13:28.252811+00:00
chunk_3f310184a9b396d5,unity_6ea638e2cdd36b11,unity_docs,official_documentation,Manual,,Creating models outside of Unity,https://docs.unity3d.com/6000.4/Documentation/Manual/CreatingDCCAssets.html,unity_docs_incremental_260527_002,1,E:/系统/桌面/工作区/本学期/大三下/IT项目管理/大作业/Data/KnowledgeBase/processed_clean/dify_import/unity_docs_chunk_3f310184a9b396d5.md,1226,2026-05-27T13:13:28.253871+00:00
chunk_a0e44e8118c72c66,unity_842fdd45da3f037d,unity_docs,official_documentation,Manual,,Introduction to scripting back ends,https://docs.unity3d.com/6000.4/Documentation/Manual/scripting-backends-intro.html,unity_docs_incremental_260527_002,1,E:/系统/桌面/工作区/本学期/大三下/IT项目管理/大作业/Data/KnowledgeBase/processed_clean/dify_import/unity_docs_chunk_a0e44e8118c72c66.md,1588,2026-05-27T13:13:28.255429+00:00
chunk_297cf333a726eac4,unity_842fdd45da3f037d,unity_docs,official_documentation,Manual,,Introduction to scripting back ends,https://docs.unity3d.com/6000.4/Documentation/Manual/scripting-backends-intro.html,unity_docs_incremental_260527_002,2,E:/系统/桌面/工作区/本学期/大三下/IT项目管理/大作业/Data/KnowledgeBase/processed_clean/dify_import/unity_docs_chunk_297cf333a726eac4.md,1790,2026-05-27T13:13:28.256170+00:00
chunk_0fe38d06cdac5d16,unity_842fdd45da3f037d,unity_docs,official_documentation,Manual,,Introduction to scripting back ends,https://docs.unity3d.com/6000.4/Documentation/Manual/scripting-backends-intro.html,unity_docs_incremental_260527_002,3,E:/系统/桌面/工作区/本学期/大三下/IT项目管理/大作业/Data/KnowledgeBase/processed_clean/dify_import/unity_docs_chunk_0fe38d06cdac5d16.md,1752,2026-05-27T13:13:28.256749+00:00
chunk_0e6062cf8239f1c5,unity_842fdd45da3f037d,unity_docs,official_documentation,Manual,,Introduction to scripting back ends,https://docs.unity3d.com/6000.4/Documentation/Manual/scripting-backends-intro.html,unity_docs_incremental_260527_002,4,E:/系统/桌面/工作区/本学期/大三下/IT项目管理/大作业/Data/KnowledgeBase/processed_clean/dify_import/unity_docs_chunk_0e6062cf8239f1c5.md,1674,2026-05-27T13:13:28.257711+00:00
chunk_a5d24115d046eafd,unity_842fdd45da3f037d,unity_docs,official_documentation,Manual,,Introduction to scripting back ends,https://docs.unity3d.com/6000.4/Documentation/Manual/scripting-backends-intro.html,unity_docs_incremental_260527_002,5,E:/系统/桌面/工作区/本学期/大三下/IT项目管理/大作业/Data/KnowledgeBase/processed_clean/dify_import/unity_docs_chunk_a5d24115d046eafd.md,309,2026-05-27T13:13:28.258542+00:00
chunk_38e915d165a3534b,unity_536ce6c2bc33fce6,unity_docs,official_documentation,Manual,,Programming with mathematics,https://docs.unity3d.com/6000.4/Documentation/Manual/programming-math.html,unity_docs_incremental_260527_002,1,E:/系统/桌面/工作区/本学期/大三下/IT项目管理/大作业/Data/KnowledgeBase/processed_clean/dify_import/unity_docs_chunk_38e915d165a3534b.md,1044,2026-05-27T13:13:28.259947+00:00
chunk_18ab020d08bff912,unity_c807957cc611cf7a,unity_docs,official_documentation,Manual,,Using common math functions,https://docs.unity3d.com/6000.4/Documentation/Manual/class-Mathf.html,unity_docs_incremental_260527_002,1,E:/系统/桌面/工作区/本学期/大三下/IT项目管理/大作业/Data/KnowledgeBase/processed_clean/dify_import/unity_docs_chunk_18ab020d08bff912.md,1739,2026-05-27T13:13:28.261634+00:00
chunk_ead009f92aad0cbd,unity_c807957cc611cf7a,unity_docs,official_documentation,Manual,,Using common math functions,https://docs.unity3d.com/6000.4/Documentation/Manual/class-Mathf.html,unity_docs_incremental_260527_002,2,E:/系统/桌面/工作区/本学期/大三下/IT项目管理/大作业/Data/KnowledgeBase/processed_clean/dify_import/unity_docs_chunk_ead009f92aad0cbd.md,795,2026-05-27T13:13:28.262296+00:00
chunk_4f73cb5eacc83ca4,unity_ceba99705c69c54a,unity_docs,official_documentation,ScriptReference,,Vector2,https://docs.unity3d.com/6000.4/Documentation/ScriptReference/Vector2.html,unity_docs_incremental_260527_002,1,E:/系统/桌面/工作区/本学期/大三下/IT项目管理/大作业/Data/KnowledgeBase/processed_clean/dify_import/unity_docs_chunk_4f73cb5eacc83ca4.md,1794,2026-05-27T13:13:28.263967+00:00
chunk_7683aec2df450c63,unity_ceba99705c69c54a,unity_docs,official_documentation,ScriptReference,,Vector2,https://docs.unity3d.com/6000.4/Documentation/ScriptReference/Vector2.html,unity_docs_incremental_260527_002,2,E:/系统/桌面/工作区/本学期/大三下/IT项目管理/大作业/Data/KnowledgeBase/processed_clean/dify_import/unity_docs_chunk_7683aec2df450c63.md,1473,2026-05-27T13:13:28.264962+00:00
chunk_5e456131fa98a72d,unity_93d57d729fbc8da9,unity_docs,official_documentation,ScriptReference,,Vector4,https://docs.unity3d.com/6000.4/Documentation/ScriptReference/Vector4.html,unity_docs_incremental_260527_002,1,E:/系统/桌面/工作区/本学期/大三下/IT项目管理/大作业/Data/KnowledgeBase/processed_clean/dify_import/unity_docs_chunk_5e456131fa98a72d.md,1793,2026-05-27T13:13:28.266635+00:00
chunk_bef491dc979b8baa,unity_93d57d729fbc8da9,unity_docs,official_documentation,ScriptReference,,Vector4,https://docs.unity3d.com/6000.4/Documentation/ScriptReference/Vector4.html,unity_docs_incremental_260527_002,2,E:/系统/桌面/工作区/本学期/大三下/IT项目管理/大作业/Data/KnowledgeBase/processed_clean/dify_import/unity_docs_chunk_bef491dc979b8baa.md,1014,2026-05-27T13:13:28.267172+00:00
chunk_ec674b0187ea783a,unity_ed846f5042c0baaf,unity_docs,official_documentation,Manual,,Excluding hidden objects with occlusion culling,https://docs.unity3d.com/6000.4/Documentation/Manual/OcclusionCulling-landing.html,unity_docs_incremental_260527_002,1,E:/系统/桌面/工作区/本学期/大三下/IT项目管理/大作业/Data/KnowledgeBase/processed_clean/dify_import/unity_docs_chunk_ec674b0187ea783a.md,1783,2026-05-27T13:13:28.268470+00:00
chunk_daba6bb14efcf560,unity_ed846f5042c0baaf,unity_docs,official_documentation,Manual,,Excluding hidden objects with occlusion culling,https://docs.unity3d.com/6000.4/Documentation/Manual/OcclusionCulling-landing.html,unity_docs_incremental_260527_002,2,E:/系统/桌面/工作区/本学期/大三下/IT项目管理/大作业/Data/KnowledgeBase/processed_clean/dify_import/unity_docs_chunk_daba6bb14efcf560.md,1002,2026-05-27T13:13:28.269174+00:00
chunk_55314b3aef6ff6df,unity_6da9aa459a370cb4,unity_docs,official_documentation,Manual,,Set up a scene for occlusion culling,https://docs.unity3d.com/6000.4/Documentation/Manual/occlusion-culling-getting-started.html,unity_docs_incremental_260527_002,1,E:/系统/桌面/工作区/本学期/大三下/IT项目管理/大作业/Data/KnowledgeBase/processed_clean/dify_import/unity_docs_chunk_55314b3aef6ff6df.md,1798,2026-05-27T13:13:28.270844+00:00
chunk_7952e879b3b53668,unity_6da9aa459a370cb4,unity_docs,official_documentation,Manual,,Set up a scene for occlusion culling,https://docs.unity3d.com/6000.4/Documentation/Manual/occlusion-culling-getting-started.html,unity_docs_incremental_260527_002,2,E:/系统/桌面/工作区/本学期/大三下/IT项目管理/大作业/Data/KnowledgeBase/processed_clean/dify_import/unity_docs_chunk_7952e879b3b53668.md,1679,2026-05-27T13:13:28.271465+00:00
chunk_f4552cefe71a2cd0,unity_6da9aa459a370cb4,unity_docs,official_documentation,Manual,,Set up a scene for occlusion culling,https://docs.unity3d.com/6000.4/Documentation/Manual/occlusion-culling-getting-started.html,unity_docs_incremental_260527_002,3,E:/系统/桌面/工作区/本学期/大三下/IT项目管理/大作业/Data/KnowledgeBase/processed_clean/dify_import/unity_docs_chunk_f4552cefe71a2cd0.md,1794,2026-05-27T13:13:28.272112+00:00
chunk_3530734c6ff41eab,unity_42f8e5ce0a2c63b4,unity_docs,official_documentation,Manual,,Enable GPU occlusion culling in URP,https://docs.unity3d.com/6000.4/Documentation/Manual/urp/gpu-culling.html,unity_docs_incremental_260527_002,1,E:/系统/桌面/工作区/本学期/大三下/IT项目管理/大作业/Data/KnowledgeBase/processed_clean/dify_import/unity_docs_chunk_3530734c6ff41eab.md,1734,2026-05-27T13:13:28.274525+00:00
chunk_605726cee0c936a0,unity_42f8e5ce0a2c63b4,unity_docs,official_documentation,Manual,,Enable GPU occlusion culling in URP,https://docs.unity3d.com/6000.4/Documentation/Manual/urp/gpu-culling.html,unity_docs_incremental_260527_002,2,E:/系统/桌面/工作区/本学期/大三下/IT项目管理/大作业/Data/KnowledgeBase/processed_clean/dify_import/unity_docs_chunk_605726cee0c936a0.md,1788,2026-05-27T13:13:28.275166+00:00
chunk_eabd15107d652eba,unity_42f8e5ce0a2c63b4,unity_docs,official_documentation,Manual,,Enable GPU occlusion culling in URP,https://docs.unity3d.com/6000.4/Documentation/Manual/urp/gpu-culling.html,unity_docs_incremental_260527_002,3,E:/系统/桌面/工作区/本学期/大三下/IT项目管理/大作业/Data/KnowledgeBase/processed_clean/dify_import/unity_docs_chunk_eabd15107d652eba.md,360,2026-05-27T13:13:28.275794+00:00
chunk_c5545bc5134af154,unity_cf8e42d9901614b5,unity_docs,official_documentation,Manual,,Occlusion Culling window reference,https://docs.unity3d.com/6000.4/Documentation/Manual/occlusion-culling-window.html,unity_docs_incremental_260527_002,1,E:/系统/桌面/工作区/本学期/大三下/IT项目管理/大作业/Data/KnowledgeBase/processed_clean/dify_import/unity_docs_chunk_c5545bc5134af154.md,1773,2026-05-27T13:13:28.277397+00:00
chunk_b768f68d4d0a878c,unity_cf8e42d9901614b5,unity_docs,official_documentation,Manual,,Occlusion Culling window reference,https://docs.unity3d.com/6000.4/Documentation/Manual/occlusion-culling-window.html,unity_docs_incremental_260527_002,2,E:/系统/桌面/工作区/本学期/大三下/IT项目管理/大作业/Data/KnowledgeBase/processed_clean/dify_import/unity_docs_chunk_b768f68d4d0a878c.md,1674,2026-05-27T13:13:28.278120+00:00
chunk_09b610f62cbd39d9,unity_cf8e42d9901614b5,unity_docs,official_documentation,Manual,,Occlusion Culling window reference,https://docs.unity3d.com/6000.4/Documentation/Manual/occlusion-culling-window.html,unity_docs_incremental_260527_002,3,E:/系统/桌面/工作区/本学期/大三下/IT项目管理/大作业/Data/KnowledgeBase/processed_clean/dify_import/unity_docs_chunk_09b610f62cbd39d9.md,1545,2026-05-27T13:13:28.278829+00:00
chunk_73d7c0bf41e9f928,unity_cf8e42d9901614b5,unity_docs,official_documentation,Manual,,Occlusion Culling window reference,https://docs.unity3d.com/6000.4/Documentation/Manual/occlusion-culling-window.html,unity_docs_incremental_260527_002,4,E:/系统/桌面/工作区/本学期/大三下/IT项目管理/大作业/Data/KnowledgeBase/processed_clean/dify_import/unity_docs_chunk_73d7c0bf41e9f928.md,1375,2026-05-27T13:13:28.279840+00:00
chunk_838c7161ec9ebc0e,unity_0cb423672aabed1f,unity_docs,official_documentation,Manual,,Create high-precision occlusion areas,https://docs.unity3d.com/6000.4/Documentation/Manual/class-OcclusionArea.html,unity_docs_incremental_260527_002,1,E:/系统/桌面/工作区/本学期/大三下/IT项目管理/大作业/Data/KnowledgeBase/processed_clean/dify_import/unity_docs_chunk_838c7161ec9ebc0e.md,1788,2026-05-27T13:13:28.281044+00:00
chunk_a835c548f010a2ae,unity_0cb423672aabed1f,unity_docs,official_documentation,Manual,,Create high-precision occlusion areas,https://docs.unity3d.com/6000.4/Documentation/Manual/class-OcclusionArea.html,unity_docs_incremental_260527_002,2,E:/系统/桌面/工作区/本学期/大三下/IT项目管理/大作业/Data/KnowledgeBase/processed_clean/dify_import/unity_docs_chunk_a835c548f010a2ae.md,1123,2026-05-27T13:13:28.281782+00:00
chunk_56e8683bcae7c993,unity_3f2906138bfe0adf,unity_docs,official_documentation,Manual,,Building and delivering for iOS,https://docs.unity3d.com/6000.4/Documentation/Manual/ios-building-and-delivering.html,unity_docs_incremental_260527_002,1,E:/系统/桌面/工作区/本学期/大三下/IT项目管理/大作业/Data/KnowledgeBase/processed_clean/dify_import/unity_docs_chunk_56e8683bcae7c993.md,932,2026-05-27T13:13:28.282891+00:00
chunk_010faa1164e7ae60,unity_888acff3ac10d890,unity_docs,official_documentation,Manual,,iOS build settings reference,https://docs.unity3d.com/6000.4/Documentation/Manual/BuildSettingsiOS.html,unity_docs_incremental_260527_002,1,E:/系统/桌面/工作区/本学期/大三下/IT项目管理/大作业/Data/KnowledgeBase/processed_clean/dify_import/unity_docs_chunk_010faa1164e7ae60.md,1610,2026-05-27T13:13:28.284499+00:00
chunk_16a35c5e8d08fdfb,unity_888acff3ac10d890,unity_docs,official_documentation,Manual,,iOS build settings reference,https://docs.unity3d.com/6000.4/Documentation/Manual/BuildSettingsiOS.html,unity_docs_incremental_260527_002,2,E:/系统/桌面/工作区/本学期/大三下/IT项目管理/大作业/Data/KnowledgeBase/processed_clean/dify_import/unity_docs_chunk_16a35c5e8d08fdfb.md,1543,2026-05-27T13:13:28.285017+00:00
chunk_26620d5679b489e4,unity_888acff3ac10d890,unity_docs,official_documentation,Manual,,iOS build settings reference,https://docs.unity3d.com/6000.4/Documentation/Manual/BuildSettingsiOS.html,unity_docs_incremental_260527_002,3,E:/系统/桌面/工作区/本学期/大三下/IT项目管理/大作业/Data/KnowledgeBase/processed_clean/dify_import/unity_docs_chunk_26620d5679b489e4.md,1402,2026-05-27T13:13:28.285718+00:00
chunk_fea3a629d18a7831,unity_4c71a8912cc868bf,unity_docs,official_documentation,Manual,,On-demand resources,https://docs.unity3d.com/6000.4/Documentation/Manual/ios-ondemand-resources.html,unity_docs_incremental_260527_002,1,E:/系统/桌面/工作区/本学期/大三下/IT项目管理/大作业/Data/KnowledgeBase/processed_clean/dify_import/unity_docs_chunk_fea3a629d18a7831.md,1600,2026-05-27T13:13:28.287752+00:00
chunk_9b1bf18d1ff85452,unity_4c71a8912cc868bf,unity_docs,official_documentation,Manual,,On-demand resources,https://docs.unity3d.com/6000.4/Documentation/Manual/ios-ondemand-resources.html,unity_docs_incremental_260527_002,2,E:/系统/桌面/工作区/本学期/大三下/IT项目管理/大作业/Data/KnowledgeBase/processed_clean/dify_import/unity_docs_chunk_9b1bf18d1ff85452.md,1788,2026-05-27T13:13:28.288396+00:00
chunk_4e22461a48599b83,unity_4c71a8912cc868bf,unity_docs,official_documentation,Manual,,On-demand resources,https://docs.unity3d.com/6000.4/Documentation/Manual/ios-ondemand-resources.html,unity_docs_incremental_260527_002,3,E:/系统/桌面/工作区/本学期/大三下/IT项目管理/大作业/Data/KnowledgeBase/processed_clean/dify_import/unity_docs_chunk_4e22461a48599b83.md,1800,2026-05-27T13:13:28.289295+00:00
chunk_2376ddc87854f814,unity_4c71a8912cc868bf,unity_docs,official_documentation,Manual,,On-demand resources,https://docs.unity3d.com/6000.4/Documentation/Manual/ios-ondemand-resources.html,unity_docs_incremental_260527_002,4,E:/系统/桌面/工作区/本学期/大三下/IT项目管理/大作业/Data/KnowledgeBase/processed_clean/dify_import/unity_docs_chunk_2376ddc87854f814.md,1798,2026-05-27T13:13:28.290178+00:00
chunk_688370b5de9ed3c8,unity_4c71a8912cc868bf,unity_docs,official_documentation,Manual,,On-demand resources,https://docs.unity3d.com/6000.4/Documentation/Manual/ios-ondemand-resources.html,unity_docs_incremental_260527_002,5,E:/系统/桌面/工作区/本学期/大三下/IT项目管理/大作业/Data/KnowledgeBase/processed_clean/dify_import/unity_docs_chunk_688370b5de9ed3c8.md,421,2026-05-27T13:13:28.290878+00:00
chunk_c52261b4df481d6f,unity_506e12f25f3ce1e2,unity_docs,official_documentation,Manual,,App slicing,https://docs.unity3d.com/6000.4/Documentation/Manual/ios-app-slicing.html,unity_docs_incremental_260527_002,1,E:/系统/桌面/工作区/本学期/大三下/IT项目管理/大作业/Data/KnowledgeBase/processed_clean/dify_import/unity_docs_chunk_c52261b4df481d6f.md,1732,2026-05-27T13:13:28.292397+00:00
chunk_f587f8c4daa6c7dc,unity_506e12f25f3ce1e2,unity_docs,official_documentation,Manual,,App slicing,https://docs.unity3d.com/6000.4/Documentation/Manual/ios-app-slicing.html,unity_docs_incremental_260527_002,2,E:/系统/桌面/工作区/本学期/大三下/IT项目管理/大作业/Data/KnowledgeBase/processed_clean/dify_import/unity_docs_chunk_f587f8c4daa6c7dc.md,1770,2026-05-27T13:13:28.293065+00:00
chunk_7854af903f13e964,unity_506e12f25f3ce1e2,unity_docs,official_documentation,Manual,,App slicing,https://docs.unity3d.com/6000.4/Documentation/Manual/ios-app-slicing.html,unity_docs_incremental_260527_002,3,E:/系统/桌面/工作区/本学期/大三下/IT项目管理/大作业/Data/KnowledgeBase/processed_clean/dify_import/unity_docs_chunk_7854af903f13e964.md,1434,2026-05-27T13:13:28.293981+00:00
chunk_f3b1b9fd0183d2be,unity_98042491aac31d27,unity_docs,official_documentation,Manual,,Unity for first-time users,https://docs.unity3d.com/6000.4/Documentation/Manual/first-time-user.html,unity_docs_incremental_260527_002,1,E:/系统/桌面/工作区/本学期/大三下/IT项目管理/大作业/Data/KnowledgeBase/processed_clean/dify_import/unity_docs_chunk_f3b1b9fd0183d2be.md,1756,2026-05-27T13:13:28.295184+00:00
chunk_f2487a6b1bf34752,unity_9ef8232832e32237,unity_docs,official_documentation,Manual,,Create your first project,https://docs.unity3d.com/6000.4/Documentation/Manual/create-first-project.html,unity_docs_incremental_260527_002,1,E:/系统/桌面/工作区/本学期/大三下/IT项目管理/大作业/Data/KnowledgeBase/processed_clean/dify_import/unity_docs_chunk_f2487a6b1bf34752.md,1800,2026-05-27T13:13:28.296570+00:00
chunk_167dc7ffaf435934,unity_9ef8232832e32237,unity_docs,official_documentation,Manual,,Create your first project,https://docs.unity3d.com/6000.4/Documentation/Manual/create-first-project.html,unity_docs_incremental_260527_002,2,E:/系统/桌面/工作区/本学期/大三下/IT项目管理/大作业/Data/KnowledgeBase/processed_clean/dify_import/unity_docs_chunk_167dc7ffaf435934.md,1114,2026-05-27T13:13:28.297169+00:00
chunk_10de09740dc67132,unity_8f8a34dac75c925e,unity_docs,official_documentation,Manual,,Get started with 3D game development,https://docs.unity3d.com/6000.4/Documentation/Manual/Quickstart3D.html,unity_docs_incremental_260527_002,1,E:/系统/桌面/工作区/本学期/大三下/IT项目管理/大作业/Data/KnowledgeBase/processed_clean/dify_import/unity_docs_chunk_10de09740dc67132.md,1797,2026-05-27T13:13:28.298667+00:00
chunk_cfe086fcc6b5c5df,unity_8f8a34dac75c925e,unity_docs,official_documentation,Manual,,Get started with 3D game development,https://docs.unity3d.com/6000.4/Documentation/Manual/Quickstart3D.html,unity_docs_incremental_260527_002,2,E:/系统/桌面/工作区/本学期/大三下/IT项目管理/大作业/Data/KnowledgeBase/processed_clean/dify_import/unity_docs_chunk_cfe086fcc6b5c5df.md,567,2026-05-27T13:13:28.299493+00:00
chunk_61b810e66cda0d01,unity_5fb58c6631701798,unity_docs,official_documentation,Manual,,Sort the package list,https://docs.unity3d.com/6000.4/Documentation/Manual/upm-ui-sort.html,unity_docs_incremental_260527_002,1,E:/系统/桌面/工作区/本学期/大三下/IT项目管理/大作业/Data/KnowledgeBase/processed_clean/dify_import/unity_docs_chunk_61b810e66cda0d01.md,1749,2026-05-27T13:13:28.301127+00:00
chunk_ef8edc2af58c779e,unity_5fb58c6631701798,unity_docs,official_documentation,Manual,,Sort the package list,https://docs.unity3d.com/6000.4/Documentation/Manual/upm-ui-sort.html,unity_docs_incremental_260527_002,2,E:/系统/桌面/工作区/本学期/大三下/IT项目管理/大作业/Data/KnowledgeBase/processed_clean/dify_import/unity_docs_chunk_ef8edc2af58c779e.md,359,2026-05-27T13:13:28.301805+00:00
chunk_e991ee5de4fe2399,unity_4b7aba1bb32e7427,unity_docs,official_documentation,Manual,,Remove imported assets from a project,https://docs.unity3d.com/6000.4/Documentation/Manual/upm-ui-remove-asset.html,unity_docs_incremental_260527_002,1,E:/系统/桌面/工作区/本学期/大三下/IT项目管理/大作业/Data/KnowledgeBase/processed_clean/dify_import/unity_docs_chunk_e991ee5de4fe2399.md,1661,2026-05-27T13:13:28.303819+00:00
chunk_1f5ea9d01effc834,unity_4b7aba1bb32e7427,unity_docs,official_documentation,Manual,,Remove imported assets from a project,https://docs.unity3d.com/6000.4/Documentation/Manual/upm-ui-remove-asset.html,unity_docs_incremental_260527_002,2,E:/系统/桌面/工作区/本学期/大三下/IT项目管理/大作业/Data/KnowledgeBase/processed_clean/dify_import/unity_docs_chunk_1f5ea9d01effc834.md,1791,2026-05-27T13:13:28.304541+00:00
chunk_4e502827eb1f40c6,unity_4b7aba1bb32e7427,unity_docs,official_documentation,Manual,,Remove imported assets from a project,https://docs.unity3d.com/6000.4/Documentation/Manual/upm-ui-remove-asset.html,unity_docs_incremental_260527_002,3,E:/系统/桌面/工作区/本学期/大三下/IT项目管理/大作业/Data/KnowledgeBase/processed_clean/dify_import/unity_docs_chunk_4e502827eb1f40c6.md,1169,2026-05-27T13:13:28.305089+00:00
chunk_db310245b8ab9f18,unity_08ba2c80e44cf3cb,unity_docs,official_documentation,ScriptReference,,Texture2D,https://docs.unity3d.com/6000.4/Documentation/ScriptReference/Texture2D.html,unity_docs_incremental_260527_002,1,E:/系统/桌面/工作区/本学期/大三下/IT项目管理/大作业/Data/KnowledgeBase/processed_clean/dify_import/unity_docs_chunk_db310245b8ab9f18.md,1613,2026-05-27T13:13:28.306707+00:00
chunk_4609c7769ddcef7c,unity_08ba2c80e44cf3cb,unity_docs,official_documentation,ScriptReference,,Texture2D,https://docs.unity3d.com/6000.4/Documentation/ScriptReference/Texture2D.html,unity_docs_incremental_260527_002,2,E:/系统/桌面/工作区/本学期/大三下/IT项目管理/大作业/Data/KnowledgeBase/processed_clean/dify_import/unity_docs_chunk_4609c7769ddcef7c.md,1777,2026-05-27T13:13:28.307650+00:00
chunk_666c108c2f8820ed,unity_08ba2c80e44cf3cb,unity_docs,official_documentation,ScriptReference,,Texture2D,https://docs.unity3d.com/6000.4/Documentation/ScriptReference/Texture2D.html,unity_docs_incremental_260527_002,3,E:/系统/桌面/工作区/本学期/大三下/IT项目管理/大作业/Data/KnowledgeBase/processed_clean/dify_import/unity_docs_chunk_666c108c2f8820ed.md,1779,2026-05-27T13:13:28.308291+00:00
chunk_7b26853318fffa41,unity_08ba2c80e44cf3cb,unity_docs,official_documentation,ScriptReference,,Texture2D,https://docs.unity3d.com/6000.4/Documentation/ScriptReference/Texture2D.html,unity_docs_incremental_260527_002,4,E:/系统/桌面/工作区/本学期/大三下/IT项目管理/大作业/Data/KnowledgeBase/processed_clean/dify_import/unity_docs_chunk_7b26853318fffa41.md,1738,2026-05-27T13:13:28.309038+00:00
chunk_069f31281b633e06,unity_08ba2c80e44cf3cb,unity_docs,official_documentation,ScriptReference,,Texture2D,https://docs.unity3d.com/6000.4/Documentation/ScriptReference/Texture2D.html,unity_docs_incremental_260527_002,5,E:/系统/桌面/工作区/本学期/大三下/IT项目管理/大作业/Data/KnowledgeBase/processed_clean/dify_import/unity_docs_chunk_069f31281b633e06.md,1795,2026-05-27T13:13:28.309869+00:00
chunk_cd921aed3e64660a,unity_08ba2c80e44cf3cb,unity_docs,official_documentation,ScriptReference,,Texture2D,https://docs.unity3d.com/6000.4/Documentation/ScriptReference/Texture2D.html,unity_docs_incremental_260527_002,6,E:/系统/桌面/工作区/本学期/大三下/IT项目管理/大作业/Data/KnowledgeBase/processed_clean/dify_import/unity_docs_chunk_cd921aed3e64660a.md,1033,2026-05-27T13:13:28.310610+00:00
chunk_3b2332c9dca0bb30,unity_c38cf7cd830d74d8,unity_docs,official_documentation,ScriptReference,,Resolution,https://docs.unity3d.com/6000.4/Documentation/ScriptReference/Resolution.html,unity_docs_incremental_260527_002,1,E:/系统/桌面/工作区/本学期/大三下/IT项目管理/大作业/Data/KnowledgeBase/processed_clean/dify_import/unity_docs_chunk_3b2332c9dca0bb30.md,572,2026-05-27T13:13:28.311588+00:00
chunk_96d0c6595706dc10,unity_6c26db09fee9900b,unity_docs,official_documentation,ScriptReference,,PhotoCapture .CreateAsync,https://docs.unity3d.com/6000.4/Documentation/ScriptReference/Windows.WebCam.PhotoCapture.CreateAsync.html,unity_docs_incremental_260527_002,1,E:/系统/桌面/工作区/本学期/大三下/IT项目管理/大作业/Data/KnowledgeBase/processed_clean/dify_import/unity_docs_chunk_96d0c6595706dc10.md,954,2026-05-27T13:13:28.312621+00:00
chunk_d966eb4daa223c37,unity_5329f6dc511cc1dc,unity_docs,official_documentation,ScriptReference,,CameraParameters,https://docs.unity3d.com/6000.4/Documentation/ScriptReference/Windows.WebCam.CameraParameters.html,unity_docs_incremental_260527_002,1,E:/系统/桌面/工作区/本学期/大三下/IT项目管理/大作业/Data/KnowledgeBase/processed_clean/dify_import/unity_docs_chunk_d966eb4daa223c37.md,818,2026-05-27T13:13:28.313693+00:00
chunk_224a1b7810916876,unity_34127fd1abdf737f,unity_docs,official_documentation,ScriptReference,,PhotoCaptureFrame,https://docs.unity3d.com/6000.4/Documentation/ScriptReference/Windows.WebCam.PhotoCaptureFrame.html,unity_docs_incremental_260527_002,1,E:/系统/桌面/工作区/本学期/大三下/IT项目管理/大作业/Data/KnowledgeBase/processed_clean/dify_import/unity_docs_chunk_224a1b7810916876.md,1313,2026-05-27T13:13:28.315322+00:00
chunk_1f2c744895762009,unity_3957737805233caf,unity_docs,official_documentation,ScriptReference,,Shader .Find,https://docs.unity3d.com/6000.4/Documentation/ScriptReference/Shader.Find.html,unity_docs_incremental_260527_002,1,E:/系统/桌面/工作区/本学期/大三下/IT项目管理/大作业/Data/KnowledgeBase/processed_clean/dify_import/unity_docs_chunk_1f2c744895762009.md,1610,2026-05-27T13:13:28.316350+00:00
chunk_db28aac67b7fa1d6,unity_8daf3601c7c359dd,unity_docs,official_documentation,ScriptReference,,Texture,https://docs.unity3d.com/6000.4/Documentation/ScriptReference/Texture.html,unity_docs_incremental_260527_002,1,E:/系统/桌面/工作区/本学期/大三下/IT项目管理/大作业/Data/KnowledgeBase/processed_clean/dify_import/unity_docs_chunk_db28aac67b7fa1d6.md,1587,2026-05-27T13:13:28.317667+00:00
chunk_9e2c5341cb2f21a0,unity_8daf3601c7c359dd,unity_docs,official_documentation,ScriptReference,,Texture,https://docs.unity3d.com/6000.4/Documentation/ScriptReference/Texture.html,unity_docs_incremental_260527_002,2,E:/系统/桌面/工作区/本学期/大三下/IT项目管理/大作业/Data/KnowledgeBase/processed_clean/dify_import/unity_docs_chunk_9e2c5341cb2f21a0.md,1752,2026-05-27T13:13:28.318258+00:00
chunk_e86ee66be75aff26,unity_8daf3601c7c359dd,unity_docs,official_documentation,ScriptReference,,Texture,https://docs.unity3d.com/6000.4/Documentation/ScriptReference/Texture.html,unity_docs_incremental_260527_002,3,E:/系统/桌面/工作区/本学期/大三下/IT项目管理/大作业/Data/KnowledgeBase/processed_clean/dify_import/unity_docs_chunk_e86ee66be75aff26.md,1792,2026-05-27T13:13:28.318947+00:00
chunk_4e3f325474860153,unity_0553529206a37725,unity_docs,official_documentation,ScriptReference,,PhotoCapture .SupportedResolutions,https://docs.unity3d.com/6000.4/Documentation/ScriptReference/Windows.WebCam.PhotoCapture.SupportedResolutions.html,unity_docs_incremental_260527_002,1,E:/系统/桌面/工作区/本学期/大三下/IT项目管理/大作业/Data/KnowledgeBase/processed_clean/dify_import/unity_docs_chunk_4e3f325474860153.md,816,2026-05-27T13:13:28.320511+00:00
chunk_4fbdc84b7c6cef56,unity_d4d441d79bf1cb5f,unity_docs,official_documentation,ScriptReference,,PhotoCapture .Dispose,https://docs.unity3d.com/6000.4/Documentation/ScriptReference/Windows.WebCam.PhotoCapture.Dispose.html,unity_docs_incremental_260527_002,1,E:/系统/桌面/工作区/本学期/大三下/IT项目管理/大作业/Data/KnowledgeBase/processed_clean/dify_import/unity_docs_chunk_4fbdc84b7c6cef56.md,524,2026-05-27T13:13:28.322221+00:00
chunk_dfc8dda072b5aee0,unity_2637c6b12567f0ad,unity_docs,official_documentation,ScriptReference,,PhotoCapture .GetUnsafePointerToVideoDeviceController,https://docs.unity3d.com/6000.4/Documentation/ScriptReference/Windows.WebCam.PhotoCapture.GetUnsafePointerToVideoDeviceController.html,unity_docs_incremental_260527_002,1,E:/系统/桌面/工作区/本学期/大三下/IT项目管理/大作业/Data/KnowledgeBase/processed_clean/dify_import/unity_docs_chunk_dfc8dda072b5aee0.md,1124,2026-05-27T13:13:28.323812+00:00
chunk_d2787a92bdb1b23d,unity_f35246826af74867,unity_docs,official_documentation,ScriptReference,,PhotoCapture .StartPhotoModeAsync,https://docs.unity3d.com/6000.4/Documentation/ScriptReference/Windows.WebCam.PhotoCapture.StartPhotoModeAsync.html,unity_docs_incremental_260527_002,1,E:/系统/桌面/工作区/本学期/大三下/IT项目管理/大作业/Data/KnowledgeBase/processed_clean/dify_import/unity_docs_chunk_d2787a92bdb1b23d.md,1036,2026-05-27T13:13:28.325279+00:00
chunk_ef7ceaf1445f0d5d,unity_d37cf3a14058b315,unity_docs,official_documentation,ScriptReference,,PhotoCapture .StopPhotoModeAsync,https://docs.unity3d.com/6000.4/Documentation/ScriptReference/Windows.WebCam.PhotoCapture.StopPhotoModeAsync.html,unity_docs_incremental_260527_002,1,E:/系统/桌面/工作区/本学期/大三下/IT项目管理/大作业/Data/KnowledgeBase/processed_clean/dify_import/unity_docs_chunk_ef7ceaf1445f0d5d.md,530,2026-05-27T13:13:28.326613+00:00
chunk_a2f06b7b40d070a0,unity_f76a8ab8a88594e8,unity_docs,official_documentation,ScriptReference,,PhotoCapture .TakePhotoAsync,https://docs.unity3d.com/6000.4/Documentation/ScriptReference/Windows.WebCam.PhotoCapture.TakePhotoAsync.html,unity_docs_incremental_260527_002,1,E:/系统/桌面/工作区/本学期/大三下/IT项目管理/大作业/Data/KnowledgeBase/processed_clean/dify_import/unity_docs_chunk_a2f06b7b40d070a0.md,1742,2026-05-27T13:13:28.328623+00:00
chunk_f33c14e7ad6ce61e,unity_f76a8ab8a88594e8,unity_docs,official_documentation,ScriptReference,,PhotoCapture .TakePhotoAsync,https://docs.unity3d.com/6000.4/Documentation/ScriptReference/Windows.WebCam.PhotoCapture.TakePhotoAsync.html,unity_docs_incremental_260527_002,2,E:/系统/桌面/工作区/本学期/大三下/IT项目管理/大作业/Data/KnowledgeBase/processed_clean/dify_import/unity_docs_chunk_f33c14e7ad6ce61e.md,1756,2026-05-27T13:13:28.329355+00:00
chunk_133da650512c6daa,unity_f76a8ab8a88594e8,unity_docs,official_documentation,ScriptReference,,PhotoCapture .TakePhotoAsync,https://docs.unity3d.com/6000.4/Documentation/ScriptReference/Windows.WebCam.PhotoCapture.TakePhotoAsync.html,unity_docs_incremental_260527_002,3,E:/系统/桌面/工作区/本学期/大三下/IT项目管理/大作业/Data/KnowledgeBase/processed_clean/dify_import/unity_docs_chunk_133da650512c6daa.md,367,2026-05-27T13:13:28.330367+00:00
chunk_cc5701e691590fad,unity_63cc0e2c058c7cee,unity_docs,official_documentation,ScriptReference,,PhotoCapture .OnCapturedToDiskCallback,https://docs.unity3d.com/6000.4/Documentation/ScriptReference/Windows.WebCam.PhotoCapture.OnCapturedToDiskCallback.html,unity_docs_incremental_260527_002,1,E:/系统/桌面/工作区/本学期/大三下/IT项目管理/大作业/Data/KnowledgeBase/processed_clean/dify_import/unity_docs_chunk_cc5701e691590fad.md,547,2026-05-27T13:13:28.331574+00:00
chunk_925dfa3b6aedff97,unity_aafa7bfc9ae1ac8d,unity_docs,official_documentation,ScriptReference,,PhotoCapture .OnCapturedToMemoryCallback,https://docs.unity3d.com/6000.4/Documentation/ScriptReference/Windows.WebCam.PhotoCapture.OnCapturedToMemoryCallback.html,unity_docs_incremental_260527_002,1,E:/系统/桌面/工作区/本学期/大三下/IT项目管理/大作业/Data/KnowledgeBase/processed_clean/dify_import/unity_docs_chunk_925dfa3b6aedff97.md,722,2026-05-27T13:13:28.332742+00:00
chunk_0a500ece53415b8a,unity_caa4c0ea08a1f96e,unity_docs,official_documentation,ScriptReference,,PhotoCapture .OnCaptureResourceCreatedCallback,https://docs.unity3d.com/6000.4/Documentation/ScriptReference/Windows.WebCam.PhotoCapture.OnCaptureResourceCreatedCallback.html,unity_docs_incremental_260527_002,1,E:/系统/桌面/工作区/本学期/大三下/IT项目管理/大作业/Data/KnowledgeBase/processed_clean/dify_import/unity_docs_chunk_0a500ece53415b8a.md,535,2026-05-27T13:13:28.333900+00:00
chunk_678eaa77642586a0,unity_a51da007c864c341,unity_docs,official_documentation,ScriptReference,,PhotoCapture .OnPhotoModeStartedCallback,https://docs.unity3d.com/6000.4/Documentation/ScriptReference/Windows.WebCam.PhotoCapture.OnPhotoModeStartedCallback.html,unity_docs_incremental_260527_002,1,E:/系统/桌面/工作区/本学期/大三下/IT项目管理/大作业/Data/KnowledgeBase/processed_clean/dify_import/unity_docs_chunk_678eaa77642586a0.md,527,2026-05-27T13:13:28.335659+00:00
chunk_3097e11a3308ea02,unity_23be7764d16ca0ed,unity_docs,official_documentation,ScriptReference,,PhotoCapture .OnPhotoModeStoppedCallback,https://docs.unity3d.com/6000.4/Documentation/ScriptReference/Windows.WebCam.PhotoCapture.OnPhotoModeStoppedCallback.html,unity_docs_incremental_260527_002,1,E:/系统/桌面/工作区/本学期/大三下/IT项目管理/大作业/Data/KnowledgeBase/processed_clean/dify_import/unity_docs_chunk_3097e11a3308ea02.md,529,2026-05-27T13:13:28.337094+00:00
chunk_59ce82f48d1ab469,unity_5dc227be5c5f9b8a,unity_docs,official_documentation,Manual,,Prebuilt shaders in the Built-In Render Pipeline,https://docs.unity3d.com/6000.4/Documentation/Manual/shader-built-in-birp.html,unity_docs_incremental_260527_002,1,E:/系统/桌面/工作区/本学期/大三下/IT项目管理/大作业/Data/KnowledgeBase/processed_clean/dify_import/unity_docs_chunk_59ce82f48d1ab469.md,1757,2026-05-27T13:13:28.338661+00:00
chunk_d0b6e80dc8420224,unity_6f79ebc01a310da5,unity_docs,official_documentation,Manual,,Standard Shader in the Built-In Render Pipeline,https://docs.unity3d.com/6000.4/Documentation/Manual/shader-StandardShader-landing.html,unity_docs_incremental_260527_002,1,E:/系统/桌面/工作区/本学期/大三下/IT项目管理/大作业/Data/KnowledgeBase/processed_clean/dify_import/unity_docs_chunk_d0b6e80dc8420224.md,1435,2026-05-27T13:13:28.340080+00:00
chunk_dc235a78e7d66692,unity_965d603b76ddd702,unity_docs,official_documentation,Manual,,Configuring material properties in the Standard Shader in the Built-In Render Pipeline,https://docs.unity3d.com/6000.4/Documentation/Manual/StandardShaderChangeProperties.html,unity_docs_incremental_260527_002,1,E:/系统/桌面/工作区/本学期/大三下/IT项目管理/大作业/Data/KnowledgeBase/processed_clean/dify_import/unity_docs_chunk_dc235a78e7d66692.md,1187,2026-05-27T13:13:28.341788+00:00
chunk_409ee80a83029dfe,unity_dc1e8be1f99ce3bf,unity_docs,official_documentation,Manual,,Constant Force 2D reference,https://docs.unity3d.com/6000.4/Documentation/Manual/2d-physics/constant-force-2d-reference.html,unity_docs_incremental_260527_002,1,E:/系统/桌面/工作区/本学期/大三下/IT项目管理/大作业/Data/KnowledgeBase/processed_clean/dify_import/unity_docs_chunk_409ee80a83029dfe.md,1376,2026-05-27T13:13:28.343354+00:00
chunk_86b9debdf79336bc,unity_e8b431e631d11f27,unity_docs,official_documentation,Manual,,ScriptPlayable and PlayableBehaviour,https://docs.unity3d.com/6000.4/Documentation/Manual/Playables-ScriptPlayable.html,unity_docs_incremental_260527_002,1,E:/系统/桌面/工作区/本学期/大三下/IT项目管理/大作业/Data/KnowledgeBase/processed_clean/dify_import/unity_docs_chunk_86b9debdf79336bc.md,1793,2026-05-27T13:13:28.345082+00:00
chunk_1189919e4577a5bb,unity_16a2562c9778c6dc,unity_docs,official_documentation,Manual,,Playable Director component,https://docs.unity3d.com/6000.4/Documentation/Manual/class-PlayableDirector.html,unity_docs_incremental_260527_002,1,E:/系统/桌面/工作区/本学期/大三下/IT项目管理/大作业/Data/KnowledgeBase/processed_clean/dify_import/unity_docs_chunk_1189919e4577a5bb.md,1592,2026-05-27T13:13:28.346636+00:00
chunk_781c15055113fbd5,unity_d53c0e7e7a540ee6,unity_docs,official_documentation,Manual,,Playables API examples,https://docs.unity3d.com/6000.4/Documentation/Manual/Playables-Examples.html,unity_docs_incremental_260527_002,1,E:/系统/桌面/工作区/本学期/大三下/IT项目管理/大作业/Data/KnowledgeBase/processed_clean/dify_import/unity_docs_chunk_781c15055113fbd5.md,1799,2026-05-27T13:13:28.348577+00:00
chunk_7dbeab13323fd8c7,unity_d53c0e7e7a540ee6,unity_docs,official_documentation,Manual,,Playables API examples,https://docs.unity3d.com/6000.4/Documentation/Manual/Playables-Examples.html,unity_docs_incremental_260527_002,2,E:/系统/桌面/工作区/本学期/大三下/IT项目管理/大作业/Data/KnowledgeBase/processed_clean/dify_import/unity_docs_chunk_7dbeab13323fd8c7.md,961,2026-05-27T13:13:28.349726+00:00
chunk_d752f9596dd72fa3,unity_27be3bef5eaed1c9,unity_docs,official_documentation,ScriptReference,,Playable,https://docs.unity3d.com/6000.4/Documentation/ScriptReference/Playables.Playable.html,unity_docs_incremental_260527_002,1,E:/系统/桌面/工作区/本学期/大三下/IT项目管理/大作业/Data/KnowledgeBase/processed_clean/dify_import/unity_docs_chunk_d752f9596dd72fa3.md,1663,2026-05-27T13:13:28.351624+00:00
chunk_c5d6429beaf6cfce,unity_27be3bef5eaed1c9,unity_docs,official_documentation,ScriptReference,,Playable,https://docs.unity3d.com/6000.4/Documentation/ScriptReference/Playables.Playable.html,unity_docs_incremental_260527_002,2,E:/系统/桌面/工作区/本学期/大三下/IT项目管理/大作业/Data/KnowledgeBase/processed_clean/dify_import/unity_docs_chunk_c5d6429beaf6cfce.md,1325,2026-05-27T13:13:28.352451+00:00
chunk_84ca2c4a9f765d6e,unity_b0f2fac7ea736079,unity_docs,official_documentation,ScriptReference,,PlayableGraph,https://docs.unity3d.com/6000.4/Documentation/ScriptReference/Playables.PlayableGraph.html,unity_docs_incremental_260527_002,1,E:/系统/桌面/工作区/本学期/大三下/IT项目管理/大作业/Data/KnowledgeBase/processed_clean/dify_import/unity_docs_chunk_84ca2c4a9f765d6e.md,1770,2026-05-27T13:13:28.354388+00:00
chunk_3c7c5d684635e093,unity_b0f2fac7ea736079,unity_docs,official_documentation,ScriptReference,,PlayableGraph,https://docs.unity3d.com/6000.4/Documentation/ScriptReference/Playables.PlayableGraph.html,unity_docs_incremental_260527_002,2,E:/系统/桌面/工作区/本学期/大三下/IT项目管理/大作业/Data/KnowledgeBase/processed_clean/dify_import/unity_docs_chunk_3c7c5d684635e093.md,523,2026-05-27T13:13:28.355295+00:00
chunk_b2de3316a1a9f7bb,unity_d2580dfe1ced262d,unity_docs,official_documentation,ScriptReference,,PlayableExtensions,https://docs.unity3d.com/6000.4/Documentation/ScriptReference/Playables.PlayableExtensions.html,unity_docs_incremental_260527_002,1,E:/系统/桌面/工作区/本学期/大三下/IT项目管理/大作业/Data/KnowledgeBase/processed_clean/dify_import/unity_docs_chunk_b2de3316a1a9f7bb.md,1772,2026-05-27T13:13:28.357429+00:00
chunk_547e8320bd0f5111,unity_d2580dfe1ced262d,unity_docs,official_documentation,ScriptReference,,PlayableExtensions,https://docs.unity3d.com/6000.4/Documentation/ScriptReference/Playables.PlayableExtensions.html,unity_docs_incremental_260527_002,2,E:/系统/桌面/工作区/本学期/大三下/IT项目管理/大作业/Data/KnowledgeBase/processed_clean/dify_import/unity_docs_chunk_547e8320bd0f5111.md,1641,2026-05-27T13:13:28.358435+00:00
chunk_2728ff70d42d7dec,unity_e16e2d0a534dba61,unity_docs,official_documentation,ScriptReference,,PlayableOutputExtensions,https://docs.unity3d.com/6000.4/Documentation/ScriptReference/Playables.PlayableOutputExtensions.html,unity_docs_incremental_260527_002,1,E:/系统/桌面/工作区/本学期/大三下/IT项目管理/大作业/Data/KnowledgeBase/processed_clean/dify_import/unity_docs_chunk_2728ff70d42d7dec.md,1777,2026-05-27T13:13:28.359925+00:00
chunk_301935d785d6d52c,unity_e16e2d0a534dba61,unity_docs,official_documentation,ScriptReference,,PlayableOutputExtensions,https://docs.unity3d.com/6000.4/Documentation/ScriptReference/Playables.PlayableOutputExtensions.html,unity_docs_incremental_260527_002,2,E:/系统/桌面/工作区/本学期/大三下/IT项目管理/大作业/Data/KnowledgeBase/processed_clean/dify_import/unity_docs_chunk_301935d785d6d52c.md,489,2026-05-27T13:13:28.360584+00:00
chunk_47176202cd01aa49,unity_f34d6f6104401cac,unity_docs,official_documentation,ScriptReference,,Application .consoleLogPath,https://docs.unity3d.com/6000.4/Documentation/ScriptReference/Application-consoleLogPath.html,unity_docs_incremental_260527_002,1,E:/系统/桌面/工作区/本学期/大三下/IT项目管理/大作业/Data/KnowledgeBase/processed_clean/dify_import/unity_docs_chunk_47176202cd01aa49.md,479,2026-05-27T13:13:28.361966+00:00
chunk_7ac257fde5ba2c39,unity_bc9b67354898dffe,unity_docs,official_documentation,ScriptReference,,CrashReporting .crashReportFolder,https://docs.unity3d.com/6000.4/Documentation/ScriptReference/Windows.CrashReporting-crashReportFolder.html,unity_docs_incremental_260527_002,1,E:/系统/桌面/工作区/本学期/大三下/IT项目管理/大作业/Data/KnowledgeBase/processed_clean/dify_import/unity_docs_chunk_7ac257fde5ba2c39.md,1469,2026-05-27T13:13:28.363395+00:00
chunk_159e9f864adb532c,unity_1d7f4f83b7e33d74,unity_docs,official_documentation,ScriptReference,,PlayerSettings,https://docs.unity3d.com/6000.4/Documentation/ScriptReference/PlayerSettings.html,unity_docs_incremental_260527_002,1,E:/系统/桌面/工作区/本学期/大三下/IT项目管理/大作业/Data/KnowledgeBase/processed_clean/dify_import/unity_docs_chunk_159e9f864adb532c.md,1673,2026-05-27T13:13:28.365801+00:00
chunk_1607194b75e9ec68,unity_1d7f4f83b7e33d74,unity_docs,official_documentation,ScriptReference,,PlayerSettings,https://docs.unity3d.com/6000.4/Documentation/ScriptReference/PlayerSettings.html,unity_docs_incremental_260527_002,2,E:/系统/桌面/工作区/本学期/大三下/IT项目管理/大作业/Data/KnowledgeBase/processed_clean/dify_import/unity_docs_chunk_1607194b75e9ec68.md,1752,2026-05-27T13:13:28.366883+00:00
chunk_a3b2a19b65b55c34,unity_1d7f4f83b7e33d74,unity_docs,official_documentation,ScriptReference,,PlayerSettings,https://docs.unity3d.com/6000.4/Documentation/ScriptReference/PlayerSettings.html,unity_docs_incremental_260527_002,3,E:/系统/桌面/工作区/本学期/大三下/IT项目管理/大作业/Data/KnowledgeBase/processed_clean/dify_import/unity_docs_chunk_a3b2a19b65b55c34.md,1777,2026-05-27T13:13:28.367542+00:00
chunk_ddc7ba03f9137237,unity_1d7f4f83b7e33d74,unity_docs,official_documentation,ScriptReference,,PlayerSettings,https://docs.unity3d.com/6000.4/Documentation/ScriptReference/PlayerSettings.html,unity_docs_incremental_260527_002,4,E:/系统/桌面/工作区/本学期/大三下/IT项目管理/大作业/Data/KnowledgeBase/processed_clean/dify_import/unity_docs_chunk_ddc7ba03f9137237.md,1784,2026-05-27T13:13:28.368332+00:00
chunk_68d49a63393071cc,unity_1d7f4f83b7e33d74,unity_docs,official_documentation,ScriptReference,,PlayerSettings,https://docs.unity3d.com/6000.4/Documentation/ScriptReference/PlayerSettings.html,unity_docs_incremental_260527_002,5,E:/系统/桌面/工作区/本学期/大三下/IT项目管理/大作业/Data/KnowledgeBase/processed_clean/dify_import/unity_docs_chunk_68d49a63393071cc.md,1739,2026-05-27T13:13:28.369345+00:00
chunk_dae6210ec441b54b,unity_1d7f4f83b7e33d74,unity_docs,official_documentation,ScriptReference,,PlayerSettings,https://docs.unity3d.com/6000.4/Documentation/ScriptReference/PlayerSettings.html,unity_docs_incremental_260527_002,6,E:/系统/桌面/工作区/本学期/大三下/IT项目管理/大作业/Data/KnowledgeBase/processed_clean/dify_import/unity_docs_chunk_dae6210ec441b54b.md,1777,2026-05-27T13:13:28.370187+00:00
chunk_a02700e63bd21346,unity_1d7f4f83b7e33d74,unity_docs,official_documentation,ScriptReference,,PlayerSettings,https://docs.unity3d.com/6000.4/Documentation/ScriptReference/PlayerSettings.html,unity_docs_incremental_260527_002,7,E:/系统/桌面/工作区/本学期/大三下/IT项目管理/大作业/Data/KnowledgeBase/processed_clean/dify_import/unity_docs_chunk_a02700e63bd21346.md,1745,2026-05-27T13:13:28.370915+00:00
chunk_ba5a9f1142fe281b,unity_1d7f4f83b7e33d74,unity_docs,official_documentation,ScriptReference,,PlayerSettings,https://docs.unity3d.com/6000.4/Documentation/ScriptReference/PlayerSettings.html,unity_docs_incremental_260527_002,8,E:/系统/桌面/工作区/本学期/大三下/IT项目管理/大作业/Data/KnowledgeBase/processed_clean/dify_import/unity_docs_chunk_ba5a9f1142fe281b.md,1718,2026-05-27T13:13:28.371535+00:00
chunk_43a85e77f280a61a,unity_1d7f4f83b7e33d74,unity_docs,official_documentation,ScriptReference,,PlayerSettings,https://docs.unity3d.com/6000.4/Documentation/ScriptReference/PlayerSettings.html,unity_docs_incremental_260527_002,9,E:/系统/桌面/工作区/本学期/大三下/IT项目管理/大作业/Data/KnowledgeBase/processed_clean/dify_import/unity_docs_chunk_43a85e77f280a61a.md,344,2026-05-27T13:13:28.372508+00:00
chunk_e0094a3810fb1153,unity_f5f38f6b90fff97b,unity_docs,official_documentation,Manual,,Dedicated Server Player settings,https://docs.unity3d.com/6000.4/Documentation/Manual/dedicated-server-player-settings.html,unity_docs_incremental_260527_002,1,E:/系统/桌面/工作区/本学期/大三下/IT项目管理/大作业/Data/KnowledgeBase/processed_clean/dify_import/unity_docs_chunk_e0094a3810fb1153.md,1715,2026-05-27T13:13:28.375183+00:00
chunk_fed37be3822aaeb8,unity_f5f38f6b90fff97b,unity_docs,official_documentation,Manual,,Dedicated Server Player settings,https://docs.unity3d.com/6000.4/Documentation/Manual/dedicated-server-player-settings.html,unity_docs_incremental_260527_002,2,E:/系统/桌面/工作区/本学期/大三下/IT项目管理/大作业/Data/KnowledgeBase/processed_clean/dify_import/unity_docs_chunk_fed37be3822aaeb8.md,1793,2026-05-27T13:13:28.376070+00:00
chunk_ca2e77f9a642a2fd,unity_f5f38f6b90fff97b,unity_docs,official_documentation,Manual,,Dedicated Server Player settings,https://docs.unity3d.com/6000.4/Documentation/Manual/dedicated-server-player-settings.html,unity_docs_incremental_260527_002,3,E:/系统/桌面/工作区/本学期/大三下/IT项目管理/大作业/Data/KnowledgeBase/processed_clean/dify_import/unity_docs_chunk_ca2e77f9a642a2fd.md,1800,2026-05-27T13:13:28.376898+00:00
chunk_67b644cc2bee15ec,unity_f5f38f6b90fff97b,unity_docs,official_documentation,Manual,,Dedicated Server Player settings,https://docs.unity3d.com/6000.4/Documentation/Manual/dedicated-server-player-settings.html,unity_docs_incremental_260527_002,4,E:/系统/桌面/工作区/本学期/大三下/IT项目管理/大作业/Data/KnowledgeBase/processed_clean/dify_import/unity_docs_chunk_67b644cc2bee15ec.md,1794,2026-05-27T13:13:28.377781+00:00
chunk_d14ca4ce5278b90a,unity_f5f38f6b90fff97b,unity_docs,official_documentation,Manual,,Dedicated Server Player settings,https://docs.unity3d.com/6000.4/Documentation/Manual/dedicated-server-player-settings.html,unity_docs_incremental_260527_002,5,E:/系统/桌面/工作区/本学期/大三下/IT项目管理/大作业/Data/KnowledgeBase/processed_clean/dify_import/unity_docs_chunk_d14ca4ce5278b90a.md,1671,2026-05-27T13:13:28.378495+00:00
chunk_ea1a09ee69d6705b,unity_f5f38f6b90fff97b,unity_docs,official_documentation,Manual,,Dedicated Server Player settings,https://docs.unity3d.com/6000.4/Documentation/Manual/dedicated-server-player-settings.html,unity_docs_incremental_260527_002,6,E:/系统/桌面/工作区/本学期/大三下/IT项目管理/大作业/Data/KnowledgeBase/processed_clean/dify_import/unity_docs_chunk_ea1a09ee69d6705b.md,1788,2026-05-27T13:13:28.379229+00:00
chunk_9b64b884f530d063,unity_f5f38f6b90fff97b,unity_docs,official_documentation,Manual,,Dedicated Server Player settings,https://docs.unity3d.com/6000.4/Documentation/Manual/dedicated-server-player-settings.html,unity_docs_incremental_260527_002,7,E:/系统/桌面/工作区/本学期/大三下/IT项目管理/大作业/Data/KnowledgeBase/processed_clean/dify_import/unity_docs_chunk_9b64b884f530d063.md,1793,2026-05-27T13:13:28.379945+00:00
chunk_1793525a917fda8b,unity_f5f38f6b90fff97b,unity_docs,official_documentation,Manual,,Dedicated Server Player settings,https://docs.unity3d.com/6000.4/Documentation/Manual/dedicated-server-player-settings.html,unity_docs_incremental_260527_002,8,E:/系统/桌面/工作区/本学期/大三下/IT项目管理/大作业/Data/KnowledgeBase/processed_clean/dify_import/unity_docs_chunk_1793525a917fda8b.md,1790,2026-05-27T13:13:28.380691+00:00
chunk_aea4b8f188d1c7a3,unity_fdaac66b7dbcf3c7,unity_docs,official_documentation,Manual,,Embedded Linux Player settings,https://docs.unity3d.com/6000.4/Documentation/Manual/embedded-linux-player-settings.html,unity_docs_incremental_260527_002,1,E:/系统/桌面/工作区/本学期/大三下/IT项目管理/大作业/Data/KnowledgeBase/processed_clean/dify_import/unity_docs_chunk_aea4b8f188d1c7a3.md,1772,2026-05-27T13:13:28.384214+00:00
chunk_1cf3ae8cb8b623df,unity_fdaac66b7dbcf3c7,unity_docs,official_documentation,Manual,,Embedded Linux Player settings,https://docs.unity3d.com/6000.4/Documentation/Manual/embedded-linux-player-settings.html,unity_docs_incremental_260527_002,2,E:/系统/桌面/工作区/本学期/大三下/IT项目管理/大作业/Data/KnowledgeBase/processed_clean/dify_import/unity_docs_chunk_1cf3ae8cb8b623df.md,1791,2026-05-27T13:13:28.385099+00:00
chunk_d56e6d95294064c0,unity_fdaac66b7dbcf3c7,unity_docs,official_documentation,Manual,,Embedded Linux Player settings,https://docs.unity3d.com/6000.4/Documentation/Manual/embedded-linux-player-settings.html,unity_docs_incremental_260527_002,3,E:/系统/桌面/工作区/本学期/大三下/IT项目管理/大作业/Data/KnowledgeBase/processed_clean/dify_import/unity_docs_chunk_d56e6d95294064c0.md,1788,2026-05-27T13:13:28.385661+00:00
chunk_21ac560e6d4e65ff,unity_fdaac66b7dbcf3c7,unity_docs,official_documentation,Manual,,Embedded Linux Player settings,https://docs.unity3d.com/6000.4/Documentation/Manual/embedded-linux-player-settings.html,unity_docs_incremental_260527_002,4,E:/系统/桌面/工作区/本学期/大三下/IT项目管理/大作业/Data/KnowledgeBase/processed_clean/dify_import/unity_docs_chunk_21ac560e6d4e65ff.md,1791,2026-05-27T13:13:28.386361+00:00
chunk_0280e050e6430fa5,unity_fdaac66b7dbcf3c7,unity_docs,official_documentation,Manual,,Embedded Linux Player settings,https://docs.unity3d.com/6000.4/Documentation/Manual/embedded-linux-player-settings.html,unity_docs_incremental_260527_002,5,E:/系统/桌面/工作区/本学期/大三下/IT项目管理/大作业/Data/KnowledgeBase/processed_clean/dify_import/unity_docs_chunk_0280e050e6430fa5.md,1753,2026-05-27T13:13:28.386920+00:00
chunk_55e8b7d51f81c452,unity_fdaac66b7dbcf3c7,unity_docs,official_documentation,Manual,,Embedded Linux Player settings,https://docs.unity3d.com/6000.4/Documentation/Manual/embedded-linux-player-settings.html,unity_docs_incremental_260527_002,6,E:/系统/桌面/工作区/本学期/大三下/IT项目管理/大作业/Data/KnowledgeBase/processed_clean/dify_import/unity_docs_chunk_55e8b7d51f81c452.md,1687,2026-05-27T13:13:28.387690+00:00
chunk_b213aeae7fb00cca,unity_fdaac66b7dbcf3c7,unity_docs,official_documentation,Manual,,Embedded Linux Player settings,https://docs.unity3d.com/6000.4/Documentation/Manual/embedded-linux-player-settings.html,unity_docs_incremental_260527_002,7,E:/系统/桌面/工作区/本学期/大三下/IT项目管理/大作业/Data/KnowledgeBase/processed_clean/dify_import/unity_docs_chunk_b213aeae7fb00cca.md,1800,2026-05-27T13:13:28.388240+00:00
chunk_3d958fecd3ab0cba,unity_fdaac66b7dbcf3c7,unity_docs,official_documentation,Manual,,Embedded Linux Player settings,https://docs.unity3d.com/6000.4/Documentation/Manual/embedded-linux-player-settings.html,unity_docs_incremental_260527_002,8,E:/系统/桌面/工作区/本学期/大三下/IT项目管理/大作业/Data/KnowledgeBase/processed_clean/dify_import/unity_docs_chunk_3d958fecd3ab0cba.md,1743,2026-05-27T13:13:28.389147+00:00
chunk_b57f2a24ec86b7ef,unity_fdaac66b7dbcf3c7,unity_docs,official_documentation,Manual,,Embedded Linux Player settings,https://docs.unity3d.com/6000.4/Documentation/Manual/embedded-linux-player-settings.html,unity_docs_incremental_260527_002,9,E:/系统/桌面/工作区/本学期/大三下/IT项目管理/大作业/Data/KnowledgeBase/processed_clean/dify_import/unity_docs_chunk_b57f2a24ec86b7ef.md,1767,2026-05-27T13:13:28.389693+00:00
chunk_19947f26e4aeb626,unity_fdaac66b7dbcf3c7,unity_docs,official_documentation,Manual,,Embedded Linux Player settings,https://docs.unity3d.com/6000.4/Documentation/Manual/embedded-linux-player-settings.html,unity_docs_incremental_260527_002,10,E:/系统/桌面/工作区/本学期/大三下/IT项目管理/大作业/Data/KnowledgeBase/processed_clean/dify_import/unity_docs_chunk_19947f26e4aeb626.md,1799,2026-05-27T13:13:28.390376+00:00
chunk_0ab2c4a84156694c,unity_fdaac66b7dbcf3c7,unity_docs,official_documentation,Manual,,Embedded Linux Player settings,https://docs.unity3d.com/6000.4/Documentation/Manual/embedded-linux-player-settings.html,unity_docs_incremental_260527_002,11,E:/系统/桌面/工作区/本学期/大三下/IT项目管理/大作业/Data/KnowledgeBase/processed_clean/dify_import/unity_docs_chunk_0ab2c4a84156694c.md,1592,2026-05-27T13:13:28.391077+00:00
chunk_83be6285c3788546,unity_fdaac66b7dbcf3c7,unity_docs,official_documentation,Manual,,Embedded Linux Player settings,https://docs.unity3d.com/6000.4/Documentation/Manual/embedded-linux-player-settings.html,unity_docs_incremental_260527_002,12,E:/系统/桌面/工作区/本学期/大三下/IT项目管理/大作业/Data/KnowledgeBase/processed_clean/dify_import/unity_docs_chunk_83be6285c3788546.md,1600,2026-05-27T13:13:28.391808+00:00
chunk_847311456af0a89c,unity_001e822bdb86c461,unity_docs,official_documentation,Manual,,Linux Player settings,https://docs.unity3d.com/6000.4/Documentation/Manual/PlayerSettings-linux.html,unity_docs_incremental_260527_002,1,E:/系统/桌面/工作区/本学期/大三下/IT项目管理/大作业/Data/KnowledgeBase/processed_clean/dify_import/unity_docs_chunk_847311456af0a89c.md,1691,2026-05-27T13:13:28.394893+00:00
chunk_fa3fe4fadad9a6fa,unity_001e822bdb86c461,unity_docs,official_documentation,Manual,,Linux Player settings,https://docs.unity3d.com/6000.4/Documentation/Manual/PlayerSettings-linux.html,unity_docs_incremental_260527_002,2,E:/系统/桌面/工作区/本学期/大三下/IT项目管理/大作业/Data/KnowledgeBase/processed_clean/dify_import/unity_docs_chunk_fa3fe4fadad9a6fa.md,1723,2026-05-27T13:13:28.395691+00:00
chunk_168ff527864990f1,unity_001e822bdb86c461,unity_docs,official_documentation,Manual,,Linux Player settings,https://docs.unity3d.com/6000.4/Documentation/Manual/PlayerSettings-linux.html,unity_docs_incremental_260527_002,3,E:/系统/桌面/工作区/本学期/大三下/IT项目管理/大作业/Data/KnowledgeBase/processed_clean/dify_import/unity_docs_chunk_168ff527864990f1.md,1718,2026-05-27T13:13:28.396498+00:00
chunk_217af48519ed984c,unity_001e822bdb86c461,unity_docs,official_documentation,Manual,,Linux Player settings,https://docs.unity3d.com/6000.4/Documentation/Manual/PlayerSettings-linux.html,unity_docs_incremental_260527_002,4,E:/系统/桌面/工作区/本学期/大三下/IT项目管理/大作业/Data/KnowledgeBase/processed_clean/dify_import/unity_docs_chunk_217af48519ed984c.md,1797,2026-05-27T13:13:28.397368+00:00
chunk_8bc5f581312001b4,unity_001e822bdb86c461,unity_docs,official_documentation,Manual,,Linux Player settings,https://docs.unity3d.com/6000.4/Documentation/Manual/PlayerSettings-linux.html,unity_docs_incremental_260527_002,5,E:/系统/桌面/工作区/本学期/大三下/IT项目管理/大作业/Data/KnowledgeBase/processed_clean/dify_import/unity_docs_chunk_8bc5f581312001b4.md,1649,2026-05-27T13:13:28.398031+00:00
chunk_87dfd257822937de,unity_001e822bdb86c461,unity_docs,official_documentation,Manual,,Linux Player settings,https://docs.unity3d.com/6000.4/Documentation/Manual/PlayerSettings-linux.html,unity_docs_incremental_260527_002,6,E:/系统/桌面/工作区/本学期/大三下/IT项目管理/大作业/Data/KnowledgeBase/processed_clean/dify_import/unity_docs_chunk_87dfd257822937de.md,1795,2026-05-27T13:13:28.398616+00:00
chunk_f79136175f9c7c7a,unity_001e822bdb86c461,unity_docs,official_documentation,Manual,,Linux Player settings,https://docs.unity3d.com/6000.4/Documentation/Manual/PlayerSettings-linux.html,unity_docs_incremental_260527_002,7,E:/系统/桌面/工作区/本学期/大三下/IT项目管理/大作业/Data/KnowledgeBase/processed_clean/dify_import/unity_docs_chunk_f79136175f9c7c7a.md,1773,2026-05-27T13:13:28.399382+00:00
chunk_e8fd1f88c797082e,unity_001e822bdb86c461,unity_docs,official_documentation,Manual,,Linux Player settings,https://docs.unity3d.com/6000.4/Documentation/Manual/PlayerSettings-linux.html,unity_docs_incremental_260527_002,8,E:/系统/桌面/工作区/本学期/大三下/IT项目管理/大作业/Data/KnowledgeBase/processed_clean/dify_import/unity_docs_chunk_e8fd1f88c797082e.md,1693,2026-05-27T13:13:28.400246+00:00
chunk_2c24c9f1ddf6d9ee,unity_001e822bdb86c461,unity_docs,official_documentation,Manual,,Linux Player settings,https://docs.unity3d.com/6000.4/Documentation/Manual/PlayerSettings-linux.html,unity_docs_incremental_260527_002,9,E:/系统/桌面/工作区/本学期/大三下/IT项目管理/大作业/Data/KnowledgeBase/processed_clean/dify_import/unity_docs_chunk_2c24c9f1ddf6d9ee.md,1410,2026-05-27T13:13:28.400890+00:00
chunk_80df03801d2bea01,unity_001e822bdb86c461,unity_docs,official_documentation,Manual,,Linux Player settings,https://docs.unity3d.com/6000.4/Documentation/Manual/PlayerSettings-linux.html,unity_docs_incremental_260527_002,10,E:/系统/桌面/工作区/本学期/大三下/IT项目管理/大作业/Data/KnowledgeBase/processed_clean/dify_import/unity_docs_chunk_80df03801d2bea01.md,1784,2026-05-27T13:13:28.401702+00:00
chunk_cd58d3d80c6f60e2,unity_001e822bdb86c461,unity_docs,official_documentation,Manual,,Linux Player settings,https://docs.unity3d.com/6000.4/Documentation/Manual/PlayerSettings-linux.html,unity_docs_incremental_260527_002,11,E:/系统/桌面/工作区/本学期/大三下/IT项目管理/大作业/Data/KnowledgeBase/processed_clean/dify_import/unity_docs_chunk_cd58d3d80c6f60e2.md,1794,2026-05-27T13:13:28.402226+00:00
chunk_f3b9a342164cd50e,unity_001e822bdb86c461,unity_docs,official_documentation,Manual,,Linux Player settings,https://docs.unity3d.com/6000.4/Documentation/Manual/PlayerSettings-linux.html,unity_docs_incremental_260527_002,12,E:/系统/桌面/工作区/本学期/大三下/IT项目管理/大作业/Data/KnowledgeBase/processed_clean/dify_import/unity_docs_chunk_f3b9a342164cd50e.md,1738,2026-05-27T13:13:28.402945+00:00
chunk_6cafc71ee5b0674c,unity_001e822bdb86c461,unity_docs,official_documentation,Manual,,Linux Player settings,https://docs.unity3d.com/6000.4/Documentation/Manual/PlayerSettings-linux.html,unity_docs_incremental_260527_002,13,E:/系统/桌面/工作区/本学期/大三下/IT项目管理/大作业/Data/KnowledgeBase/processed_clean/dify_import/unity_docs_chunk_6cafc71ee5b0674c.md,1740,2026-05-27T13:13:28.403457+00:00
chunk_ea5e4626bdc2895c,unity_001e822bdb86c461,unity_docs,official_documentation,Manual,,Linux Player settings,https://docs.unity3d.com/6000.4/Documentation/Manual/PlayerSettings-linux.html,unity_docs_incremental_260527_002,14,E:/系统/桌面/工作区/本学期/大三下/IT项目管理/大作业/Data/KnowledgeBase/processed_clean/dify_import/unity_docs_chunk_ea5e4626bdc2895c.md,1702,2026-05-27T13:13:28.404356+00:00
chunk_c6abd6f15c480981,unity_001e822bdb86c461,unity_docs,official_documentation,Manual,,Linux Player settings,https://docs.unity3d.com/6000.4/Documentation/Manual/PlayerSettings-linux.html,unity_docs_incremental_260527_002,15,E:/系统/桌面/工作区/本学期/大三下/IT项目管理/大作业/Data/KnowledgeBase/processed_clean/dify_import/unity_docs_chunk_c6abd6f15c480981.md,1318,2026-05-27T13:13:28.404959+00:00
chunk_34511e6b492c9ab8,unity_274e70400226d2e6,unity_docs,official_documentation,Manual,,macOS Player settings reference,https://docs.unity3d.com/6000.4/Documentation/Manual/PlayerSettings-macOS.html,unity_docs_incremental_260527_002,1,E:/系统/桌面/工作区/本学期/大三下/IT项目管理/大作业/Data/KnowledgeBase/processed_clean/dify_import/unity_docs_chunk_34511e6b492c9ab8.md,1365,2026-05-27T13:13:28.408413+00:00
chunk_aa7c34b806c36876,unity_274e70400226d2e6,unity_docs,official_documentation,Manual,,macOS Player settings reference,https://docs.unity3d.com/6000.4/Documentation/Manual/PlayerSettings-macOS.html,unity_docs_incremental_260527_002,2,E:/系统/桌面/工作区/本学期/大三下/IT项目管理/大作业/Data/KnowledgeBase/processed_clean/dify_import/unity_docs_chunk_aa7c34b806c36876.md,1791,2026-05-27T13:13:28.409033+00:00
chunk_18bb00425c349079,unity_274e70400226d2e6,unity_docs,official_documentation,Manual,,macOS Player settings reference,https://docs.unity3d.com/6000.4/Documentation/Manual/PlayerSettings-macOS.html,unity_docs_incremental_260527_002,3,E:/系统/桌面/工作区/本学期/大三下/IT项目管理/大作业/Data/KnowledgeBase/processed_clean/dify_import/unity_docs_chunk_18bb00425c349079.md,1784,2026-05-27T13:13:28.409807+00:00
chunk_bcd131e4e563611c,unity_274e70400226d2e6,unity_docs,official_documentation,Manual,,macOS Player settings reference,https://docs.unity3d.com/6000.4/Documentation/Manual/PlayerSettings-macOS.html,unity_docs_incremental_260527_002,4,E:/系统/桌面/工作区/本学期/大三下/IT项目管理/大作业/Data/KnowledgeBase/processed_clean/dify_import/unity_docs_chunk_bcd131e4e563611c.md,1754,2026-05-27T13:13:28.410334+00:00
chunk_6de67af5ce30944d,unity_274e70400226d2e6,unity_docs,official_documentation,Manual,,macOS Player settings reference,https://docs.unity3d.com/6000.4/Documentation/Manual/PlayerSettings-macOS.html,unity_docs_incremental_260527_002,5,E:/系统/桌面/工作区/本学期/大三下/IT项目管理/大作业/Data/KnowledgeBase/processed_clean/dify_import/unity_docs_chunk_6de67af5ce30944d.md,1741,2026-05-27T13:13:28.411188+00:00
chunk_24eca7a4d68aec22,unity_274e70400226d2e6,unity_docs,official_documentation,Manual,,macOS Player settings reference,https://docs.unity3d.com/6000.4/Documentation/Manual/PlayerSettings-macOS.html,unity_docs_incremental_260527_002,6,E:/系统/桌面/工作区/本学期/大三下/IT项目管理/大作业/Data/KnowledgeBase/processed_clean/dify_import/unity_docs_chunk_24eca7a4d68aec22.md,1783,2026-05-27T13:13:28.412008+00:00
chunk_d129f0e14e897516,unity_274e70400226d2e6,unity_docs,official_documentation,Manual,,macOS Player settings reference,https://docs.unity3d.com/6000.4/Documentation/Manual/PlayerSettings-macOS.html,unity_docs_incremental_260527_002,7,E:/系统/桌面/工作区/本学期/大三下/IT项目管理/大作业/Data/KnowledgeBase/processed_clean/dify_import/unity_docs_chunk_d129f0e14e897516.md,1793,2026-05-27T13:13:28.412737+00:00
chunk_51ca9d3b59896d01,unity_274e70400226d2e6,unity_docs,official_documentation,Manual,,macOS Player settings reference,https://docs.unity3d.com/6000.4/Documentation/Manual/PlayerSettings-macOS.html,unity_docs_incremental_260527_002,8,E:/系统/桌面/工作区/本学期/大三下/IT项目管理/大作业/Data/KnowledgeBase/processed_clean/dify_import/unity_docs_chunk_51ca9d3b59896d01.md,1688,2026-05-27T13:13:28.413280+00:00
chunk_d6c9fd4442fede22,unity_274e70400226d2e6,unity_docs,official_documentation,Manual,,macOS Player settings reference,https://docs.unity3d.com/6000.4/Documentation/Manual/PlayerSettings-macOS.html,unity_docs_incremental_260527_002,9,E:/系统/桌面/工作区/本学期/大三下/IT项目管理/大作业/Data/KnowledgeBase/processed_clean/dify_import/unity_docs_chunk_d6c9fd4442fede22.md,1713,2026-05-27T13:13:28.414057+00:00
chunk_09c8f248424f1a63,unity_274e70400226d2e6,unity_docs,official_documentation,Manual,,macOS Player settings reference,https://docs.unity3d.com/6000.4/Documentation/Manual/PlayerSettings-macOS.html,unity_docs_incremental_260527_002,10,E:/系统/桌面/工作区/本学期/大三下/IT项目管理/大作业/Data/KnowledgeBase/processed_clean/dify_import/unity_docs_chunk_09c8f248424f1a63.md,1761,2026-05-27T13:13:28.414637+00:00
chunk_dfb8bd95880b7c77,unity_274e70400226d2e6,unity_docs,official_documentation,Manual,,macOS Player settings reference,https://docs.unity3d.com/6000.4/Documentation/Manual/PlayerSettings-macOS.html,unity_docs_incremental_260527_002,11,E:/系统/桌面/工作区/本学期/大三下/IT项目管理/大作业/Data/KnowledgeBase/processed_clean/dify_import/unity_docs_chunk_dfb8bd95880b7c77.md,1756,2026-05-27T13:13:28.415526+00:00
chunk_deb7905d9fcaa33c,unity_274e70400226d2e6,unity_docs,official_documentation,Manual,,macOS Player settings reference,https://docs.unity3d.com/6000.4/Documentation/Manual/PlayerSettings-macOS.html,unity_docs_incremental_260527_002,12,E:/系统/桌面/工作区/本学期/大三下/IT项目管理/大作业/Data/KnowledgeBase/processed_clean/dify_import/unity_docs_chunk_deb7905d9fcaa33c.md,1661,2026-05-27T13:13:28.416219+00:00
chunk_53bacdecafc2614d,unity_274e70400226d2e6,unity_docs,official_documentation,Manual,,macOS Player settings reference,https://docs.unity3d.com/6000.4/Documentation/Manual/PlayerSettings-macOS.html,unity_docs_incremental_260527_002,13,E:/系统/桌面/工作区/本学期/大三下/IT项目管理/大作业/Data/KnowledgeBase/processed_clean/dify_import/unity_docs_chunk_53bacdecafc2614d.md,1730,2026-05-27T13:13:28.416911+00:00
chunk_df8d70d01631bf86,unity_274e70400226d2e6,unity_docs,official_documentation,Manual,,macOS Player settings reference,https://docs.unity3d.com/6000.4/Documentation/Manual/PlayerSettings-macOS.html,unity_docs_incremental_260527_002,14,E:/系统/桌面/工作区/本学期/大三下/IT项目管理/大作业/Data/KnowledgeBase/processed_clean/dify_import/unity_docs_chunk_df8d70d01631bf86.md,1794,2026-05-27T13:13:28.417448+00:00
chunk_40a05e0811bed770,unity_274e70400226d2e6,unity_docs,official_documentation,Manual,,macOS Player settings reference,https://docs.unity3d.com/6000.4/Documentation/Manual/PlayerSettings-macOS.html,unity_docs_incremental_260527_002,15,E:/系统/桌面/工作区/本学期/大三下/IT项目管理/大作业/Data/KnowledgeBase/processed_clean/dify_import/unity_docs_chunk_40a05e0811bed770.md,1789,2026-05-27T13:13:28.418106+00:00
chunk_67b861380f159ccd,unity_274e70400226d2e6,unity_docs,official_documentation,Manual,,macOS Player settings reference,https://docs.unity3d.com/6000.4/Documentation/Manual/PlayerSettings-macOS.html,unity_docs_incremental_260527_002,16,E:/系统/桌面/工作区/本学期/大三下/IT项目管理/大作业/Data/KnowledgeBase/processed_clean/dify_import/unity_docs_chunk_67b861380f159ccd.md,1747,2026-05-27T13:13:28.418870+00:00
chunk_9c9e8355964a78ff,unity_274e70400226d2e6,unity_docs,official_documentation,Manual,,macOS Player settings reference,https://docs.unity3d.com/6000.4/Documentation/Manual/PlayerSettings-macOS.html,unity_docs_incremental_260527_002,17,E:/系统/桌面/工作区/本学期/大三下/IT项目管理/大作业/Data/KnowledgeBase/processed_clean/dify_import/unity_docs_chunk_9c9e8355964a78ff.md,1797,2026-05-27T13:13:28.419649+00:00
chunk_af9f2825bf220862,unity_274e70400226d2e6,unity_docs,official_documentation,Manual,,macOS Player settings reference,https://docs.unity3d.com/6000.4/Documentation/Manual/PlayerSettings-macOS.html,unity_docs_incremental_260527_002,18,E:/系统/桌面/工作区/本学期/大三下/IT项目管理/大作业/Data/KnowledgeBase/processed_clean/dify_import/unity_docs_chunk_af9f2825bf220862.md,365,2026-05-27T13:13:28.420207+00:00
chunk_c122be6bb778b6d4,unity_8faf4d38e53c60fa,unity_docs,official_documentation,Manual,,QNX Player settings reference,https://docs.unity3d.com/6000.4/Documentation/Manual/qnx-player-settings.html,unity_docs_incremental_260527_002,1,E:/系统/桌面/工作区/本学期/大三下/IT项目管理/大作业/Data/KnowledgeBase/processed_clean/dify_import/unity_docs_chunk_c122be6bb778b6d4.md,1795,2026-05-27T13:13:28.422797+00:00
chunk_809136e35ccc7d55,unity_8faf4d38e53c60fa,unity_docs,official_documentation,Manual,,QNX Player settings reference,https://docs.unity3d.com/6000.4/Documentation/Manual/qnx-player-settings.html,unity_docs_incremental_260527_002,2,E:/系统/桌面/工作区/本学期/大三下/IT项目管理/大作业/Data/KnowledgeBase/processed_clean/dify_import/unity_docs_chunk_809136e35ccc7d55.md,1784,2026-05-27T13:13:28.423526+00:00
chunk_c514002ace1cce75,unity_8faf4d38e53c60fa,unity_docs,official_documentation,Manual,,QNX Player settings reference,https://docs.unity3d.com/6000.4/Documentation/Manual/qnx-player-settings.html,unity_docs_incremental_260527_002,3,E:/系统/桌面/工作区/本学期/大三下/IT项目管理/大作业/Data/KnowledgeBase/processed_clean/dify_import/unity_docs_chunk_c514002ace1cce75.md,1675,2026-05-27T13:13:28.424132+00:00
chunk_7546f94226897d7e,unity_8faf4d38e53c60fa,unity_docs,official_documentation,Manual,,QNX Player settings reference,https://docs.unity3d.com/6000.4/Documentation/Manual/qnx-player-settings.html,unity_docs_incremental_260527_002,4,E:/系统/桌面/工作区/本学期/大三下/IT项目管理/大作业/Data/KnowledgeBase/processed_clean/dify_import/unity_docs_chunk_7546f94226897d7e.md,1796,2026-05-27T13:13:28.424761+00:00
chunk_9eeab4842f75681a,unity_8faf4d38e53c60fa,unity_docs,official_documentation,Manual,,QNX Player settings reference,https://docs.unity3d.com/6000.4/Documentation/Manual/qnx-player-settings.html,unity_docs_incremental_260527_002,5,E:/系统/桌面/工作区/本学期/大三下/IT项目管理/大作业/Data/KnowledgeBase/processed_clean/dify_import/unity_docs_chunk_9eeab4842f75681a.md,1540,2026-05-27T13:13:28.425529+00:00
chunk_c41252dcbf3ffb78,unity_8faf4d38e53c60fa,unity_docs,official_documentation,Manual,,QNX Player settings reference,https://docs.unity3d.com/6000.4/Documentation/Manual/qnx-player-settings.html,unity_docs_incremental_260527_002,6,E:/系统/桌面/工作区/本学期/大三下/IT项目管理/大作业/Data/KnowledgeBase/processed_clean/dify_import/unity_docs_chunk_c41252dcbf3ffb78.md,1794,2026-05-27T13:13:28.426414+00:00
chunk_8fc2ee9437bf3e0b,unity_8faf4d38e53c60fa,unity_docs,official_documentation,Manual,,QNX Player settings reference,https://docs.unity3d.com/6000.4/Documentation/Manual/qnx-player-settings.html,unity_docs_incremental_260527_002,7,E:/系统/桌面/工作区/本学期/大三下/IT项目管理/大作业/Data/KnowledgeBase/processed_clean/dify_import/unity_docs_chunk_8fc2ee9437bf3e0b.md,1741,2026-05-27T13:13:28.427142+00:00
chunk_f82e34edd14fe570,unity_8faf4d38e53c60fa,unity_docs,official_documentation,Manual,,QNX Player settings reference,https://docs.unity3d.com/6000.4/Documentation/Manual/qnx-player-settings.html,unity_docs_incremental_260527_002,8,E:/系统/桌面/工作区/本学期/大三下/IT项目管理/大作业/Data/KnowledgeBase/processed_clean/dify_import/unity_docs_chunk_f82e34edd14fe570.md,1784,2026-05-27T13:13:28.427670+00:00
chunk_3ee6f19bae8dbc20,unity_8faf4d38e53c60fa,unity_docs,official_documentation,Manual,,QNX Player settings reference,https://docs.unity3d.com/6000.4/Documentation/Manual/qnx-player-settings.html,unity_docs_incremental_260527_002,9,E:/系统/桌面/工作区/本学期/大三下/IT项目管理/大作业/Data/KnowledgeBase/processed_clean/dify_import/unity_docs_chunk_3ee6f19bae8dbc20.md,1552,2026-05-27T13:13:28.428226+00:00
chunk_b54527a9054b6895,unity_8faf4d38e53c60fa,unity_docs,official_documentation,Manual,,QNX Player settings reference,https://docs.unity3d.com/6000.4/Documentation/Manual/qnx-player-settings.html,unity_docs_incremental_260527_002,10,E:/系统/桌面/工作区/本学期/大三下/IT项目管理/大作业/Data/KnowledgeBase/processed_clean/dify_import/unity_docs_chunk_b54527a9054b6895.md,1738,2026-05-27T13:13:28.429059+00:00
chunk_88982d777573d7f7,unity_8faf4d38e53c60fa,unity_docs,official_documentation,Manual,,QNX Player settings reference,https://docs.unity3d.com/6000.4/Documentation/Manual/qnx-player-settings.html,unity_docs_incremental_260527_002,11,E:/系统/桌面/工作区/本学期/大三下/IT项目管理/大作业/Data/KnowledgeBase/processed_clean/dify_import/unity_docs_chunk_88982d777573d7f7.md,1065,2026-05-27T13:13:28.429595+00:00
chunk_f866e654393d95a6,unity_bfe2f88cbfddbd4a,unity_docs,official_documentation,Manual,,tvOS Player Settings,https://docs.unity3d.com/6000.4/Documentation/Manual/tvos-player-settings.html,unity_docs_incremental_260527_002,1,E:/系统/桌面/工作区/本学期/大三下/IT项目管理/大作业/Data/KnowledgeBase/processed_clean/dify_import/unity_docs_chunk_f866e654393d95a6.md,1773,2026-05-27T13:13:28.431190+00:00
chunk_b6711f0407ab86ce,unity_fbe1448af26dbd0e,unity_docs,official_documentation,Manual,,UWP Player settings,https://docs.unity3d.com/6000.4/Documentation/Manual/class-PlayerSettingsWSA.html,unity_docs_incremental_260527_002,1,E:/系统/桌面/工作区/本学期/大三下/IT项目管理/大作业/Data/KnowledgeBase/processed_clean/dify_import/unity_docs_chunk_b6711f0407ab86ce.md,1695,2026-05-27T13:13:28.436215+00:00
chunk_77bd85527cb4515d,unity_fbe1448af26dbd0e,unity_docs,official_documentation,Manual,,UWP Player settings,https://docs.unity3d.com/6000.4/Documentation/Manual/class-PlayerSettingsWSA.html,unity_docs_incremental_260527_002,2,E:/系统/桌面/工作区/本学期/大三下/IT项目管理/大作业/Data/KnowledgeBase/processed_clean/dify_import/unity_docs_chunk_77bd85527cb4515d.md,1777,2026-05-27T13:13:28.437067+00:00
chunk_ff446c6ef9bd1a02,unity_fbe1448af26dbd0e,unity_docs,official_documentation,Manual,,UWP Player settings,https://docs.unity3d.com/6000.4/Documentation/Manual/class-PlayerSettingsWSA.html,unity_docs_incremental_260527_002,3,E:/系统/桌面/工作区/本学期/大三下/IT项目管理/大作业/Data/KnowledgeBase/processed_clean/dify_import/unity_docs_chunk_ff446c6ef9bd1a02.md,1776,2026-05-27T13:13:28.437662+00:00
chunk_7222c792bbe2da49,unity_fbe1448af26dbd0e,unity_docs,official_documentation,Manual,,UWP Player settings,https://docs.unity3d.com/6000.4/Documentation/Manual/class-PlayerSettingsWSA.html,unity_docs_incremental_260527_002,4,E:/系统/桌面/工作区/本学期/大三下/IT项目管理/大作业/Data/KnowledgeBase/processed_clean/dify_import/unity_docs_chunk_7222c792bbe2da49.md,1747,2026-05-27T13:13:28.438242+00:00
chunk_a1140ed3c709ed19,unity_fbe1448af26dbd0e,unity_docs,official_documentation,Manual,,UWP Player settings,https://docs.unity3d.com/6000.4/Documentation/Manual/class-PlayerSettingsWSA.html,unity_docs_incremental_260527_002,5,E:/系统/桌面/工作区/本学期/大三下/IT项目管理/大作业/Data/KnowledgeBase/processed_clean/dify_import/unity_docs_chunk_a1140ed3c709ed19.md,1727,2026-05-27T13:13:28.438964+00:00
chunk_3b08a4a5928c4a09,unity_fbe1448af26dbd0e,unity_docs,official_documentation,Manual,,UWP Player settings,https://docs.unity3d.com/6000.4/Documentation/Manual/class-PlayerSettingsWSA.html,unity_docs_incremental_260527_002,6,E:/系统/桌面/工作区/本学期/大三下/IT项目管理/大作业/Data/KnowledgeBase/processed_clean/dify_import/unity_docs_chunk_3b08a4a5928c4a09.md,1785,2026-05-27T13:13:28.440085+00:00
chunk_dc4a2fad014b0fc3,unity_fbe1448af26dbd0e,unity_docs,official_documentation,Manual,,UWP Player settings,https://docs.unity3d.com/6000.4/Documentation/Manual/class-PlayerSettingsWSA.html,unity_docs_incremental_260527_002,7,E:/系统/桌面/工作区/本学期/大三下/IT项目管理/大作业/Data/KnowledgeBase/processed_clean/dify_import/unity_docs_chunk_dc4a2fad014b0fc3.md,1775,2026-05-27T13:13:28.440969+00:00
chunk_7cf67ccf2a1cb9cc,unity_fbe1448af26dbd0e,unity_docs,official_documentation,Manual,,UWP Player settings,https://docs.unity3d.com/6000.4/Documentation/Manual/class-PlayerSettingsWSA.html,unity_docs_incremental_260527_002,8,E:/系统/桌面/工作区/本学期/大三下/IT项目管理/大作业/Data/KnowledgeBase/processed_clean/dify_import/unity_docs_chunk_7cf67ccf2a1cb9cc.md,1796,2026-05-27T13:13:28.441660+00:00
chunk_c04236fc9ceaad2e,unity_fbe1448af26dbd0e,unity_docs,official_documentation,Manual,,UWP Player settings,https://docs.unity3d.com/6000.4/Documentation/Manual/class-PlayerSettingsWSA.html,unity_docs_incremental_260527_002,9,E:/系统/桌面/工作区/本学期/大三下/IT项目管理/大作业/Data/KnowledgeBase/processed_clean/dify_import/unity_docs_chunk_c04236fc9ceaad2e.md,1702,2026-05-27T13:13:28.442370+00:00
chunk_77df33be8e3c2336,unity_fbe1448af26dbd0e,unity_docs,official_documentation,Manual,,UWP Player settings,https://docs.unity3d.com/6000.4/Documentation/Manual/class-PlayerSettingsWSA.html,unity_docs_incremental_260527_002,10,E:/系统/桌面/工作区/本学期/大三下/IT项目管理/大作业/Data/KnowledgeBase/processed_clean/dify_import/unity_docs_chunk_77df33be8e3c2336.md,1751,2026-05-27T13:13:28.443081+00:00
chunk_53c230c2ee217466,unity_fbe1448af26dbd0e,unity_docs,official_documentation,Manual,,UWP Player settings,https://docs.unity3d.com/6000.4/Documentation/Manual/class-PlayerSettingsWSA.html,unity_docs_incremental_260527_002,11,E:/系统/桌面/工作区/本学期/大三下/IT项目管理/大作业/Data/KnowledgeBase/processed_clean/dify_import/unity_docs_chunk_53c230c2ee217466.md,1699,2026-05-27T13:13:28.443638+00:00
chunk_22ab6cdfefe1f386,unity_fbe1448af26dbd0e,unity_docs,official_documentation,Manual,,UWP Player settings,https://docs.unity3d.com/6000.4/Documentation/Manual/class-PlayerSettingsWSA.html,unity_docs_incremental_260527_002,12,E:/系统/桌面/工作区/本学期/大三下/IT项目管理/大作业/Data/KnowledgeBase/processed_clean/dify_import/unity_docs_chunk_22ab6cdfefe1f386.md,1721,2026-05-27T13:13:28.444199+00:00
chunk_4b25d99d3266a86b,unity_fbe1448af26dbd0e,unity_docs,official_documentation,Manual,,UWP Player settings,https://docs.unity3d.com/6000.4/Documentation/Manual/class-PlayerSettingsWSA.html,unity_docs_incremental_260527_002,13,E:/系统/桌面/工作区/本学期/大三下/IT项目管理/大作业/Data/KnowledgeBase/processed_clean/dify_import/unity_docs_chunk_4b25d99d3266a86b.md,1704,2026-05-27T13:13:28.444964+00:00
chunk_a90ba2aae9178131,unity_fbe1448af26dbd0e,unity_docs,official_documentation,Manual,,UWP Player settings,https://docs.unity3d.com/6000.4/Documentation/Manual/class-PlayerSettingsWSA.html,unity_docs_incremental_260527_002,14,E:/系统/桌面/工作区/本学期/大三下/IT项目管理/大作业/Data/KnowledgeBase/processed_clean/dify_import/unity_docs_chunk_a90ba2aae9178131.md,1777,2026-05-27T13:13:28.446273+00:00
chunk_efad7614db7f337b,unity_fbe1448af26dbd0e,unity_docs,official_documentation,Manual,,UWP Player settings,https://docs.unity3d.com/6000.4/Documentation/Manual/class-PlayerSettingsWSA.html,unity_docs_incremental_260527_002,15,E:/系统/桌面/工作区/本学期/大三下/IT项目管理/大作业/Data/KnowledgeBase/processed_clean/dify_import/unity_docs_chunk_efad7614db7f337b.md,1799,2026-05-27T13:13:28.447318+00:00
chunk_d84dd414fe515fc5,unity_fbe1448af26dbd0e,unity_docs,official_documentation,Manual,,UWP Player settings,https://docs.unity3d.com/6000.4/Documentation/Manual/class-PlayerSettingsWSA.html,unity_docs_incremental_260527_002,16,E:/系统/桌面/工作区/本学期/大三下/IT项目管理/大作业/Data/KnowledgeBase/processed_clean/dify_import/unity_docs_chunk_d84dd414fe515fc5.md,1739,2026-05-27T13:13:28.448083+00:00
chunk_d6442f6cec174b5d,unity_fbe1448af26dbd0e,unity_docs,official_documentation,Manual,,UWP Player settings,https://docs.unity3d.com/6000.4/Documentation/Manual/class-PlayerSettingsWSA.html,unity_docs_incremental_260527_002,17,E:/系统/桌面/工作区/本学期/大三下/IT项目管理/大作业/Data/KnowledgeBase/processed_clean/dify_import/unity_docs_chunk_d6442f6cec174b5d.md,1710,2026-05-27T13:13:28.448865+00:00
chunk_a594be206c4f104a,unity_fbe1448af26dbd0e,unity_docs,official_documentation,Manual,,UWP Player settings,https://docs.unity3d.com/6000.4/Documentation/Manual/class-PlayerSettingsWSA.html,unity_docs_incremental_260527_002,18,E:/系统/桌面/工作区/本学期/大三下/IT项目管理/大作业/Data/KnowledgeBase/processed_clean/dify_import/unity_docs_chunk_a594be206c4f104a.md,1732,2026-05-27T13:13:28.449867+00:00
chunk_00e462791535be07,unity_fbe1448af26dbd0e,unity_docs,official_documentation,Manual,,UWP Player settings,https://docs.unity3d.com/6000.4/Documentation/Manual/class-PlayerSettingsWSA.html,unity_docs_incremental_260527_002,19,E:/系统/桌面/工作区/本学期/大三下/IT项目管理/大作业/Data/KnowledgeBase/processed_clean/dify_import/unity_docs_chunk_00e462791535be07.md,1627,2026-05-27T13:13:28.450704+00:00
chunk_b80b907d7913d4a9,unity_fbe1448af26dbd0e,unity_docs,official_documentation,Manual,,UWP Player settings,https://docs.unity3d.com/6000.4/Documentation/Manual/class-PlayerSettingsWSA.html,unity_docs_incremental_260527_002,20,E:/系统/桌面/工作区/本学期/大三下/IT项目管理/大作业/Data/KnowledgeBase/processed_clean/dify_import/unity_docs_chunk_b80b907d7913d4a9.md,1786,2026-05-27T13:13:28.451513+00:00
chunk_e3c307c9518b4eb1,unity_fbe1448af26dbd0e,unity_docs,official_documentation,Manual,,UWP Player settings,https://docs.unity3d.com/6000.4/Documentation/Manual/class-PlayerSettingsWSA.html,unity_docs_incremental_260527_002,21,E:/系统/桌面/工作区/本学期/大三下/IT项目管理/大作业/Data/KnowledgeBase/processed_clean/dify_import/unity_docs_chunk_e3c307c9518b4eb1.md,1627,2026-05-27T13:13:28.452296+00:00
chunk_aac48473d5875ec0,unity_fbe1448af26dbd0e,unity_docs,official_documentation,Manual,,UWP Player settings,https://docs.unity3d.com/6000.4/Documentation/Manual/class-PlayerSettingsWSA.html,unity_docs_incremental_260527_002,22,E:/系统/桌面/工作区/本学期/大三下/IT项目管理/大作业/Data/KnowledgeBase/processed_clean/dify_import/unity_docs_chunk_aac48473d5875ec0.md,1759,2026-05-27T13:13:28.453456+00:00
chunk_55b1ef6d390bec1d,unity_fbe1448af26dbd0e,unity_docs,official_documentation,Manual,,UWP Player settings,https://docs.unity3d.com/6000.4/Documentation/Manual/class-PlayerSettingsWSA.html,unity_docs_incremental_260527_002,23,E:/系统/桌面/工作区/本学期/大三下/IT项目管理/大作业/Data/KnowledgeBase/processed_clean/dify_import/unity_docs_chunk_55b1ef6d390bec1d.md,1743,2026-05-27T13:13:28.454143+00:00
chunk_e00d4f7c26e85019,unity_fbe1448af26dbd0e,unity_docs,official_documentation,Manual,,UWP Player settings,https://docs.unity3d.com/6000.4/Documentation/Manual/class-PlayerSettingsWSA.html,unity_docs_incremental_260527_002,24,E:/系统/桌面/工作区/本学期/大三下/IT项目管理/大作业/Data/KnowledgeBase/processed_clean/dify_import/unity_docs_chunk_e00d4f7c26e85019.md,1785,2026-05-27T13:13:28.454809+00:00
chunk_62578953eb0262f7,unity_fbe1448af26dbd0e,unity_docs,official_documentation,Manual,,UWP Player settings,https://docs.unity3d.com/6000.4/Documentation/Manual/class-PlayerSettingsWSA.html,unity_docs_incremental_260527_002,25,E:/系统/桌面/工作区/本学期/大三下/IT项目管理/大作业/Data/KnowledgeBase/processed_clean/dify_import/unity_docs_chunk_62578953eb0262f7.md,1777,2026-05-27T13:13:28.455445+00:00
chunk_de19d430a2eb5865,unity_fbe1448af26dbd0e,unity_docs,official_documentation,Manual,,UWP Player settings,https://docs.unity3d.com/6000.4/Documentation/Manual/class-PlayerSettingsWSA.html,unity_docs_incremental_260527_002,26,E:/系统/桌面/工作区/本学期/大三下/IT项目管理/大作业/Data/KnowledgeBase/processed_clean/dify_import/unity_docs_chunk_de19d430a2eb5865.md,1475,2026-05-27T13:13:28.456234+00:00
chunk_b440c9eff8b4bb1c,unity_cf3f67ae3b5ee9b9,unity_docs,official_documentation,Manual,,Web Player settings,https://docs.unity3d.com/6000.4/Documentation/Manual/class-PlayerSettingsWebGL.html,unity_docs_incremental_260527_002,1,E:/系统/桌面/工作区/本学期/大三下/IT项目管理/大作业/Data/KnowledgeBase/processed_clean/dify_import/unity_docs_chunk_b440c9eff8b4bb1c.md,1772,2026-05-27T13:13:28.461264+00:00
chunk_bdd5c2dbdbc1d39e,unity_cf3f67ae3b5ee9b9,unity_docs,official_documentation,Manual,,Web Player settings,https://docs.unity3d.com/6000.4/Documentation/Manual/class-PlayerSettingsWebGL.html,unity_docs_incremental_260527_002,2,E:/系统/桌面/工作区/本学期/大三下/IT项目管理/大作业/Data/KnowledgeBase/processed_clean/dify_import/unity_docs_chunk_bdd5c2dbdbc1d39e.md,1796,2026-05-27T13:13:28.462378+00:00
chunk_6618009ad2e368e5,unity_cf3f67ae3b5ee9b9,unity_docs,official_documentation,Manual,,Web Player settings,https://docs.unity3d.com/6000.4/Documentation/Manual/class-PlayerSettingsWebGL.html,unity_docs_incremental_260527_002,3,E:/系统/桌面/工作区/本学期/大三下/IT项目管理/大作业/Data/KnowledgeBase/processed_clean/dify_import/unity_docs_chunk_6618009ad2e368e5.md,1708,2026-05-27T13:13:28.463235+00:00
chunk_c0211e3bd56a4cea,unity_cf3f67ae3b5ee9b9,unity_docs,official_documentation,Manual,,Web Player settings,https://docs.unity3d.com/6000.4/Documentation/Manual/class-PlayerSettingsWebGL.html,unity_docs_incremental_260527_002,4,E:/系统/桌面/工作区/本学期/大三下/IT项目管理/大作业/Data/KnowledgeBase/processed_clean/dify_import/unity_docs_chunk_c0211e3bd56a4cea.md,1781,2026-05-27T13:13:28.464101+00:00
chunk_aedf58122334f877,unity_cf3f67ae3b5ee9b9,unity_docs,official_documentation,Manual,,Web Player settings,https://docs.unity3d.com/6000.4/Documentation/Manual/class-PlayerSettingsWebGL.html,unity_docs_incremental_260527_002,5,E:/系统/桌面/工作区/本学期/大三下/IT项目管理/大作业/Data/KnowledgeBase/processed_clean/dify_import/unity_docs_chunk_aedf58122334f877.md,1730,2026-05-27T13:13:28.464749+00:00
chunk_ed4b7f378ca4282d,unity_cf3f67ae3b5ee9b9,unity_docs,official_documentation,Manual,,Web Player settings,https://docs.unity3d.com/6000.4/Documentation/Manual/class-PlayerSettingsWebGL.html,unity_docs_incremental_260527_002,6,E:/系统/桌面/工作区/本学期/大三下/IT项目管理/大作业/Data/KnowledgeBase/processed_clean/dify_import/unity_docs_chunk_ed4b7f378ca4282d.md,1782,2026-05-27T13:13:28.465424+00:00
chunk_3a83c642994abae9,unity_cf3f67ae3b5ee9b9,unity_docs,official_documentation,Manual,,Web Player settings,https://docs.unity3d.com/6000.4/Documentation/Manual/class-PlayerSettingsWebGL.html,unity_docs_incremental_260527_002,7,E:/系统/桌面/工作区/本学期/大三下/IT项目管理/大作业/Data/KnowledgeBase/processed_clean/dify_import/unity_docs_chunk_3a83c642994abae9.md,1721,2026-05-27T13:13:28.466107+00:00
chunk_b7c0736e0b928725,unity_cf3f67ae3b5ee9b9,unity_docs,official_documentation,Manual,,Web Player settings,https://docs.unity3d.com/6000.4/Documentation/Manual/class-PlayerSettingsWebGL.html,unity_docs_incremental_260527_002,8,E:/系统/桌面/工作区/本学期/大三下/IT项目管理/大作业/Data/KnowledgeBase/processed_clean/dify_import/unity_docs_chunk_b7c0736e0b928725.md,1705,2026-05-27T13:13:28.467444+00:00
chunk_f3a44f30959385c3,unity_cf3f67ae3b5ee9b9,unity_docs,official_documentation,Manual,,Web Player settings,https://docs.unity3d.com/6000.4/Documentation/Manual/class-PlayerSettingsWebGL.html,unity_docs_incremental_260527_002,9,E:/系统/桌面/工作区/本学期/大三下/IT项目管理/大作业/Data/KnowledgeBase/processed_clean/dify_import/unity_docs_chunk_f3a44f30959385c3.md,1722,2026-05-27T13:13:28.468212+00:00
chunk_93fd0e521bfce903,unity_cf3f67ae3b5ee9b9,unity_docs,official_documentation,Manual,,Web Player settings,https://docs.unity3d.com/6000.4/Documentation/Manual/class-PlayerSettingsWebGL.html,unity_docs_incremental_260527_002,10,E:/系统/桌面/工作区/本学期/大三下/IT项目管理/大作业/Data/KnowledgeBase/processed_clean/dify_import/unity_docs_chunk_93fd0e521bfce903.md,1780,2026-05-27T13:13:28.468873+00:00
chunk_69f9b70bb0a628cd,unity_cf3f67ae3b5ee9b9,unity_docs,official_documentation,Manual,,Web Player settings,https://docs.unity3d.com/6000.4/Documentation/Manual/class-PlayerSettingsWebGL.html,unity_docs_incremental_260527_002,11,E:/系统/桌面/工作区/本学期/大三下/IT项目管理/大作业/Data/KnowledgeBase/processed_clean/dify_import/unity_docs_chunk_69f9b70bb0a628cd.md,1611,2026-05-27T13:13:28.469518+00:00
chunk_95506f49cb8468d4,unity_cf3f67ae3b5ee9b9,unity_docs,official_documentation,Manual,,Web Player settings,https://docs.unity3d.com/6000.4/Documentation/Manual/class-PlayerSettingsWebGL.html,unity_docs_incremental_260527_002,12,E:/系统/桌面/工作区/本学期/大三下/IT项目管理/大作业/Data/KnowledgeBase/processed_clean/dify_import/unity_docs_chunk_95506f49cb8468d4.md,1796,2026-05-27T13:13:28.470348+00:00
chunk_2cae82eeb00d5939,unity_cf3f67ae3b5ee9b9,unity_docs,official_documentation,Manual,,Web Player settings,https://docs.unity3d.com/6000.4/Documentation/Manual/class-PlayerSettingsWebGL.html,unity_docs_incremental_260527_002,13,E:/系统/桌面/工作区/本学期/大三下/IT项目管理/大作业/Data/KnowledgeBase/processed_clean/dify_import/unity_docs_chunk_2cae82eeb00d5939.md,1796,2026-05-27T13:13:28.471167+00:00
chunk_c6f2e7f3946111ed,unity_cf3f67ae3b5ee9b9,unity_docs,official_documentation,Manual,,Web Player settings,https://docs.unity3d.com/6000.4/Documentation/Manual/class-PlayerSettingsWebGL.html,unity_docs_incremental_260527_002,14,E:/系统/桌面/工作区/本学期/大三下/IT项目管理/大作业/Data/KnowledgeBase/processed_clean/dify_import/unity_docs_chunk_c6f2e7f3946111ed.md,1717,2026-05-27T13:13:28.471844+00:00
chunk_0d24a1c9fe76649b,unity_cf3f67ae3b5ee9b9,unity_docs,official_documentation,Manual,,Web Player settings,https://docs.unity3d.com/6000.4/Documentation/Manual/class-PlayerSettingsWebGL.html,unity_docs_incremental_260527_002,15,E:/系统/桌面/工作区/本学期/大三下/IT项目管理/大作业/Data/KnowledgeBase/processed_clean/dify_import/unity_docs_chunk_0d24a1c9fe76649b.md,1732,2026-05-27T13:13:28.472497+00:00
chunk_88e5d6aab49e2e16,unity_cf3f67ae3b5ee9b9,unity_docs,official_documentation,Manual,,Web Player settings,https://docs.unity3d.com/6000.4/Documentation/Manual/class-PlayerSettingsWebGL.html,unity_docs_incremental_260527_002,16,E:/系统/桌面/工作区/本学期/大三下/IT项目管理/大作业/Data/KnowledgeBase/processed_clean/dify_import/unity_docs_chunk_88e5d6aab49e2e16.md,1772,2026-05-27T13:13:28.473675+00:00
chunk_f5122fbbe6dc57d2,unity_cf3f67ae3b5ee9b9,unity_docs,official_documentation,Manual,,Web Player settings,https://docs.unity3d.com/6000.4/Documentation/Manual/class-PlayerSettingsWebGL.html,unity_docs_incremental_260527_002,17,E:/系统/桌面/工作区/本学期/大三下/IT项目管理/大作业/Data/KnowledgeBase/processed_clean/dify_import/unity_docs_chunk_f5122fbbe6dc57d2.md,1652,2026-05-27T13:13:28.474576+00:00
chunk_71c8cf2e6fc89f8b,unity_cf3f67ae3b5ee9b9,unity_docs,official_documentation,Manual,,Web Player settings,https://docs.unity3d.com/6000.4/Documentation/Manual/class-PlayerSettingsWebGL.html,unity_docs_incremental_260527_002,18,E:/系统/桌面/工作区/本学期/大三下/IT项目管理/大作业/Data/KnowledgeBase/processed_clean/dify_import/unity_docs_chunk_71c8cf2e6fc89f8b.md,1664,2026-05-27T13:13:28.475211+00:00
chunk_68e7177e82514c2a,unity_cf3f67ae3b5ee9b9,unity_docs,official_documentation,Manual,,Web Player settings,https://docs.unity3d.com/6000.4/Documentation/Manual/class-PlayerSettingsWebGL.html,unity_docs_incremental_260527_002,19,E:/系统/桌面/工作区/本学期/大三下/IT项目管理/大作业/Data/KnowledgeBase/processed_clean/dify_import/unity_docs_chunk_68e7177e82514c2a.md,1761,2026-05-27T13:13:28.475861+00:00
chunk_d79e1eedf946d81b,unity_cf3f67ae3b5ee9b9,unity_docs,official_documentation,Manual,,Web Player settings,https://docs.unity3d.com/6000.4/Documentation/Manual/class-PlayerSettingsWebGL.html,unity_docs_incremental_260527_002,20,E:/系统/桌面/工作区/本学期/大三下/IT项目管理/大作业/Data/KnowledgeBase/processed_clean/dify_import/unity_docs_chunk_d79e1eedf946d81b.md,1735,2026-05-27T13:13:28.476893+00:00
chunk_206a738c7c1d1de5,unity_cf3f67ae3b5ee9b9,unity_docs,official_documentation,Manual,,Web Player settings,https://docs.unity3d.com/6000.4/Documentation/Manual/class-PlayerSettingsWebGL.html,unity_docs_incremental_260527_002,21,E:/系统/桌面/工作区/本学期/大三下/IT项目管理/大作业/Data/KnowledgeBase/processed_clean/dify_import/unity_docs_chunk_206a738c7c1d1de5.md,451,2026-05-27T13:13:28.477593+00:00
chunk_f2035a98c462a92a,unity_ac5b844664d65f66,unity_docs,official_documentation,Manual,,Introduction to prefabs,https://docs.unity3d.com/6000.4/Documentation/Manual/prefabs-introduction.html,unity_docs_incremental_260527_002,1,E:/系统/桌面/工作区/本学期/大三下/IT项目管理/大作业/Data/KnowledgeBase/processed_clean/dify_import/unity_docs_chunk_f2035a98c462a92a.md,1794,2026-05-27T13:13:28.479283+00:00
chunk_94cc88be915950cf,unity_ac5b844664d65f66,unity_docs,official_documentation,Manual,,Introduction to prefabs,https://docs.unity3d.com/6000.4/Documentation/Manual/prefabs-introduction.html,unity_docs_incremental_260527_002,2,E:/系统/桌面/工作区/本学期/大三下/IT项目管理/大作业/Data/KnowledgeBase/processed_clean/dify_import/unity_docs_chunk_94cc88be915950cf.md,1765,2026-05-27T13:13:28.480852+00:00
chunk_a4dcb98b4e691e18,unity_ac5b844664d65f66,unity_docs,official_documentation,Manual,,Introduction to prefabs,https://docs.unity3d.com/6000.4/Documentation/Manual/prefabs-introduction.html,unity_docs_incremental_260527_002,3,E:/系统/桌面/工作区/本学期/大三下/IT项目管理/大作业/Data/KnowledgeBase/processed_clean/dify_import/unity_docs_chunk_a4dcb98b4e691e18.md,814,2026-05-27T13:13:28.481650+00:00
chunk_cc3ec74bba0b3172,unity_caaa437ef1417257,unity_docs,official_documentation,Manual,,Create prefabs,https://docs.unity3d.com/6000.4/Documentation/Manual/CreatingPrefabs.html,unity_docs_incremental_260527_002,1,E:/系统/桌面/工作区/本学期/大三下/IT项目管理/大作业/Data/KnowledgeBase/processed_clean/dify_import/unity_docs_chunk_cc3ec74bba0b3172.md,1789,2026-05-27T13:13:28.483486+00:00
chunk_b2f64bba3a97b964,unity_caaa437ef1417257,unity_docs,official_documentation,Manual,,Create prefabs,https://docs.unity3d.com/6000.4/Documentation/Manual/CreatingPrefabs.html,unity_docs_incremental_260527_002,2,E:/系统/桌面/工作区/本学期/大三下/IT项目管理/大作业/Data/KnowledgeBase/processed_clean/dify_import/unity_docs_chunk_b2f64bba3a97b964.md,1703,2026-05-27T13:13:28.484138+00:00
chunk_15a518bd1462cf03,unity_caaa437ef1417257,unity_docs,official_documentation,Manual,,Create prefabs,https://docs.unity3d.com/6000.4/Documentation/Manual/CreatingPrefabs.html,unity_docs_incremental_260527_002,3,E:/系统/桌面/工作区/本学期/大三下/IT项目管理/大作业/Data/KnowledgeBase/processed_clean/dify_import/unity_docs_chunk_15a518bd1462cf03.md,1796,2026-05-27T13:13:28.484809+00:00
chunk_897ff4653634adae,unity_caaa437ef1417257,unity_docs,official_documentation,Manual,,Create prefabs,https://docs.unity3d.com/6000.4/Documentation/Manual/CreatingPrefabs.html,unity_docs_incremental_260527_002,4,E:/系统/桌面/工作区/本学期/大三下/IT项目管理/大作业/Data/KnowledgeBase/processed_clean/dify_import/unity_docs_chunk_897ff4653634adae.md,1026,2026-05-27T13:13:28.485655+00:00
chunk_86e88b7c3a51bd63,unity_4e43e380ae7bc8bb,unity_docs,official_documentation,Manual,,Edit prefab assets,https://docs.unity3d.com/6000.4/Documentation/Manual/EditingInPrefabMode.html,unity_docs_incremental_260527_002,1,E:/系统/桌面/工作区/本学期/大三下/IT项目管理/大作业/Data/KnowledgeBase/processed_clean/dify_import/unity_docs_chunk_86e88b7c3a51bd63.md,1716,2026-05-27T13:13:28.488014+00:00
chunk_7b8823a6c8a9d718,unity_4e43e380ae7bc8bb,unity_docs,official_documentation,Manual,,Edit prefab assets,https://docs.unity3d.com/6000.4/Documentation/Manual/EditingInPrefabMode.html,unity_docs_incremental_260527_002,2,E:/系统/桌面/工作区/本学期/大三下/IT项目管理/大作业/Data/KnowledgeBase/processed_clean/dify_import/unity_docs_chunk_7b8823a6c8a9d718.md,1787,2026-05-27T13:13:28.488799+00:00
chunk_9172a159bd6f46a3,unity_4e43e380ae7bc8bb,unity_docs,official_documentation,Manual,,Edit prefab assets,https://docs.unity3d.com/6000.4/Documentation/Manual/EditingInPrefabMode.html,unity_docs_incremental_260527_002,3,E:/系统/桌面/工作区/本学期/大三下/IT项目管理/大作业/Data/KnowledgeBase/processed_clean/dify_import/unity_docs_chunk_9172a159bd6f46a3.md,1740,2026-05-27T13:13:28.489829+00:00
chunk_7959607030c35d74,unity_4e43e380ae7bc8bb,unity_docs,official_documentation,Manual,,Edit prefab assets,https://docs.unity3d.com/6000.4/Documentation/Manual/EditingInPrefabMode.html,unity_docs_incremental_260527_002,4,E:/系统/桌面/工作区/本学期/大三下/IT项目管理/大作业/Data/KnowledgeBase/processed_clean/dify_import/unity_docs_chunk_7959607030c35d74.md,1427,2026-05-27T13:13:28.490772+00:00
chunk_cb1b06b39105ace4,unity_4e43e380ae7bc8bb,unity_docs,official_documentation,Manual,,Edit prefab assets,https://docs.unity3d.com/6000.4/Documentation/Manual/EditingInPrefabMode.html,unity_docs_incremental_260527_002,5,E:/系统/桌面/工作区/本学期/大三下/IT项目管理/大作业/Data/KnowledgeBase/processed_clean/dify_import/unity_docs_chunk_cb1b06b39105ace4.md,1576,2026-05-27T13:13:28.491508+00:00
chunk_62899cb71ddba235,unity_0db10f1ab15ebe85,unity_docs,official_documentation,Manual,,Nest prefab instances in other prefabs,https://docs.unity3d.com/6000.4/Documentation/Manual/NestedPrefabs.html,unity_docs_incremental_260527_002,1,E:/系统/桌面/工作区/本学期/大三下/IT项目管理/大作业/Data/KnowledgeBase/processed_clean/dify_import/unity_docs_chunk_62899cb71ddba235.md,1669,2026-05-27T13:13:28.493337+00:00
chunk_60311b86440ef495,unity_0db10f1ab15ebe85,unity_docs,official_documentation,Manual,,Nest prefab instances in other prefabs,https://docs.unity3d.com/6000.4/Documentation/Manual/NestedPrefabs.html,unity_docs_incremental_260527_002,2,E:/系统/桌面/工作区/本学期/大三下/IT项目管理/大作业/Data/KnowledgeBase/processed_clean/dify_import/unity_docs_chunk_60311b86440ef495.md,668,2026-05-27T13:13:28.494323+00:00
chunk_40b7f424b2cb417e,unity_62b32d0ee65ab543,unity_docs,official_documentation,Manual,,Create variations of prefabs,https://docs.unity3d.com/6000.4/Documentation/Manual/PrefabVariants.html,unity_docs_incremental_260527_002,1,E:/系统/桌面/工作区/本学期/大三下/IT项目管理/大作业/Data/KnowledgeBase/processed_clean/dify_import/unity_docs_chunk_40b7f424b2cb417e.md,1746,2026-05-27T13:13:28.496775+00:00
chunk_289b594ddd3cf06d,unity_62b32d0ee65ab543,unity_docs,official_documentation,Manual,,Create variations of prefabs,https://docs.unity3d.com/6000.4/Documentation/Manual/PrefabVariants.html,unity_docs_incremental_260527_002,2,E:/系统/桌面/工作区/本学期/大三下/IT项目管理/大作业/Data/KnowledgeBase/processed_clean/dify_import/unity_docs_chunk_289b594ddd3cf06d.md,1792,2026-05-27T13:13:28.497768+00:00
chunk_87666d7019439252,unity_62b32d0ee65ab543,unity_docs,official_documentation,Manual,,Create variations of prefabs,https://docs.unity3d.com/6000.4/Documentation/Manual/PrefabVariants.html,unity_docs_incremental_260527_002,3,E:/系统/桌面/工作区/本学期/大三下/IT项目管理/大作业/Data/KnowledgeBase/processed_clean/dify_import/unity_docs_chunk_87666d7019439252.md,1374,2026-05-27T13:13:28.498654+00:00
chunk_8277a7a44b7cc3e5,unity_62892c677c423de4,unity_docs,official_documentation,Manual,,Overriding prefab instance data,https://docs.unity3d.com/6000.4/Documentation/Manual/prefabs-override.html,unity_docs_incremental_260527_002,1,E:/系统/桌面/工作区/本学期/大三下/IT项目管理/大作业/Data/KnowledgeBase/processed_clean/dify_import/unity_docs_chunk_8277a7a44b7cc3e5.md,1112,2026-05-27T13:13:28.500284+00:00
chunk_04663ea0861c65a2,unity_9da1e715f491572a,unity_docs,official_documentation,Manual,,Revert a prefab instance to a GameObject,https://docs.unity3d.com/6000.4/Documentation/Manual/UnpackingPrefabInstances.html,unity_docs_incremental_260527_002,1,E:/系统/桌面/工作区/本学期/大三下/IT项目管理/大作业/Data/KnowledgeBase/processed_clean/dify_import/unity_docs_chunk_04663ea0861c65a2.md,1756,2026-05-27T13:13:28.503675+00:00
chunk_a440ec790136d0b0,unity_9da1e715f491572a,unity_docs,official_documentation,Manual,,Revert a prefab instance to a GameObject,https://docs.unity3d.com/6000.4/Documentation/Manual/UnpackingPrefabInstances.html,unity_docs_incremental_260527_002,2,E:/系统/桌面/工作区/本学期/大三下/IT项目管理/大作业/Data/KnowledgeBase/processed_clean/dify_import/unity_docs_chunk_a440ec790136d0b0.md,276,2026-05-27T13:13:28.504891+00:00
chunk_d22694cc8459c6d0,unity_14d3c5edc70f8f55,unity_docs,official_documentation,ScriptReference,,PrefabUtility,https://docs.unity3d.com/6000.4/Documentation/ScriptReference/PrefabUtility.html,unity_docs_incremental_260527_002,1,E:/系统/桌面/工作区/本学期/大三下/IT项目管理/大作业/Data/KnowledgeBase/processed_clean/dify_import/unity_docs_chunk_d22694cc8459c6d0.md,1795,2026-05-27T13:13:28.507041+00:00
chunk_46a28c2fae4dab9a,unity_14d3c5edc70f8f55,unity_docs,official_documentation,ScriptReference,,PrefabUtility,https://docs.unity3d.com/6000.4/Documentation/ScriptReference/PrefabUtility.html,unity_docs_incremental_260527_002,2,E:/系统/桌面/工作区/本学期/大三下/IT项目管理/大作业/Data/KnowledgeBase/processed_clean/dify_import/unity_docs_chunk_46a28c2fae4dab9a.md,1792,2026-05-27T13:13:28.508984+00:00
chunk_2ad69826c1bc6b2b,unity_14d3c5edc70f8f55,unity_docs,official_documentation,ScriptReference,,PrefabUtility,https://docs.unity3d.com/6000.4/Documentation/ScriptReference/PrefabUtility.html,unity_docs_incremental_260527_002,3,E:/系统/桌面/工作区/本学期/大三下/IT项目管理/大作业/Data/KnowledgeBase/processed_clean/dify_import/unity_docs_chunk_2ad69826c1bc6b2b.md,1794,2026-05-27T13:13:28.510087+00:00
chunk_b5ddd48e6792c356,unity_14d3c5edc70f8f55,unity_docs,official_documentation,ScriptReference,,PrefabUtility,https://docs.unity3d.com/6000.4/Documentation/ScriptReference/PrefabUtility.html,unity_docs_incremental_260527_002,4,E:/系统/桌面/工作区/本学期/大三下/IT项目管理/大作业/Data/KnowledgeBase/processed_clean/dify_import/unity_docs_chunk_b5ddd48e6792c356.md,1788,2026-05-27T13:13:28.510852+00:00
chunk_098ad3ea6d42db04,unity_14d3c5edc70f8f55,unity_docs,official_documentation,ScriptReference,,PrefabUtility,https://docs.unity3d.com/6000.4/Documentation/ScriptReference/PrefabUtility.html,unity_docs_incremental_260527_002,5,E:/系统/桌面/工作区/本学期/大三下/IT项目管理/大作业/Data/KnowledgeBase/processed_clean/dify_import/unity_docs_chunk_098ad3ea6d42db04.md,1789,2026-05-27T13:13:28.511819+00:00
chunk_6fa767813f36de59,unity_14d3c5edc70f8f55,unity_docs,official_documentation,ScriptReference,,PrefabUtility,https://docs.unity3d.com/6000.4/Documentation/ScriptReference/PrefabUtility.html,unity_docs_incremental_260527_002,6,E:/系统/桌面/工作区/本学期/大三下/IT项目管理/大作业/Data/KnowledgeBase/processed_clean/dify_import/unity_docs_chunk_6fa767813f36de59.md,1731,2026-05-27T13:13:28.512431+00:00
chunk_da033cbc15c4f15e,unity_14d3c5edc70f8f55,unity_docs,official_documentation,ScriptReference,,PrefabUtility,https://docs.unity3d.com/6000.4/Documentation/ScriptReference/PrefabUtility.html,unity_docs_incremental_260527_002,7,E:/系统/桌面/工作区/本学期/大三下/IT项目管理/大作业/Data/KnowledgeBase/processed_clean/dify_import/unity_docs_chunk_da033cbc15c4f15e.md,532,2026-05-27T13:13:28.513244+00:00
chunk_63578d242b67211b,unity_24c135c797a04b76,unity_docs,official_documentation,Manual,,Unmanaged C# memory,https://docs.unity3d.com/6000.4/Documentation/Manual/performance-unmanaged-memory.html,unity_docs_incremental_260527_002,1,E:/系统/桌面/工作区/本学期/大三下/IT项目管理/大作业/Data/KnowledgeBase/processed_clean/dify_import/unity_docs_chunk_63578d242b67211b.md,1765,2026-05-27T13:13:28.515140+00:00
chunk_f4edd4e8fa8d7a3b,unity_24c135c797a04b76,unity_docs,official_documentation,Manual,,Unmanaged C# memory,https://docs.unity3d.com/6000.4/Documentation/Manual/performance-unmanaged-memory.html,unity_docs_incremental_260527_002,2,E:/系统/桌面/工作区/本学期/大三下/IT项目管理/大作业/Data/KnowledgeBase/processed_clean/dify_import/unity_docs_chunk_f4edd4e8fa8d7a3b.md,1795,2026-05-27T13:13:28.515956+00:00
chunk_6dd117cd3cc121bc,unity_24c135c797a04b76,unity_docs,official_documentation,Manual,,Unmanaged C# memory,https://docs.unity3d.com/6000.4/Documentation/Manual/performance-unmanaged-memory.html,unity_docs_incremental_260527_002,3,E:/系统/桌面/工作区/本学期/大三下/IT项目管理/大作业/Data/KnowledgeBase/processed_clean/dify_import/unity_docs_chunk_6dd117cd3cc121bc.md,1765,2026-05-27T13:13:28.516762+00:00
chunk_af338f9a2a428ac0,unity_24c135c797a04b76,unity_docs,official_documentation,Manual,,Unmanaged C# memory,https://docs.unity3d.com/6000.4/Documentation/Manual/performance-unmanaged-memory.html,unity_docs_incremental_260527_002,4,E:/系统/桌面/工作区/本学期/大三下/IT项目管理/大作业/Data/KnowledgeBase/processed_clean/dify_import/unity_docs_chunk_af338f9a2a428ac0.md,514,2026-05-27T13:13:28.517655+00:00
chunk_65ee47701abba9d4,unity_64235bcf8b31fab9,unity_docs,official_documentation,Manual,,Profiler introduction,https://docs.unity3d.com/6000.4/Documentation/Manual/profiler-introduction.html,unity_docs_incremental_260527_002,1,E:/系统/桌面/工作区/本学期/大三下/IT项目管理/大作业/Data/KnowledgeBase/processed_clean/dify_import/unity_docs_chunk_65ee47701abba9d4.md,1444,2026-05-27T13:13:28.519122+00:00
chunk_bd5a89652602a9c8,unity_64235bcf8b31fab9,unity_docs,official_documentation,Manual,,Profiler introduction,https://docs.unity3d.com/6000.4/Documentation/Manual/profiler-introduction.html,unity_docs_incremental_260527_002,2,E:/系统/桌面/工作区/本学期/大三下/IT项目管理/大作业/Data/KnowledgeBase/processed_clean/dify_import/unity_docs_chunk_bd5a89652602a9c8.md,880,2026-05-27T13:13:28.519713+00:00
chunk_5f2e29ab58890848,unity_0d4adff58902648c,unity_docs,official_documentation,Manual,,Profiler modules,https://docs.unity3d.com/6000.4/Documentation/Manual/profiler-visualizing-data.html,unity_docs_incremental_260527_002,1,E:/系统/桌面/工作区/本学期/大三下/IT项目管理/大作业/Data/KnowledgeBase/processed_clean/dify_import/unity_docs_chunk_5f2e29ab58890848.md,1187,2026-05-27T13:13:28.520907+00:00
chunk_827eefc7be758a75,unity_86ad580f09f661ea,unity_docs,official_documentation,Manual,,Running the Profiler in its own process,https://docs.unity3d.com/6000.4/Documentation/Manual/profiler-standalone-process.html,unity_docs_incremental_260527_002,1,E:/系统/桌面/工作区/本学期/大三下/IT项目管理/大作业/Data/KnowledgeBase/processed_clean/dify_import/unity_docs_chunk_827eefc7be758a75.md,1360,2026-05-27T13:13:28.522730+00:00
chunk_6fbd822208d7123f,unity_8f47bf0bfc2eefe1,unity_docs,official_documentation,Manual,,Analyzing Profiler traces,https://docs.unity3d.com/6000.4/Documentation/Manual/performance-profiler-traces.html,unity_docs_incremental_260527_002,1,E:/系统/桌面/工作区/本学期/大三下/IT项目管理/大作业/Data/KnowledgeBase/processed_clean/dify_import/unity_docs_chunk_6fbd822208d7123f.md,1745,2026-05-27T13:13:28.524915+00:00
chunk_a017d1a2306934fc,unity_8f47bf0bfc2eefe1,unity_docs,official_documentation,Manual,,Analyzing Profiler traces,https://docs.unity3d.com/6000.4/Documentation/Manual/performance-profiler-traces.html,unity_docs_incremental_260527_002,2,E:/系统/桌面/工作区/本学期/大三下/IT项目管理/大作业/Data/KnowledgeBase/processed_clean/dify_import/unity_docs_chunk_a017d1a2306934fc.md,1719,2026-05-27T13:13:28.525644+00:00
chunk_674b62789e5873f7,unity_8f47bf0bfc2eefe1,unity_docs,official_documentation,Manual,,Analyzing Profiler traces,https://docs.unity3d.com/6000.4/Documentation/Manual/performance-profiler-traces.html,unity_docs_incremental_260527_002,3,E:/系统/桌面/工作区/本学期/大三下/IT项目管理/大作业/Data/KnowledgeBase/processed_clean/dify_import/unity_docs_chunk_674b62789e5873f7.md,1752,2026-05-27T13:13:28.526537+00:00
chunk_6cf56a22fd7dced9,unity_8f47bf0bfc2eefe1,unity_docs,official_documentation,Manual,,Analyzing Profiler traces,https://docs.unity3d.com/6000.4/Documentation/Manual/performance-profiler-traces.html,unity_docs_incremental_260527_002,4,E:/系统/桌面/工作区/本学期/大三下/IT项目管理/大作业/Data/KnowledgeBase/processed_clean/dify_import/unity_docs_chunk_6cf56a22fd7dced9.md,1795,2026-05-27T13:13:28.527864+00:00
chunk_034da41222628d25,unity_8f47bf0bfc2eefe1,unity_docs,official_documentation,Manual,,Analyzing Profiler traces,https://docs.unity3d.com/6000.4/Documentation/Manual/performance-profiler-traces.html,unity_docs_incremental_260527_002,5,E:/系统/桌面/工作区/本学期/大三下/IT项目管理/大作业/Data/KnowledgeBase/processed_clean/dify_import/unity_docs_chunk_034da41222628d25.md,1800,2026-05-27T13:13:28.528823+00:00
chunk_341443244477c1ce,unity_8f47bf0bfc2eefe1,unity_docs,official_documentation,Manual,,Analyzing Profiler traces,https://docs.unity3d.com/6000.4/Documentation/Manual/performance-profiler-traces.html,unity_docs_incremental_260527_002,6,E:/系统/桌面/工作区/本学期/大三下/IT项目管理/大作业/Data/KnowledgeBase/processed_clean/dify_import/unity_docs_chunk_341443244477c1ce.md,920,2026-05-27T13:13:28.530255+00:00
chunk_783bad4bb9dfc6e9,unity_2c9aeb5dcae5aaa4,unity_docs,official_documentation,Manual,,Memory in Unity introduction,https://docs.unity3d.com/6000.4/Documentation/Manual/performance-memory-overview.html,unity_docs_incremental_260527_002,1,E:/系统/桌面/工作区/本学期/大三下/IT项目管理/大作业/Data/KnowledgeBase/processed_clean/dify_import/unity_docs_chunk_783bad4bb9dfc6e9.md,1716,2026-05-27T13:13:28.532569+00:00
chunk_e0c36a3b03489783,unity_2c9aeb5dcae5aaa4,unity_docs,official_documentation,Manual,,Memory in Unity introduction,https://docs.unity3d.com/6000.4/Documentation/Manual/performance-memory-overview.html,unity_docs_incremental_260527_002,2,E:/系统/桌面/工作区/本学期/大三下/IT项目管理/大作业/Data/KnowledgeBase/processed_clean/dify_import/unity_docs_chunk_e0c36a3b03489783.md,1719,2026-05-27T13:13:28.533675+00:00
chunk_c81b93f26a7b905d,unity_2c9aeb5dcae5aaa4,unity_docs,official_documentation,Manual,,Memory in Unity introduction,https://docs.unity3d.com/6000.4/Documentation/Manual/performance-memory-overview.html,unity_docs_incremental_260527_002,3,E:/系统/桌面/工作区/本学期/大三下/IT项目管理/大作业/Data/KnowledgeBase/processed_clean/dify_import/unity_docs_chunk_c81b93f26a7b905d.md,1790,2026-05-27T13:13:28.534847+00:00
chunk_72f14307fc657668,unity_2c9aeb5dcae5aaa4,unity_docs,official_documentation,Manual,,Memory in Unity introduction,https://docs.unity3d.com/6000.4/Documentation/Manual/performance-memory-overview.html,unity_docs_incremental_260527_002,4,E:/系统/桌面/工作区/本学期/大三下/IT项目管理/大作业/Data/KnowledgeBase/processed_clean/dify_import/unity_docs_chunk_72f14307fc657668.md,546,2026-05-27T13:13:28.535848+00:00
chunk_d7a78ba48040f965,unity_c58c17b5ee15034f,unity_docs,official_documentation,Manual,,Extending the Editor with IMGUI,https://docs.unity3d.com/6000.4/Documentation/Manual/ExtendingTheEditor.html,unity_docs_incremental_260527_002,1,E:/系统/桌面/工作区/本学期/大三下/IT项目管理/大作业/Data/KnowledgeBase/processed_clean/dify_import/unity_docs_chunk_d7a78ba48040f965.md,1459,2026-05-27T13:13:28.537763+00:00
chunk_d836a7af1b70c675,unity_e76570084e585106,unity_docs,official_documentation,Manual,,Create custom Editor Windows with IMGUI,https://docs.unity3d.com/6000.4/Documentation/Manual/editor-EditorWindows.html,unity_docs_incremental_260527_002,1,E:/系统/桌面/工作区/本学期/大三下/IT项目管理/大作业/Data/KnowledgeBase/processed_clean/dify_import/unity_docs_chunk_d836a7af1b70c675.md,1648,2026-05-27T13:13:28.540461+00:00
chunk_e977ed5c696c2e9c,unity_e76570084e585106,unity_docs,official_documentation,Manual,,Create custom Editor Windows with IMGUI,https://docs.unity3d.com/6000.4/Documentation/Manual/editor-EditorWindows.html,unity_docs_incremental_260527_002,2,E:/系统/桌面/工作区/本学期/大三下/IT项目管理/大作业/Data/KnowledgeBase/processed_clean/dify_import/unity_docs_chunk_e977ed5c696c2e9c.md,1798,2026-05-27T13:13:28.541297+00:00
chunk_59b83626bd5425c0,unity_e76570084e585106,unity_docs,official_documentation,Manual,,Create custom Editor Windows with IMGUI,https://docs.unity3d.com/6000.4/Documentation/Manual/editor-EditorWindows.html,unity_docs_incremental_260527_002,3,E:/系统/桌面/工作区/本学期/大三下/IT项目管理/大作业/Data/KnowledgeBase/processed_clean/dify_import/unity_docs_chunk_59b83626bd5425c0.md,1242,2026-05-27T13:13:28.542021+00:00
chunk_2d1534f8ee1eb8f3,unity_65d887e29cf57d8e,unity_docs,official_documentation,Manual,,Create custom Editors with IMGUI,https://docs.unity3d.com/6000.4/Documentation/Manual/editor-CustomEditors.html,unity_docs_incremental_260527_002,1,E:/系统/桌面/工作区/本学期/大三下/IT项目管理/大作业/Data/KnowledgeBase/processed_clean/dify_import/unity_docs_chunk_2d1534f8ee1eb8f3.md,1679,2026-05-27T13:13:28.544394+00:00
chunk_de62c599ee591267,unity_65d887e29cf57d8e,unity_docs,official_documentation,Manual,,Create custom Editors with IMGUI,https://docs.unity3d.com/6000.4/Documentation/Manual/editor-CustomEditors.html,unity_docs_incremental_260527_002,2,E:/系统/桌面/工作区/本学期/大三下/IT项目管理/大作业/Data/KnowledgeBase/processed_clean/dify_import/unity_docs_chunk_de62c599ee591267.md,1767,2026-05-27T13:13:28.545370+00:00
chunk_d707e5d2d1816e32,unity_65d887e29cf57d8e,unity_docs,official_documentation,Manual,,Create custom Editors with IMGUI,https://docs.unity3d.com/6000.4/Documentation/Manual/editor-CustomEditors.html,unity_docs_incremental_260527_002,3,E:/系统/桌面/工作区/本学期/大三下/IT项目管理/大作业/Data/KnowledgeBase/processed_clean/dify_import/unity_docs_chunk_d707e5d2d1816e32.md,1757,2026-05-27T13:13:28.546086+00:00
chunk_3f487f527a3ba160,unity_65d887e29cf57d8e,unity_docs,official_documentation,Manual,,Create custom Editors with IMGUI,https://docs.unity3d.com/6000.4/Documentation/Manual/editor-CustomEditors.html,unity_docs_incremental_260527_002,4,E:/系统/桌面/工作区/本学期/大三下/IT项目管理/大作业/Data/KnowledgeBase/processed_clean/dify_import/unity_docs_chunk_3f487f527a3ba160.md,1777,2026-05-27T13:13:28.546684+00:00
chunk_3f08b5f49bc52ccb,unity_65d887e29cf57d8e,unity_docs,official_documentation,Manual,,Create custom Editors with IMGUI,https://docs.unity3d.com/6000.4/Documentation/Manual/editor-CustomEditors.html,unity_docs_incremental_260527_002,5,E:/系统/桌面/工作区/本学期/大三下/IT项目管理/大作业/Data/KnowledgeBase/processed_clean/dify_import/unity_docs_chunk_3f08b5f49bc52ccb.md,1729,2026-05-27T13:13:28.547531+00:00
chunk_c2da05f9f1dd0c6b,unity_65d887e29cf57d8e,unity_docs,official_documentation,Manual,,Create custom Editors with IMGUI,https://docs.unity3d.com/6000.4/Documentation/Manual/editor-CustomEditors.html,unity_docs_incremental_260527_002,6,E:/系统/桌面/工作区/本学期/大三下/IT项目管理/大作业/Data/KnowledgeBase/processed_clean/dify_import/unity_docs_chunk_c2da05f9f1dd0c6b.md,761,2026-05-27T13:13:28.548343+00:00
chunk_1c1ef98143a38f1f,unity_ba62d9ee1bb3a635,unity_docs,official_documentation,ScriptReference,,Object,https://docs.unity3d.com/6000.4/Documentation/ScriptReference/Object.html,unity_docs_incremental_260527_002,1,E:/系统/桌面/工作区/本学期/大三下/IT项目管理/大作业/Data/KnowledgeBase/processed_clean/dify_import/unity_docs_chunk_1c1ef98143a38f1f.md,1682,2026-05-27T13:13:28.550065+00:00
chunk_cbb9ba8665aa344e,unity_ba62d9ee1bb3a635,unity_docs,official_documentation,ScriptReference,,Object,https://docs.unity3d.com/6000.4/Documentation/ScriptReference/Object.html,unity_docs_incremental_260527_002,2,E:/系统/桌面/工作区/本学期/大三下/IT项目管理/大作业/Data/KnowledgeBase/processed_clean/dify_import/unity_docs_chunk_cbb9ba8665aa344e.md,1356,2026-05-27T13:13:28.550938+00:00
chunk_25dc95d5e3202db0,unity_4dd9ac81d49a080a,unity_docs,official_documentation,Manual,,Types of 2D primitive GameObjects,https://docs.unity3d.com/6000.4/Documentation/Manual/2DPrimitiveObjects.html,unity_docs_incremental_260527_002,1,E:/系统/桌面/工作区/本学期/大三下/IT项目管理/大作业/Data/KnowledgeBase/processed_clean/dify_import/unity_docs_chunk_25dc95d5e3202db0.md,1796,2026-05-27T13:13:28.553204+00:00
chunk_e0e3a24308749aca,unity_4dd9ac81d49a080a,unity_docs,official_documentation,Manual,,Types of 2D primitive GameObjects,https://docs.unity3d.com/6000.4/Documentation/Manual/2DPrimitiveObjects.html,unity_docs_incremental_260527_002,2,E:/系统/桌面/工作区/本学期/大三下/IT项目管理/大作业/Data/KnowledgeBase/processed_clean/dify_import/unity_docs_chunk_e0e3a24308749aca.md,1684,2026-05-27T13:13:28.554455+00:00
chunk_139ef827e2430bb5,unity_4dd9ac81d49a080a,unity_docs,official_documentation,Manual,,Types of 2D primitive GameObjects,https://docs.unity3d.com/6000.4/Documentation/Manual/2DPrimitiveObjects.html,unity_docs_incremental_260527_002,3,E:/系统/桌面/工作区/本学期/大三下/IT项目管理/大作业/Data/KnowledgeBase/processed_clean/dify_import/unity_docs_chunk_139ef827e2430bb5.md,1790,2026-05-27T13:13:28.555316+00:00
chunk_cd6271d0a51ed315,unity_4dd9ac81d49a080a,unity_docs,official_documentation,Manual,,Types of 2D primitive GameObjects,https://docs.unity3d.com/6000.4/Documentation/Manual/2DPrimitiveObjects.html,unity_docs_incremental_260527_002,4,E:/系统/桌面/工作区/本学期/大三下/IT项目管理/大作业/Data/KnowledgeBase/processed_clean/dify_import/unity_docs_chunk_cd6271d0a51ed315.md,1780,2026-05-27T13:13:28.556166+00:00
chunk_8d1c7ea82713b840,unity_4dd9ac81d49a080a,unity_docs,official_documentation,Manual,,Types of 2D primitive GameObjects,https://docs.unity3d.com/6000.4/Documentation/Manual/2DPrimitiveObjects.html,unity_docs_incremental_260527_002,5,E:/系统/桌面/工作区/本学期/大三下/IT项目管理/大作业/Data/KnowledgeBase/processed_clean/dify_import/unity_docs_chunk_8d1c7ea82713b840.md,455,2026-05-27T13:13:28.557523+00:00
chunk_1b0e7e8c56743d7e,unity_ab90b7b1fa552035,unity_docs,official_documentation,Manual,,Programming with the Quaternion class,https://docs.unity3d.com/6000.4/Documentation/Manual/class-Quaternion.html,unity_docs_incremental_260527_002,1,E:/系统/桌面/工作区/本学期/大三下/IT项目管理/大作业/Data/KnowledgeBase/processed_clean/dify_import/unity_docs_chunk_1b0e7e8c56743d7e.md,1711,2026-05-27T13:13:28.559736+00:00
chunk_d664c90981bace96,unity_ab90b7b1fa552035,unity_docs,official_documentation,Manual,,Programming with the Quaternion class,https://docs.unity3d.com/6000.4/Documentation/Manual/class-Quaternion.html,unity_docs_incremental_260527_002,2,E:/系统/桌面/工作区/本学期/大三下/IT项目管理/大作业/Data/KnowledgeBase/processed_clean/dify_import/unity_docs_chunk_d664c90981bace96.md,1797,2026-05-27T13:13:28.560659+00:00
chunk_5370df7b6ab5ed21,unity_ab90b7b1fa552035,unity_docs,official_documentation,Manual,,Programming with the Quaternion class,https://docs.unity3d.com/6000.4/Documentation/Manual/class-Quaternion.html,unity_docs_incremental_260527_002,3,E:/系统/桌面/工作区/本学期/大三下/IT项目管理/大作业/Data/KnowledgeBase/processed_clean/dify_import/unity_docs_chunk_5370df7b6ab5ed21.md,1213,2026-05-27T13:13:28.561486+00:00
chunk_d764e6ed7025d298,unity_51700549107ed25a,unity_docs,official_documentation,ScriptReference,,Transform .eulerAngles,https://docs.unity3d.com/ScriptReference/Transform-eulerAngles.html,unity_docs_incremental_260527_002,1,E:/系统/桌面/工作区/本学期/大三下/IT项目管理/大作业/Data/KnowledgeBase/processed_clean/dify_import/unity_docs_chunk_d764e6ed7025d298.md,1637,2026-05-27T13:13:28.563403+00:00
chunk_eee1d60fa230a105,unity_51700549107ed25a,unity_docs,official_documentation,ScriptReference,,Transform .eulerAngles,https://docs.unity3d.com/ScriptReference/Transform-eulerAngles.html,unity_docs_incremental_260527_002,2,E:/系统/桌面/工作区/本学期/大三下/IT项目管理/大作业/Data/KnowledgeBase/processed_clean/dify_import/unity_docs_chunk_eee1d60fa230a105.md,1786,2026-05-27T13:13:28.564466+00:00
chunk_1545ebb7d1b79464,unity_51700549107ed25a,unity_docs,official_documentation,ScriptReference,,Transform .eulerAngles,https://docs.unity3d.com/ScriptReference/Transform-eulerAngles.html,unity_docs_incremental_260527_002,3,E:/系统/桌面/工作区/本学期/大三下/IT项目管理/大作业/Data/KnowledgeBase/processed_clean/dify_import/unity_docs_chunk_1545ebb7d1b79464.md,308,2026-05-27T13:13:28.565146+00:00
chunk_6353edcbf65d34db,unity_2d2172b96f06fb5b,unity_docs,official_documentation,ScriptReference,,Quaternion .Euler,https://docs.unity3d.com/ScriptReference/Quaternion.Euler.html,unity_docs_incremental_260527_002,1,E:/系统/桌面/工作区/本学期/大三下/IT项目管理/大作业/Data/KnowledgeBase/processed_clean/dify_import/unity_docs_chunk_6353edcbf65d34db.md,1758,2026-05-27T13:13:28.566705+00:00
chunk_0ab969e0333b83f8,unity_2d2172b96f06fb5b,unity_docs,official_documentation,ScriptReference,,Quaternion .Euler,https://docs.unity3d.com/ScriptReference/Quaternion.Euler.html,unity_docs_incremental_260527_002,2,E:/系统/桌面/工作区/本学期/大三下/IT项目管理/大作业/Data/KnowledgeBase/processed_clean/dify_import/unity_docs_chunk_0ab969e0333b83f8.md,763,2026-05-27T13:13:28.567325+00:00
chunk_3e8d6d8838f4c7fe,unity_41187c8f1c8ae658,unity_docs,official_documentation,ScriptReference,,Quaternion .eulerAngles,https://docs.unity3d.com/ScriptReference/Quaternion-eulerAngles.html,unity_docs_incremental_260527_002,1,E:/系统/桌面/工作区/本学期/大三下/IT项目管理/大作业/Data/KnowledgeBase/processed_clean/dify_import/unity_docs_chunk_3e8d6d8838f4c7fe.md,1721,2026-05-27T13:13:28.569237+00:00
chunk_c93016f6b62ffd49,unity_41187c8f1c8ae658,unity_docs,official_documentation,ScriptReference,,Quaternion .eulerAngles,https://docs.unity3d.com/ScriptReference/Quaternion-eulerAngles.html,unity_docs_incremental_260527_002,2,E:/系统/桌面/工作区/本学期/大三下/IT项目管理/大作业/Data/KnowledgeBase/processed_clean/dify_import/unity_docs_chunk_c93016f6b62ffd49.md,1793,2026-05-27T13:13:28.570244+00:00
chunk_83fa385f2bb86c05,unity_41187c8f1c8ae658,unity_docs,official_documentation,ScriptReference,,Quaternion .eulerAngles,https://docs.unity3d.com/ScriptReference/Quaternion-eulerAngles.html,unity_docs_incremental_260527_002,3,E:/系统/桌面/工作区/本学期/大三下/IT项目管理/大作业/Data/KnowledgeBase/processed_clean/dify_import/unity_docs_chunk_83fa385f2bb86c05.md,1170,2026-05-27T13:13:28.571520+00:00
chunk_f03c75db39b6c192,unity_c561f967606fe1d2,unity_docs,official_documentation,Manual,,Rotation in animations,https://docs.unity3d.com/6000.4/Documentation/Manual/AnimationRotate.html,unity_docs_incremental_260527_002,1,E:/系统/桌面/工作区/本学期/大三下/IT项目管理/大作业/Data/KnowledgeBase/processed_clean/dify_import/unity_docs_chunk_f03c75db39b6c192.md,1799,2026-05-27T13:13:28.573082+00:00
chunk_63c7cb0c9b2d0f8d,unity_c561f967606fe1d2,unity_docs,official_documentation,Manual,,Rotation in animations,https://docs.unity3d.com/6000.4/Documentation/Manual/AnimationRotate.html,unity_docs_incremental_260527_002,2,E:/系统/桌面/工作区/本学期/大三下/IT项目管理/大作业/Data/KnowledgeBase/processed_clean/dify_import/unity_docs_chunk_63c7cb0c9b2d0f8d.md,1766,2026-05-27T13:13:28.573967+00:00
chunk_f039350e0f43eb5e,unity_630fd620e9d6ec32,unity_docs,official_documentation,ScriptReference,,ReflectionProbe,https://docs.unity3d.com/6000.4/Documentation/ScriptReference/ReflectionProbe.html,unity_docs_incremental_260527_002,1,E:/系统/桌面/工作区/本学期/大三下/IT项目管理/大作业/Data/KnowledgeBase/processed_clean/dify_import/unity_docs_chunk_f039350e0f43eb5e.md,1785,2026-05-27T13:13:28.576134+00:00
chunk_7390ef75bbcf72a6,unity_630fd620e9d6ec32,unity_docs,official_documentation,ScriptReference,,ReflectionProbe,https://docs.unity3d.com/6000.4/Documentation/ScriptReference/ReflectionProbe.html,unity_docs_incremental_260527_002,2,E:/系统/桌面/工作区/本学期/大三下/IT项目管理/大作业/Data/KnowledgeBase/processed_clean/dify_import/unity_docs_chunk_7390ef75bbcf72a6.md,1661,2026-05-27T13:13:28.576814+00:00
chunk_0ca014773f7ae645,unity_630fd620e9d6ec32,unity_docs,official_documentation,ScriptReference,,ReflectionProbe,https://docs.unity3d.com/6000.4/Documentation/ScriptReference/ReflectionProbe.html,unity_docs_incremental_260527_002,3,E:/系统/桌面/工作区/本学期/大三下/IT项目管理/大作业/Data/KnowledgeBase/processed_clean/dify_import/unity_docs_chunk_0ca014773f7ae645.md,1737,2026-05-27T13:13:28.577607+00:00
chunk_7b5c26885976b2d2,unity_630fd620e9d6ec32,unity_docs,official_documentation,ScriptReference,,ReflectionProbe,https://docs.unity3d.com/6000.4/Documentation/ScriptReference/ReflectionProbe.html,unity_docs_incremental_260527_002,4,E:/系统/桌面/工作区/本学期/大三下/IT项目管理/大作业/Data/KnowledgeBase/processed_clean/dify_import/unity_docs_chunk_7b5c26885976b2d2.md,1767,2026-05-27T13:13:28.578974+00:00
chunk_7348e124d71b0702,unity_630fd620e9d6ec32,unity_docs,official_documentation,ScriptReference,,ReflectionProbe,https://docs.unity3d.com/6000.4/Documentation/ScriptReference/ReflectionProbe.html,unity_docs_incremental_260527_002,5,E:/系统/桌面/工作区/本学期/大三下/IT项目管理/大作业/Data/KnowledgeBase/processed_clean/dify_import/unity_docs_chunk_7348e124d71b0702.md,1365,2026-05-27T13:13:28.579795+00:00
chunk_45ff64f379b31076,unity_20204ea3a944a861,unity_docs,official_documentation,Manual,,Place a Reflection Probe,https://docs.unity3d.com/6000.4/Documentation/Manual/UsingReflectionProbes.html,unity_docs_incremental_260527_002,1,E:/系统/桌面/工作区/本学期/大三下/IT项目管理/大作业/Data/KnowledgeBase/processed_clean/dify_import/unity_docs_chunk_45ff64f379b31076.md,1792,2026-05-27T13:13:28.582693+00:00
chunk_7c06f6272e10ea5f,unity_20204ea3a944a861,unity_docs,official_documentation,Manual,,Place a Reflection Probe,https://docs.unity3d.com/6000.4/Documentation/Manual/UsingReflectionProbes.html,unity_docs_incremental_260527_002,2,E:/系统/桌面/工作区/本学期/大三下/IT项目管理/大作业/Data/KnowledgeBase/processed_clean/dify_import/unity_docs_chunk_7c06f6272e10ea5f.md,1672,2026-05-27T13:13:28.583506+00:00
chunk_d6e0e3ab16a105a5,unity_20204ea3a944a861,unity_docs,official_documentation,Manual,,Place a Reflection Probe,https://docs.unity3d.com/6000.4/Documentation/Manual/UsingReflectionProbes.html,unity_docs_incremental_260527_002,3,E:/系统/桌面/工作区/本学期/大三下/IT项目管理/大作业/Data/KnowledgeBase/processed_clean/dify_import/unity_docs_chunk_d6e0e3ab16a105a5.md,1373,2026-05-27T13:13:28.584862+00:00
chunk_7ad419dc0bc10a12,unity_20204ea3a944a861,unity_docs,official_documentation,Manual,,Place a Reflection Probe,https://docs.unity3d.com/6000.4/Documentation/Manual/UsingReflectionProbes.html,unity_docs_incremental_260527_002,4,E:/系统/桌面/工作区/本学期/大三下/IT项目管理/大作业/Data/KnowledgeBase/processed_clean/dify_import/unity_docs_chunk_7ad419dc0bc10a12.md,1792,2026-05-27T13:13:28.585886+00:00
chunk_ae1bc67ee948ecb3,unity_20204ea3a944a861,unity_docs,official_documentation,Manual,,Place a Reflection Probe,https://docs.unity3d.com/6000.4/Documentation/Manual/UsingReflectionProbes.html,unity_docs_incremental_260527_002,5,E:/系统/桌面/工作区/本学期/大三下/IT项目管理/大作业/Data/KnowledgeBase/processed_clean/dify_import/unity_docs_chunk_ae1bc67ee948ecb3.md,1748,2026-05-27T13:13:28.586858+00:00
chunk_d25bcbb09be1cc0f,unity_20204ea3a944a861,unity_docs,official_documentation,Manual,,Place a Reflection Probe,https://docs.unity3d.com/6000.4/Documentation/Manual/UsingReflectionProbes.html,unity_docs_incremental_260527_002,6,E:/系统/桌面/工作区/本学期/大三下/IT项目管理/大作业/Data/KnowledgeBase/processed_clean/dify_import/unity_docs_chunk_d25bcbb09be1cc0f.md,935,2026-05-27T13:13:28.587895+00:00
chunk_9c3a5097d1021c22,unity_dcd1b54938d2d7f7,unity_docs,official_documentation,Manual,,Reflections in URP,https://docs.unity3d.com/6000.4/Documentation/Manual/urp/lighting/reflection-probes.html,unity_docs_incremental_260527_002,1,E:/系统/桌面/工作区/本学期/大三下/IT项目管理/大作业/Data/KnowledgeBase/processed_clean/dify_import/unity_docs_chunk_9c3a5097d1021c22.md,1134,2026-05-27T13:13:28.589661+00:00
chunk_a16eff54733715ae,unity_6d12d5fb3f3ef666,unity_docs,official_documentation,Manual,,Relative Joint 2D fundamentals,https://docs.unity3d.com/6000.4/Documentation/Manual/2d-physics/joints/relative-joint-2d-fundamentals.html,unity_docs_incremental_260527_002,1,E:/系统/桌面/工作区/本学期/大三下/IT项目管理/大作业/Data/KnowledgeBase/processed_clean/dify_import/unity_docs_chunk_a16eff54733715ae.md,1789,2026-05-27T13:13:28.591961+00:00
chunk_2dd6043490558059,unity_6d12d5fb3f3ef666,unity_docs,official_documentation,Manual,,Relative Joint 2D fundamentals,https://docs.unity3d.com/6000.4/Documentation/Manual/2d-physics/joints/relative-joint-2d-fundamentals.html,unity_docs_incremental_260527_002,2,E:/系统/桌面/工作区/本学期/大三下/IT项目管理/大作业/Data/KnowledgeBase/processed_clean/dify_import/unity_docs_chunk_2dd6043490558059.md,1524,2026-05-27T13:13:28.592845+00:00
chunk_965ca54561b04ba3,unity_b54df7f168f7d251,unity_docs,official_documentation,Manual,,Introduction to Legacy Animation system,https://docs.unity3d.com/6000.4/Documentation/Manual/Animations.html,unity_docs_incremental_260527_002,1,E:/系统/桌面/工作区/本学期/大三下/IT项目管理/大作业/Data/KnowledgeBase/processed_clean/dify_import/unity_docs_chunk_965ca54561b04ba3.md,1230,2026-05-27T13:13:28.594360+00:00
chunk_7c51f96b07605d1d,unity_017707c46a49d9cf,unity_docs,official_documentation,Manual,,Creating models for optimal performance,https://docs.unity3d.com/6000.4/Documentation/Manual/ModelingOptimizedCharacters.html,unity_docs_incremental_260527_002,1,E:/系统/桌面/工作区/本学期/大三下/IT项目管理/大作业/Data/KnowledgeBase/processed_clean/dify_import/unity_docs_chunk_7c51f96b07605d1d.md,1759,2026-05-27T13:13:28.596515+00:00
chunk_8a7ee37a1898938b,unity_017707c46a49d9cf,unity_docs,official_documentation,Manual,,Creating models for optimal performance,https://docs.unity3d.com/6000.4/Documentation/Manual/ModelingOptimizedCharacters.html,unity_docs_incremental_260527_002,2,E:/系统/桌面/工作区/本学期/大三下/IT项目管理/大作业/Data/KnowledgeBase/processed_clean/dify_import/unity_docs_chunk_8a7ee37a1898938b.md,1723,2026-05-27T13:13:28.597520+00:00
chunk_9bdcf36269d5f29b,unity_017707c46a49d9cf,unity_docs,official_documentation,Manual,,Creating models for optimal performance,https://docs.unity3d.com/6000.4/Documentation/Manual/ModelingOptimizedCharacters.html,unity_docs_incremental_260527_002,3,E:/系统/桌面/工作区/本学期/大三下/IT项目管理/大作业/Data/KnowledgeBase/processed_clean/dify_import/unity_docs_chunk_9bdcf36269d5f29b.md,1772,2026-05-27T13:13:28.598368+00:00
chunk_4b910b738385948a,unity_017707c46a49d9cf,unity_docs,official_documentation,Manual,,Creating models for optimal performance,https://docs.unity3d.com/6000.4/Documentation/Manual/ModelingOptimizedCharacters.html,unity_docs_incremental_260527_002,4,E:/系统/桌面/工作区/本学期/大三下/IT项目管理/大作业/Data/KnowledgeBase/processed_clean/dify_import/unity_docs_chunk_4b910b738385948a.md,1122,2026-05-27T13:13:28.603151+00:00
chunk_fb4f9b8dd931d13d,unity_98fb3d6fb7d3f878,unity_docs,official_documentation,Manual,,Visual elements reference,https://docs.unity3d.com/6000.4/Documentation/Manual/UIE-ElementRef.html,unity_docs_incremental_260527_002,1,E:/系统/桌面/工作区/本学期/大三下/IT项目管理/大作业/Data/KnowledgeBase/processed_clean/dify_import/unity_docs_chunk_fb4f9b8dd931d13d.md,1788,2026-05-27T13:13:28.635588+00:00
chunk_1bf20ec8b3dfda71,unity_98fb3d6fb7d3f878,unity_docs,official_documentation,Manual,,Visual elements reference,https://docs.unity3d.com/6000.4/Documentation/Manual/UIE-ElementRef.html,unity_docs_incremental_260527_002,2,E:/系统/桌面/工作区/本学期/大三下/IT项目管理/大作业/Data/KnowledgeBase/processed_clean/dify_import/unity_docs_chunk_1bf20ec8b3dfda71.md,1780,2026-05-27T13:13:28.636873+00:00
chunk_002ac85e7f3607e3,unity_98fb3d6fb7d3f878,unity_docs,official_documentation,Manual,,Visual elements reference,https://docs.unity3d.com/6000.4/Documentation/Manual/UIE-ElementRef.html,unity_docs_incremental_260527_002,3,E:/系统/桌面/工作区/本学期/大三下/IT项目管理/大作业/Data/KnowledgeBase/processed_clean/dify_import/unity_docs_chunk_002ac85e7f3607e3.md,1798,2026-05-27T13:13:28.637740+00:00
chunk_2141c0fd0ab5c1a5,unity_98fb3d6fb7d3f878,unity_docs,official_documentation,Manual,,Visual elements reference,https://docs.unity3d.com/6000.4/Documentation/Manual/UIE-ElementRef.html,unity_docs_incremental_260527_002,4,E:/系统/桌面/工作区/本学期/大三下/IT项目管理/大作业/Data/KnowledgeBase/processed_clean/dify_import/unity_docs_chunk_2141c0fd0ab5c1a5.md,1708,2026-05-27T13:13:28.638739+00:00
chunk_6bbf3caa85cf35d4,unity_98fb3d6fb7d3f878,unity_docs,official_documentation,Manual,,Visual elements reference,https://docs.unity3d.com/6000.4/Documentation/Manual/UIE-ElementRef.html,unity_docs_incremental_260527_002,5,E:/系统/桌面/工作区/本学期/大三下/IT项目管理/大作业/Data/KnowledgeBase/processed_clean/dify_import/unity_docs_chunk_6bbf3caa85cf35d4.md,1191,2026-05-27T13:13:28.641020+00:00
chunk_c0054af6bca03674,unity_57d6e9c1ef2e3543,unity_docs,official_documentation,Manual,,RenderingLayerMaskField,https://docs.unity3d.com/6000.4/Documentation/Manual/UIE-uxml-element-RenderingLayerMaskField.html,unity_docs_incremental_260527_002,1,E:/系统/桌面/工作区/本学期/大三下/IT项目管理/大作业/Data/KnowledgeBase/processed_clean/dify_import/unity_docs_chunk_c0054af6bca03674.md,1781,2026-05-27T13:13:28.644732+00:00
chunk_4904a0031afacc8d,unity_57d6e9c1ef2e3543,unity_docs,official_documentation,Manual,,RenderingLayerMaskField,https://docs.unity3d.com/6000.4/Documentation/Manual/UIE-uxml-element-RenderingLayerMaskField.html,unity_docs_incremental_260527_002,2,E:/系统/桌面/工作区/本学期/大三下/IT项目管理/大作业/Data/KnowledgeBase/processed_clean/dify_import/unity_docs_chunk_4904a0031afacc8d.md,1714,2026-05-27T13:13:28.645700+00:00
chunk_5c51c187311e70a2,unity_57d6e9c1ef2e3543,unity_docs,official_documentation,Manual,,RenderingLayerMaskField,https://docs.unity3d.com/6000.4/Documentation/Manual/UIE-uxml-element-RenderingLayerMaskField.html,unity_docs_incremental_260527_002,3,E:/系统/桌面/工作区/本学期/大三下/IT项目管理/大作业/Data/KnowledgeBase/processed_clean/dify_import/unity_docs_chunk_5c51c187311e70a2.md,1654,2026-05-27T13:13:28.646933+00:00
chunk_e0e1efb38dd9ce41,unity_57d6e9c1ef2e3543,unity_docs,official_documentation,Manual,,RenderingLayerMaskField,https://docs.unity3d.com/6000.4/Documentation/Manual/UIE-uxml-element-RenderingLayerMaskField.html,unity_docs_incremental_260527_002,4,E:/系统/桌面/工作区/本学期/大三下/IT项目管理/大作业/Data/KnowledgeBase/processed_clean/dify_import/unity_docs_chunk_e0e1efb38dd9ce41.md,1795,2026-05-27T13:13:28.648373+00:00
chunk_49d30e2388c2156b,unity_57d6e9c1ef2e3543,unity_docs,official_documentation,Manual,,RenderingLayerMaskField,https://docs.unity3d.com/6000.4/Documentation/Manual/UIE-uxml-element-RenderingLayerMaskField.html,unity_docs_incremental_260527_002,5,E:/系统/桌面/工作区/本学期/大三下/IT项目管理/大作业/Data/KnowledgeBase/processed_clean/dify_import/unity_docs_chunk_49d30e2388c2156b.md,1791,2026-05-27T13:13:28.649044+00:00
chunk_679ead6c42ec0974,unity_57d6e9c1ef2e3543,unity_docs,official_documentation,Manual,,RenderingLayerMaskField,https://docs.unity3d.com/6000.4/Documentation/Manual/UIE-uxml-element-RenderingLayerMaskField.html,unity_docs_incremental_260527_002,6,E:/系统/桌面/工作区/本学期/大三下/IT项目管理/大作业/Data/KnowledgeBase/processed_clean/dify_import/unity_docs_chunk_679ead6c42ec0974.md,285,2026-05-27T13:13:28.650574+00:00
chunk_c5798901a4b8db2b,unity_00b1b7951165a432,unity_docs,official_documentation,Manual,,Scroller,https://docs.unity3d.com/6000.4/Documentation/Manual/UIE-uxml-element-Scroller.html,unity_docs_incremental_260527_002,1,E:/系统/桌面/工作区/本学期/大三下/IT项目管理/大作业/Data/KnowledgeBase/processed_clean/dify_import/unity_docs_chunk_c5798901a4b8db2b.md,1791,2026-05-27T13:13:28.653448+00:00
chunk_a776e64ed70dce15,unity_00b1b7951165a432,unity_docs,official_documentation,Manual,,Scroller,https://docs.unity3d.com/6000.4/Documentation/Manual/UIE-uxml-element-Scroller.html,unity_docs_incremental_260527_002,2,E:/系统/桌面/工作区/本学期/大三下/IT项目管理/大作业/Data/KnowledgeBase/processed_clean/dify_import/unity_docs_chunk_a776e64ed70dce15.md,1676,2026-05-27T13:13:28.654750+00:00
chunk_6d0eb38200575236,unity_00b1b7951165a432,unity_docs,official_documentation,Manual,,Scroller,https://docs.unity3d.com/6000.4/Documentation/Manual/UIE-uxml-element-Scroller.html,unity_docs_incremental_260527_002,3,E:/系统/桌面/工作区/本学期/大三下/IT项目管理/大作业/Data/KnowledgeBase/processed_clean/dify_import/unity_docs_chunk_6d0eb38200575236.md,1735,2026-05-27T13:13:28.655771+00:00
chunk_92a1784db476f368,unity_00b1b7951165a432,unity_docs,official_documentation,Manual,,Scroller,https://docs.unity3d.com/6000.4/Documentation/Manual/UIE-uxml-element-Scroller.html,unity_docs_incremental_260527_002,4,E:/系统/桌面/工作区/本学期/大三下/IT项目管理/大作业/Data/KnowledgeBase/processed_clean/dify_import/unity_docs_chunk_92a1784db476f368.md,1752,2026-05-27T13:13:28.656688+00:00
chunk_90956a322d6e7a6c,unity_00b1b7951165a432,unity_docs,official_documentation,Manual,,Scroller,https://docs.unity3d.com/6000.4/Documentation/Manual/UIE-uxml-element-Scroller.html,unity_docs_incremental_260527_002,5,E:/系统/桌面/工作区/本学期/大三下/IT项目管理/大作业/Data/KnowledgeBase/processed_clean/dify_import/unity_docs_chunk_90956a322d6e7a6c.md,1760,2026-05-27T13:13:28.657604+00:00
chunk_ef2ad13efd3e9abb,unity_00b1b7951165a432,unity_docs,official_documentation,Manual,,Scroller,https://docs.unity3d.com/6000.4/Documentation/Manual/UIE-uxml-element-Scroller.html,unity_docs_incremental_260527_002,6,E:/系统/桌面/工作区/本学期/大三下/IT项目管理/大作业/Data/KnowledgeBase/processed_clean/dify_import/unity_docs_chunk_ef2ad13efd3e9abb.md,513,2026-05-27T13:13:28.665737+00:00
chunk_64fd8725aeea7b11,unity_d8ab7e43b26ae815,unity_docs,official_documentation,Manual,,USS built-in variable references,https://docs.unity3d.com/6000.4/Documentation/Manual/UIE-uss-built-in-variable-reference.html,unity_docs_incremental_260527_002,1,E:/系统/桌面/工作区/本学期/大三下/IT项目管理/大作业/Data/KnowledgeBase/processed_clean/dify_import/unity_docs_chunk_64fd8725aeea7b11.md,1741,2026-05-27T13:13:28.670532+00:00
chunk_0b234c9d25ca1f1b,unity_d8ab7e43b26ae815,unity_docs,official_documentation,Manual,,USS built-in variable references,https://docs.unity3d.com/6000.4/Documentation/Manual/UIE-uss-built-in-variable-reference.html,unity_docs_incremental_260527_002,2,E:/系统/桌面/工作区/本学期/大三下/IT项目管理/大作业/Data/KnowledgeBase/processed_clean/dify_import/unity_docs_chunk_0b234c9d25ca1f1b.md,1752,2026-05-27T13:13:28.671470+00:00
chunk_5186067127a410de,unity_d8ab7e43b26ae815,unity_docs,official_documentation,Manual,,USS built-in variable references,https://docs.unity3d.com/6000.4/Documentation/Manual/UIE-uss-built-in-variable-reference.html,unity_docs_incremental_260527_002,3,E:/系统/桌面/工作区/本学期/大三下/IT项目管理/大作业/Data/KnowledgeBase/processed_clean/dify_import/unity_docs_chunk_5186067127a410de.md,1773,2026-05-27T13:13:28.672511+00:00
chunk_05a49ae31429693e,unity_d8ab7e43b26ae815,unity_docs,official_documentation,Manual,,USS built-in variable references,https://docs.unity3d.com/6000.4/Documentation/Manual/UIE-uss-built-in-variable-reference.html,unity_docs_incremental_260527_002,4,E:/系统/桌面/工作区/本学期/大三下/IT项目管理/大作业/Data/KnowledgeBase/processed_clean/dify_import/unity_docs_chunk_05a49ae31429693e.md,1800,2026-05-27T13:13:28.673322+00:00
chunk_99ce3590ee5fe57d,unity_d8ab7e43b26ae815,unity_docs,official_documentation,Manual,,USS built-in variable references,https://docs.unity3d.com/6000.4/Documentation/Manual/UIE-uss-built-in-variable-reference.html,unity_docs_incremental_260527_002,5,E:/系统/桌面/工作区/本学期/大三下/IT项目管理/大作业/Data/KnowledgeBase/processed_clean/dify_import/unity_docs_chunk_99ce3590ee5fe57d.md,1793,2026-05-27T13:13:28.674021+00:00
chunk_1dcf81886ed61608,unity_d8ab7e43b26ae815,unity_docs,official_documentation,Manual,,USS built-in variable references,https://docs.unity3d.com/6000.4/Documentation/Manual/UIE-uss-built-in-variable-reference.html,unity_docs_incremental_260527_002,6,E:/系统/桌面/工作区/本学期/大三下/IT项目管理/大作业/Data/KnowledgeBase/processed_clean/dify_import/unity_docs_chunk_1dcf81886ed61608.md,1756,2026-05-27T13:13:28.674781+00:00
chunk_41bf03cc58dde359,unity_d8ab7e43b26ae815,unity_docs,official_documentation,Manual,,USS built-in variable references,https://docs.unity3d.com/6000.4/Documentation/Manual/UIE-uss-built-in-variable-reference.html,unity_docs_incremental_260527_002,7,E:/系统/桌面/工作区/本学期/大三下/IT项目管理/大作业/Data/KnowledgeBase/processed_clean/dify_import/unity_docs_chunk_41bf03cc58dde359.md,1776,2026-05-27T13:13:28.675688+00:00
chunk_a83cd0c25f87bdc5,unity_d8ab7e43b26ae815,unity_docs,official_documentation,Manual,,USS built-in variable references,https://docs.unity3d.com/6000.4/Documentation/Manual/UIE-uss-built-in-variable-reference.html,unity_docs_incremental_260527_002,8,E:/系统/桌面/工作区/本学期/大三下/IT项目管理/大作业/Data/KnowledgeBase/processed_clean/dify_import/unity_docs_chunk_a83cd0c25f87bdc5.md,1756,2026-05-27T13:13:28.676811+00:00
chunk_73d2866ffa3c751d,unity_d8ab7e43b26ae815,unity_docs,official_documentation,Manual,,USS built-in variable references,https://docs.unity3d.com/6000.4/Documentation/Manual/UIE-uss-built-in-variable-reference.html,unity_docs_incremental_260527_002,9,E:/系统/桌面/工作区/本学期/大三下/IT项目管理/大作业/Data/KnowledgeBase/processed_clean/dify_import/unity_docs_chunk_73d2866ffa3c751d.md,1746,2026-05-27T13:13:28.677661+00:00
chunk_acc4f90c9d1b7d11,unity_d8ab7e43b26ae815,unity_docs,official_documentation,Manual,,USS built-in variable references,https://docs.unity3d.com/6000.4/Documentation/Manual/UIE-uss-built-in-variable-reference.html,unity_docs_incremental_260527_002,10,E:/系统/桌面/工作区/本学期/大三下/IT项目管理/大作业/Data/KnowledgeBase/processed_clean/dify_import/unity_docs_chunk_acc4f90c9d1b7d11.md,1774,2026-05-27T13:13:28.678494+00:00
chunk_e9adfd78ec4597a6,unity_d8ab7e43b26ae815,unity_docs,official_documentation,Manual,,USS built-in variable references,https://docs.unity3d.com/6000.4/Documentation/Manual/UIE-uss-built-in-variable-reference.html,unity_docs_incremental_260527_002,11,E:/系统/桌面/工作区/本学期/大三下/IT项目管理/大作业/Data/KnowledgeBase/processed_clean/dify_import/unity_docs_chunk_e9adfd78ec4597a6.md,1775,2026-05-27T13:13:28.679262+00:00
chunk_b1b146ac8474abe0,unity_d8ab7e43b26ae815,unity_docs,official_documentation,Manual,,USS built-in variable references,https://docs.unity3d.com/6000.4/Documentation/Manual/UIE-uss-built-in-variable-reference.html,unity_docs_incremental_260527_002,12,E:/系统/桌面/工作区/本学期/大三下/IT项目管理/大作业/Data/KnowledgeBase/processed_clean/dify_import/unity_docs_chunk_b1b146ac8474abe0.md,1793,2026-05-27T13:13:28.680291+00:00
chunk_10f2bc584b00190c,unity_d8ab7e43b26ae815,unity_docs,official_documentation,Manual,,USS built-in variable references,https://docs.unity3d.com/6000.4/Documentation/Manual/UIE-uss-built-in-variable-reference.html,unity_docs_incremental_260527_002,13,E:/系统/桌面/工作区/本学期/大三下/IT项目管理/大作业/Data/KnowledgeBase/processed_clean/dify_import/unity_docs_chunk_10f2bc584b00190c.md,1795,2026-05-27T13:13:28.681295+00:00
chunk_4432429f61bdd47b,unity_d8ab7e43b26ae815,unity_docs,official_documentation,Manual,,USS built-in variable references,https://docs.unity3d.com/6000.4/Documentation/Manual/UIE-uss-built-in-variable-reference.html,unity_docs_incremental_260527_002,14,E:/系统/桌面/工作区/本学期/大三下/IT项目管理/大作业/Data/KnowledgeBase/processed_clean/dify_import/unity_docs_chunk_4432429f61bdd47b.md,1800,2026-05-27T13:13:28.682163+00:00
chunk_f909563ee58ed887,unity_d8ab7e43b26ae815,unity_docs,official_documentation,Manual,,USS built-in variable references,https://docs.unity3d.com/6000.4/Documentation/Manual/UIE-uss-built-in-variable-reference.html,unity_docs_incremental_260527_002,15,E:/系统/桌面/工作区/本学期/大三下/IT项目管理/大作业/Data/KnowledgeBase/processed_clean/dify_import/unity_docs_chunk_f909563ee58ed887.md,1752,2026-05-27T13:13:28.683241+00:00
chunk_9baa7438591ecf77,unity_d8ab7e43b26ae815,unity_docs,official_documentation,Manual,,USS built-in variable references,https://docs.unity3d.com/6000.4/Documentation/Manual/UIE-uss-built-in-variable-reference.html,unity_docs_incremental_260527_002,16,E:/系统/桌面/工作区/本学期/大三下/IT项目管理/大作业/Data/KnowledgeBase/processed_clean/dify_import/unity_docs_chunk_9baa7438591ecf77.md,890,2026-05-27T13:13:28.684283+00:00
chunk_ebe580d264e7c3e1,unity_3f50354c43bada5a,unity_docs,official_documentation,Manual,,Wrap content inside a scroll view,https://docs.unity3d.com/6000.4/Documentation/Manual/UIE-wrap-content-inside-scrollview.html,unity_docs_incremental_260527_002,1,E:/系统/桌面/工作区/本学期/大三下/IT项目管理/大作业/Data/KnowledgeBase/processed_clean/dify_import/unity_docs_chunk_ebe580d264e7c3e1.md,1756,2026-05-27T13:13:28.686045+00:00
chunk_5c5b3997dfa4dc53,unity_3f50354c43bada5a,unity_docs,official_documentation,Manual,,Wrap content inside a scroll view,https://docs.unity3d.com/6000.4/Documentation/Manual/UIE-wrap-content-inside-scrollview.html,unity_docs_incremental_260527_002,2,E:/系统/桌面/工作区/本学期/大三下/IT项目管理/大作业/Data/KnowledgeBase/processed_clean/dify_import/unity_docs_chunk_5c5b3997dfa4dc53.md,1735,2026-05-27T13:13:28.686763+00:00
chunk_f704713e06d421b1,unity_3f50354c43bada5a,unity_docs,official_documentation,Manual,,Wrap content inside a scroll view,https://docs.unity3d.com/6000.4/Documentation/Manual/UIE-wrap-content-inside-scrollview.html,unity_docs_incremental_260527_002,3,E:/系统/桌面/工作区/本学期/大三下/IT项目管理/大作业/Data/KnowledgeBase/processed_clean/dify_import/unity_docs_chunk_f704713e06d421b1.md,1291,2026-05-27T13:13:28.687443+00:00
chunk_8b2ee73366bbc2a5,unity_802ad7e6ab1c9a0d,unity_docs,official_documentation,ScriptReference,,ScrollView,https://docs.unity3d.com/6000.4/Documentation/ScriptReference/UIElements.ScrollView.html,unity_docs_incremental_260527_002,1,E:/系统/桌面/工作区/本学期/大三下/IT项目管理/大作业/Data/KnowledgeBase/processed_clean/dify_import/unity_docs_chunk_8b2ee73366bbc2a5.md,1770,2026-05-27T13:13:28.690314+00:00
chunk_cfaddd053c188f9f,unity_802ad7e6ab1c9a0d,unity_docs,official_documentation,ScriptReference,,ScrollView,https://docs.unity3d.com/6000.4/Documentation/ScriptReference/UIElements.ScrollView.html,unity_docs_incremental_260527_002,2,E:/系统/桌面/工作区/本学期/大三下/IT项目管理/大作业/Data/KnowledgeBase/processed_clean/dify_import/unity_docs_chunk_cfaddd053c188f9f.md,1785,2026-05-27T13:13:28.691051+00:00
chunk_12da675b58f2645c,unity_802ad7e6ab1c9a0d,unity_docs,official_documentation,ScriptReference,,ScrollView,https://docs.unity3d.com/6000.4/Documentation/ScriptReference/UIElements.ScrollView.html,unity_docs_incremental_260527_002,3,E:/系统/桌面/工作区/本学期/大三下/IT项目管理/大作业/Data/KnowledgeBase/processed_clean/dify_import/unity_docs_chunk_12da675b58f2645c.md,1766,2026-05-27T13:13:28.691781+00:00
chunk_8fb69b9f9114658a,unity_802ad7e6ab1c9a0d,unity_docs,official_documentation,ScriptReference,,ScrollView,https://docs.unity3d.com/6000.4/Documentation/ScriptReference/UIElements.ScrollView.html,unity_docs_incremental_260527_002,4,E:/系统/桌面/工作区/本学期/大三下/IT项目管理/大作业/Data/KnowledgeBase/processed_clean/dify_import/unity_docs_chunk_8fb69b9f9114658a.md,1757,2026-05-27T13:13:28.692577+00:00
chunk_9e7c806497f4a08d,unity_802ad7e6ab1c9a0d,unity_docs,official_documentation,ScriptReference,,ScrollView,https://docs.unity3d.com/6000.4/Documentation/ScriptReference/UIElements.ScrollView.html,unity_docs_incremental_260527_002,5,E:/系统/桌面/工作区/本学期/大三下/IT项目管理/大作业/Data/KnowledgeBase/processed_clean/dify_import/unity_docs_chunk_9e7c806497f4a08d.md,1728,2026-05-27T13:13:28.693411+00:00
chunk_86044505a9cd7704,unity_802ad7e6ab1c9a0d,unity_docs,official_documentation,ScriptReference,,ScrollView,https://docs.unity3d.com/6000.4/Documentation/ScriptReference/UIElements.ScrollView.html,unity_docs_incremental_260527_002,6,E:/系统/桌面/工作区/本学期/大三下/IT项目管理/大作业/Data/KnowledgeBase/processed_clean/dify_import/unity_docs_chunk_86044505a9cd7704.md,1741,2026-05-27T13:13:28.694049+00:00
chunk_7dcd2b685e8f5f14,unity_802ad7e6ab1c9a0d,unity_docs,official_documentation,ScriptReference,,ScrollView,https://docs.unity3d.com/6000.4/Documentation/ScriptReference/UIElements.ScrollView.html,unity_docs_incremental_260527_002,7,E:/系统/桌面/工作区/本学期/大三下/IT项目管理/大作业/Data/KnowledgeBase/processed_clean/dify_import/unity_docs_chunk_7dcd2b685e8f5f14.md,1709,2026-05-27T13:13:28.694696+00:00
chunk_582598b17916febe,unity_802ad7e6ab1c9a0d,unity_docs,official_documentation,ScriptReference,,ScrollView,https://docs.unity3d.com/6000.4/Documentation/ScriptReference/UIElements.ScrollView.html,unity_docs_incremental_260527_002,8,E:/系统/桌面/工作区/本学期/大三下/IT项目管理/大作业/Data/KnowledgeBase/processed_clean/dify_import/unity_docs_chunk_582598b17916febe.md,1781,2026-05-27T13:13:28.695341+00:00
chunk_bb989c14bad8edec,unity_802ad7e6ab1c9a0d,unity_docs,official_documentation,ScriptReference,,ScrollView,https://docs.unity3d.com/6000.4/Documentation/ScriptReference/UIElements.ScrollView.html,unity_docs_incremental_260527_002,9,E:/系统/桌面/工作区/本学期/大三下/IT项目管理/大作业/Data/KnowledgeBase/processed_clean/dify_import/unity_docs_chunk_bb989c14bad8edec.md,1771,2026-05-27T13:13:28.696579+00:00
chunk_da72e46c7c69cdeb,unity_802ad7e6ab1c9a0d,unity_docs,official_documentation,ScriptReference,,ScrollView,https://docs.unity3d.com/6000.4/Documentation/ScriptReference/UIElements.ScrollView.html,unity_docs_incremental_260527_002,10,E:/系统/桌面/工作区/本学期/大三下/IT项目管理/大作业/Data/KnowledgeBase/processed_clean/dify_import/unity_docs_chunk_da72e46c7c69cdeb.md,1776,2026-05-27T13:13:28.697493+00:00
chunk_e8e510c101eb1a82,unity_cdb129abeed7bcda,unity_docs,official_documentation,ScriptReference,,ScrollerVisibility,https://docs.unity3d.com/6000.4/Documentation/ScriptReference/UIElements.ScrollerVisibility.html,unity_docs_incremental_260527_002,1,E:/系统/桌面/工作区/本学期/大三下/IT项目管理/大作业/Data/KnowledgeBase/processed_clean/dify_import/unity_docs_chunk_e8e510c101eb1a82.md,540,2026-05-27T13:13:28.698796+00:00
chunk_1b249bd44074ad57,unity_20cf06719f4b7a43,unity_docs,official_documentation,ScriptReference,,ScrollViewMode,https://docs.unity3d.com/6000.4/Documentation/ScriptReference/UIElements.ScrollViewMode.html,unity_docs_incremental_260527_002,1,E:/系统/桌面/工作区/本学期/大三下/IT项目管理/大作业/Data/KnowledgeBase/processed_clean/dify_import/unity_docs_chunk_1b249bd44074ad57.md,668,2026-05-27T13:13:28.700144+00:00
chunk_14169ea4e01cc2b4,unity_9623c141c6d4b9b3,unity_docs,official_documentation,ScriptReference,,NestedInteractionKind,https://docs.unity3d.com/6000.4/Documentation/ScriptReference/UIElements.ScrollView.NestedInteractionKind.html,unity_docs_incremental_260527_002,1,E:/系统/桌面/工作区/本学期/大三下/IT项目管理/大作业/Data/KnowledgeBase/processed_clean/dify_import/unity_docs_chunk_14169ea4e01cc2b4.md,1758,2026-05-27T13:13:28.701810+00:00
chunk_b0d6d0d47df3dc50,unity_9623c141c6d4b9b3,unity_docs,official_documentation,ScriptReference,,NestedInteractionKind,https://docs.unity3d.com/6000.4/Documentation/ScriptReference/UIElements.ScrollView.NestedInteractionKind.html,unity_docs_incremental_260527_002,2,E:/系统/桌面/工作区/本学期/大三下/IT项目管理/大作业/Data/KnowledgeBase/processed_clean/dify_import/unity_docs_chunk_b0d6d0d47df3dc50.md,1777,2026-05-27T13:13:28.702483+00:00
chunk_02e5675ea654aae2,unity_9623c141c6d4b9b3,unity_docs,official_documentation,ScriptReference,,NestedInteractionKind,https://docs.unity3d.com/6000.4/Documentation/ScriptReference/UIElements.ScrollView.NestedInteractionKind.html,unity_docs_incremental_260527_002,3,E:/系统/桌面/工作区/本学期/大三下/IT项目管理/大作业/Data/KnowledgeBase/processed_clean/dify_import/unity_docs_chunk_02e5675ea654aae2.md,561,2026-05-27T13:13:28.703265+00:00
chunk_09990c2a22a0475f,unity_3bae908acda4f5ae,unity_docs,official_documentation,ScriptReference,,TouchScrollBehavior,https://docs.unity3d.com/6000.4/Documentation/ScriptReference/UIElements.ScrollView.TouchScrollBehavior.html,unity_docs_incremental_260527_002,1,E:/系统/桌面/工作区/本学期/大三下/IT项目管理/大作业/Data/KnowledgeBase/processed_clean/dify_import/unity_docs_chunk_09990c2a22a0475f.md,641,2026-05-27T13:13:28.704513+00:00
chunk_82ea97b2d61794ef,unity_5f56cecf83f6f4bd,unity_docs,official_documentation,Manual,,VisualElement,https://docs.unity3d.com/6000.4/Documentation/Manual/UIE-uxml-element-VisualElement.html,unity_docs_incremental_260527_002,1,E:/系统/桌面/工作区/本学期/大三下/IT项目管理/大作业/Data/KnowledgeBase/processed_clean/dify_import/unity_docs_chunk_82ea97b2d61794ef.md,1713,2026-05-27T13:13:28.706743+00:00
chunk_4f02bf87479c00f4,unity_5f56cecf83f6f4bd,unity_docs,official_documentation,Manual,,VisualElement,https://docs.unity3d.com/6000.4/Documentation/Manual/UIE-uxml-element-VisualElement.html,unity_docs_incremental_260527_002,2,E:/系统/桌面/工作区/本学期/大三下/IT项目管理/大作业/Data/KnowledgeBase/processed_clean/dify_import/unity_docs_chunk_4f02bf87479c00f4.md,1735,2026-05-27T13:13:28.707530+00:00
chunk_775f528f751f1bf3,unity_5f56cecf83f6f4bd,unity_docs,official_documentation,Manual,,VisualElement,https://docs.unity3d.com/6000.4/Documentation/Manual/UIE-uxml-element-VisualElement.html,unity_docs_incremental_260527_002,3,E:/系统/桌面/工作区/本学期/大三下/IT项目管理/大作业/Data/KnowledgeBase/processed_clean/dify_import/unity_docs_chunk_775f528f751f1bf3.md,1752,2026-05-27T13:13:28.708199+00:00
chunk_6d68df8558ea4cd2,unity_5f56cecf83f6f4bd,unity_docs,official_documentation,Manual,,VisualElement,https://docs.unity3d.com/6000.4/Documentation/Manual/UIE-uxml-element-VisualElement.html,unity_docs_incremental_260527_002,4,E:/系统/桌面/工作区/本学期/大三下/IT项目管理/大作业/Data/KnowledgeBase/processed_clean/dify_import/unity_docs_chunk_6d68df8558ea4cd2.md,1763,2026-05-27T13:13:28.708937+00:00
chunk_caf5f81c4c92251b,unity_5f56cecf83f6f4bd,unity_docs,official_documentation,Manual,,VisualElement,https://docs.unity3d.com/6000.4/Documentation/Manual/UIE-uxml-element-VisualElement.html,unity_docs_incremental_260527_002,5,E:/系统/桌面/工作区/本学期/大三下/IT项目管理/大作业/Data/KnowledgeBase/processed_clean/dify_import/unity_docs_chunk_caf5f81c4c92251b.md,255,2026-05-27T13:13:28.709903+00:00
chunk_0ba2d7fe04abaeae,unity_ad14480099756dd8,unity_docs,official_documentation,ScriptReference,,LanguageDirection,https://docs.unity3d.com/6000.4/Documentation/ScriptReference/UIElements.LanguageDirection.html,unity_docs_incremental_260527_002,1,E:/系统/桌面/工作区/本学期/大三下/IT项目管理/大作业/Data/KnowledgeBase/processed_clean/dify_import/unity_docs_chunk_0ba2d7fe04abaeae.md,796,2026-05-27T13:13:28.711114+00:00
chunk_04407ff8485f9523,unity_d3e23a2478c21bf3,unity_docs,official_documentation,ScriptReference,,PickingMode,https://docs.unity3d.com/6000.4/Documentation/ScriptReference/UIElements.PickingMode.html,unity_docs_incremental_260527_002,1,E:/系统/桌面/工作区/本学期/大三下/IT项目管理/大作业/Data/KnowledgeBase/processed_clean/dify_import/unity_docs_chunk_04407ff8485f9523.md,510,2026-05-27T13:13:28.712681+00:00
chunk_4159ffbdc1a20d7f,unity_24020dedb324a021,unity_docs,official_documentation,Manual,,Apply styles in C# scripts,https://docs.unity3d.com/6000.4/Documentation/Manual/UIE-apply-styles-with-csharp.html,unity_docs_incremental_260527_002,1,E:/系统/桌面/工作区/本学期/大三下/IT项目管理/大作业/Data/KnowledgeBase/processed_clean/dify_import/unity_docs_chunk_4159ffbdc1a20d7f.md,1793,2026-05-27T13:13:28.715284+00:00
chunk_319389b5c1a444f3,unity_24020dedb324a021,unity_docs,official_documentation,Manual,,Apply styles in C# scripts,https://docs.unity3d.com/6000.4/Documentation/Manual/UIE-apply-styles-with-csharp.html,unity_docs_incremental_260527_002,2,E:/系统/桌面/工作区/本学期/大三下/IT项目管理/大作业/Data/KnowledgeBase/processed_clean/dify_import/unity_docs_chunk_319389b5c1a444f3.md,1798,2026-05-27T13:13:28.716352+00:00
chunk_3e4005f116db1e0a,unity_24020dedb324a021,unity_docs,official_documentation,Manual,,Apply styles in C# scripts,https://docs.unity3d.com/6000.4/Documentation/Manual/UIE-apply-styles-with-csharp.html,unity_docs_incremental_260527_002,3,E:/系统/桌面/工作区/本学期/大三下/IT项目管理/大作业/Data/KnowledgeBase/processed_clean/dify_import/unity_docs_chunk_3e4005f116db1e0a.md,1737,2026-05-27T13:13:28.717519+00:00
chunk_8304dc62ab81fde2,unity_ee92adb77fe927a7,unity_docs,official_documentation,Manual,,USS properties reference,https://docs.unity3d.com/6000.4/Documentation/Manual/UIE-USS-Properties-Reference.html,unity_docs_incremental_260527_002,1,E:/系统/桌面/工作区/本学期/大三下/IT项目管理/大作业/Data/KnowledgeBase/processed_clean/dify_import/unity_docs_chunk_8304dc62ab81fde2.md,1800,2026-05-27T13:13:28.720177+00:00
chunk_5575bf9679523ce0,unity_ee92adb77fe927a7,unity_docs,official_documentation,Manual,,USS properties reference,https://docs.unity3d.com/6000.4/Documentation/Manual/UIE-USS-Properties-Reference.html,unity_docs_incremental_260527_002,2,E:/系统/桌面/工作区/本学期/大三下/IT项目管理/大作业/Data/KnowledgeBase/processed_clean/dify_import/unity_docs_chunk_5575bf9679523ce0.md,1752,2026-05-27T13:13:28.720819+00:00
chunk_6da0a90c89a4071a,unity_ee92adb77fe927a7,unity_docs,official_documentation,Manual,,USS properties reference,https://docs.unity3d.com/6000.4/Documentation/Manual/UIE-USS-Properties-Reference.html,unity_docs_incremental_260527_002,3,E:/系统/桌面/工作区/本学期/大三下/IT项目管理/大作业/Data/KnowledgeBase/processed_clean/dify_import/unity_docs_chunk_6da0a90c89a4071a.md,1774,2026-05-27T13:13:28.721561+00:00
chunk_05b9a56ed9c326ae,unity_ee92adb77fe927a7,unity_docs,official_documentation,Manual,,USS properties reference,https://docs.unity3d.com/6000.4/Documentation/Manual/UIE-USS-Properties-Reference.html,unity_docs_incremental_260527_002,4,E:/系统/桌面/工作区/本学期/大三下/IT项目管理/大作业/Data/KnowledgeBase/processed_clean/dify_import/unity_docs_chunk_05b9a56ed9c326ae.md,1795,2026-05-27T13:13:28.722094+00:00
chunk_154bd4484574fcb7,unity_ee92adb77fe927a7,unity_docs,official_documentation,Manual,,USS properties reference,https://docs.unity3d.com/6000.4/Documentation/Manual/UIE-USS-Properties-Reference.html,unity_docs_incremental_260527_002,5,E:/系统/桌面/工作区/本学期/大三下/IT项目管理/大作业/Data/KnowledgeBase/processed_clean/dify_import/unity_docs_chunk_154bd4484574fcb7.md,1762,2026-05-27T13:13:28.722695+00:00
chunk_aa94cea8772f91f6,unity_ee92adb77fe927a7,unity_docs,official_documentation,Manual,,USS properties reference,https://docs.unity3d.com/6000.4/Documentation/Manual/UIE-USS-Properties-Reference.html,unity_docs_incremental_260527_002,6,E:/系统/桌面/工作区/本学期/大三下/IT项目管理/大作业/Data/KnowledgeBase/processed_clean/dify_import/unity_docs_chunk_aa94cea8772f91f6.md,1796,2026-05-27T13:13:28.723229+00:00
chunk_ee775830da656595,unity_ee92adb77fe927a7,unity_docs,official_documentation,Manual,,USS properties reference,https://docs.unity3d.com/6000.4/Documentation/Manual/UIE-USS-Properties-Reference.html,unity_docs_incremental_260527_002,7,E:/系统/桌面/工作区/本学期/大三下/IT项目管理/大作业/Data/KnowledgeBase/processed_clean/dify_import/unity_docs_chunk_ee775830da656595.md,761,2026-05-27T13:13:28.724190+00:00
chunk_b59c3532af8173c5,unity_921c15ab5fa961b7,unity_docs,official_documentation,ScriptReference,,UsageHints,https://docs.unity3d.com/6000.4/Documentation/ScriptReference/UIElements.UsageHints.html,unity_docs_incremental_260527_002,1,E:/系统/桌面/工作区/本学期/大三下/IT项目管理/大作业/Data/KnowledgeBase/processed_clean/dify_import/unity_docs_chunk_b59c3532af8173c5.md,1715,2026-05-27T13:13:28.725647+00:00
chunk_927ed148a14b15ce,unity_fa543c4f5e823302,unity_docs,official_documentation,Manual,,View data persistence,https://docs.unity3d.com/6000.4/Documentation/Manual/UIE-ViewData.html,unity_docs_incremental_260527_002,1,E:/系统/桌面/工作区/本学期/大三下/IT项目管理/大作业/Data/KnowledgeBase/processed_clean/dify_import/unity_docs_chunk_927ed148a14b15ce.md,1766,2026-05-27T13:13:28.726986+00:00
chunk_c417a8d78420adac,unity_fa543c4f5e823302,unity_docs,official_documentation,Manual,,View data persistence,https://docs.unity3d.com/6000.4/Documentation/Manual/UIE-ViewData.html,unity_docs_incremental_260527_002,2,E:/系统/桌面/工作区/本学期/大三下/IT项目管理/大作业/Data/KnowledgeBase/processed_clean/dify_import/unity_docs_chunk_c417a8d78420adac.md,1481,2026-05-27T13:13:28.727798+00:00
chunk_2ea6f9f6821c7009,unity_e8e714458a3a6a38,unity_docs,official_documentation,Manual,,Test UI in UI Builder,https://docs.unity3d.com/6000.4/Documentation/Manual/UIB-testing-ui.html,unity_docs_incremental_260527_002,1,E:/系统/桌面/工作区/本学期/大三下/IT项目管理/大作业/Data/KnowledgeBase/processed_clean/dify_import/unity_docs_chunk_2ea6f9f6821c7009.md,1728,2026-05-27T13:13:28.730114+00:00
chunk_58df1d095962edd0,unity_e8e714458a3a6a38,unity_docs,official_documentation,Manual,,Test UI in UI Builder,https://docs.unity3d.com/6000.4/Documentation/Manual/UIB-testing-ui.html,unity_docs_incremental_260527_002,2,E:/系统/桌面/工作区/本学期/大三下/IT项目管理/大作业/Data/KnowledgeBase/processed_clean/dify_import/unity_docs_chunk_58df1d095962edd0.md,1130,2026-05-27T13:13:28.730718+00:00
chunk_333afafe8f0e7ad9,unity_f6185d6bda646af0,unity_docs,official_documentation,Manual,,ListView,https://docs.unity3d.com/6000.4/Documentation/Manual/UIE-uxml-element-ListView.html,unity_docs_incremental_260527_002,1,E:/系统/桌面/工作区/本学期/大三下/IT项目管理/大作业/Data/KnowledgeBase/processed_clean/dify_import/unity_docs_chunk_333afafe8f0e7ad9.md,1795,2026-05-27T13:13:28.733970+00:00
chunk_023f96fbee484ecf,unity_f6185d6bda646af0,unity_docs,official_documentation,Manual,,ListView,https://docs.unity3d.com/6000.4/Documentation/Manual/UIE-uxml-element-ListView.html,unity_docs_incremental_260527_002,2,E:/系统/桌面/工作区/本学期/大三下/IT项目管理/大作业/Data/KnowledgeBase/processed_clean/dify_import/unity_docs_chunk_023f96fbee484ecf.md,1795,2026-05-27T13:13:28.734807+00:00
chunk_2742bc89a89db1e2,unity_f6185d6bda646af0,unity_docs,official_documentation,Manual,,ListView,https://docs.unity3d.com/6000.4/Documentation/Manual/UIE-uxml-element-ListView.html,unity_docs_incremental_260527_002,3,E:/系统/桌面/工作区/本学期/大三下/IT项目管理/大作业/Data/KnowledgeBase/processed_clean/dify_import/unity_docs_chunk_2742bc89a89db1e2.md,1719,2026-05-27T13:13:28.735442+00:00
chunk_3eb43ce3eee3d37a,unity_f6185d6bda646af0,unity_docs,official_documentation,Manual,,ListView,https://docs.unity3d.com/6000.4/Documentation/Manual/UIE-uxml-element-ListView.html,unity_docs_incremental_260527_002,4,E:/系统/桌面/工作区/本学期/大三下/IT项目管理/大作业/Data/KnowledgeBase/processed_clean/dify_import/unity_docs_chunk_3eb43ce3eee3d37a.md,1751,2026-05-27T13:13:28.736009+00:00
chunk_aaec970beb54b7fb,unity_f6185d6bda646af0,unity_docs,official_documentation,Manual,,ListView,https://docs.unity3d.com/6000.4/Documentation/Manual/UIE-uxml-element-ListView.html,unity_docs_incremental_260527_002,5,E:/系统/桌面/工作区/本学期/大三下/IT项目管理/大作业/Data/KnowledgeBase/processed_clean/dify_import/unity_docs_chunk_aaec970beb54b7fb.md,1754,2026-05-27T13:13:28.736511+00:00
chunk_91e28ae7a322bb3a,unity_f6185d6bda646af0,unity_docs,official_documentation,Manual,,ListView,https://docs.unity3d.com/6000.4/Documentation/Manual/UIE-uxml-element-ListView.html,unity_docs_incremental_260527_002,6,E:/系统/桌面/工作区/本学期/大三下/IT项目管理/大作业/Data/KnowledgeBase/processed_clean/dify_import/unity_docs_chunk_91e28ae7a322bb3a.md,1793,2026-05-27T13:13:28.737059+00:00
chunk_0a51f1536eb56554,unity_f6185d6bda646af0,unity_docs,official_documentation,Manual,,ListView,https://docs.unity3d.com/6000.4/Documentation/Manual/UIE-uxml-element-ListView.html,unity_docs_incremental_260527_002,7,E:/系统/桌面/工作区/本学期/大三下/IT项目管理/大作业/Data/KnowledgeBase/processed_clean/dify_import/unity_docs_chunk_0a51f1536eb56554.md,1708,2026-05-27T13:13:28.737952+00:00
chunk_f798cecd9b5f3226,unity_f6185d6bda646af0,unity_docs,official_documentation,Manual,,ListView,https://docs.unity3d.com/6000.4/Documentation/Manual/UIE-uxml-element-ListView.html,unity_docs_incremental_260527_002,8,E:/系统/桌面/工作区/本学期/大三下/IT项目管理/大作业/Data/KnowledgeBase/processed_clean/dify_import/unity_docs_chunk_f798cecd9b5f3226.md,1731,2026-05-27T13:13:28.738456+00:00
chunk_13f475b140f99ea8,unity_f6185d6bda646af0,unity_docs,official_documentation,Manual,,ListView,https://docs.unity3d.com/6000.4/Documentation/Manual/UIE-uxml-element-ListView.html,unity_docs_incremental_260527_002,9,E:/系统/桌面/工作区/本学期/大三下/IT项目管理/大作业/Data/KnowledgeBase/processed_clean/dify_import/unity_docs_chunk_13f475b140f99ea8.md,1727,2026-05-27T13:13:28.738929+00:00
chunk_d8de365b74cdbe27,unity_f6185d6bda646af0,unity_docs,official_documentation,Manual,,ListView,https://docs.unity3d.com/6000.4/Documentation/Manual/UIE-uxml-element-ListView.html,unity_docs_incremental_260527_002,10,E:/系统/桌面/工作区/本学期/大三下/IT项目管理/大作业/Data/KnowledgeBase/processed_clean/dify_import/unity_docs_chunk_d8de365b74cdbe27.md,1673,2026-05-27T13:13:28.739470+00:00
chunk_ffdb6509927b6c9a,unity_f6185d6bda646af0,unity_docs,official_documentation,Manual,,ListView,https://docs.unity3d.com/6000.4/Documentation/Manual/UIE-uxml-element-ListView.html,unity_docs_incremental_260527_002,11,E:/系统/桌面/工作区/本学期/大三下/IT项目管理/大作业/Data/KnowledgeBase/processed_clean/dify_import/unity_docs_chunk_ffdb6509927b6c9a.md,1749,2026-05-27T13:13:28.740313+00:00
chunk_be7367602d2579c8,unity_f6185d6bda646af0,unity_docs,official_documentation,Manual,,ListView,https://docs.unity3d.com/6000.4/Documentation/Manual/UIE-uxml-element-ListView.html,unity_docs_incremental_260527_002,12,E:/系统/桌面/工作区/本学期/大三下/IT项目管理/大作业/Data/KnowledgeBase/processed_clean/dify_import/unity_docs_chunk_be7367602d2579c8.md,1680,2026-05-27T13:13:28.740830+00:00
chunk_5ca57d896f077b70,unity_f6185d6bda646af0,unity_docs,official_documentation,Manual,,ListView,https://docs.unity3d.com/6000.4/Documentation/Manual/UIE-uxml-element-ListView.html,unity_docs_incremental_260527_002,13,E:/系统/桌面/工作区/本学期/大三下/IT项目管理/大作业/Data/KnowledgeBase/processed_clean/dify_import/unity_docs_chunk_5ca57d896f077b70.md,1731,2026-05-27T13:13:28.741368+00:00
chunk_fa10355d1f921ce0,unity_f6185d6bda646af0,unity_docs,official_documentation,Manual,,ListView,https://docs.unity3d.com/6000.4/Documentation/Manual/UIE-uxml-element-ListView.html,unity_docs_incremental_260527_002,14,E:/系统/桌面/工作区/本学期/大三下/IT项目管理/大作业/Data/KnowledgeBase/processed_clean/dify_import/unity_docs_chunk_fa10355d1f921ce0.md,1772,2026-05-27T13:13:28.741906+00:00
chunk_d4a1e0f2b0ebe74b,unity_f6185d6bda646af0,unity_docs,official_documentation,Manual,,ListView,https://docs.unity3d.com/6000.4/Documentation/Manual/UIE-uxml-element-ListView.html,unity_docs_incremental_260527_002,15,E:/系统/桌面/工作区/本学期/大三下/IT项目管理/大作业/Data/KnowledgeBase/processed_clean/dify_import/unity_docs_chunk_d4a1e0f2b0ebe74b.md,1791,2026-05-27T13:13:28.742721+00:00
chunk_628675d7ffd6b4e9,unity_f6185d6bda646af0,unity_docs,official_documentation,Manual,,ListView,https://docs.unity3d.com/6000.4/Documentation/Manual/UIE-uxml-element-ListView.html,unity_docs_incremental_260527_002,16,E:/系统/桌面/工作区/本学期/大三下/IT项目管理/大作业/Data/KnowledgeBase/processed_clean/dify_import/unity_docs_chunk_628675d7ffd6b4e9.md,1770,2026-05-27T13:13:28.743447+00:00
chunk_83b4288ff387c6f3,unity_f6185d6bda646af0,unity_docs,official_documentation,Manual,,ListView,https://docs.unity3d.com/6000.4/Documentation/Manual/UIE-uxml-element-ListView.html,unity_docs_incremental_260527_002,17,E:/系统/桌面/工作区/本学期/大三下/IT项目管理/大作业/Data/KnowledgeBase/processed_clean/dify_import/unity_docs_chunk_83b4288ff387c6f3.md,1796,2026-05-27T13:13:28.744034+00:00
chunk_70b5adfc82c2b076,unity_bb6048bcada01072,unity_docs,official_documentation,Manual,,Writing custom shaders,https://docs.unity3d.com/6000.4/Documentation/Manual/writing-custom-shaders.html,unity_docs_incremental_260527_002,1,E:/系统/桌面/工作区/本学期/大三下/IT项目管理/大作业/Data/KnowledgeBase/processed_clean/dify_import/unity_docs_chunk_70b5adfc82c2b076.md,899,2026-05-27T13:13:28.745342+00:00
chunk_8c4c531dffec784d,unity_94c787569d465c7e,unity_docs,official_documentation,Manual,,Writing custom shaders in URP,https://docs.unity3d.com/6000.4/Documentation/Manual/urp/writing-custom-shaders-urp.html,unity_docs_incremental_260527_002,1,E:/系统/桌面/工作区/本学期/大三下/IT项目管理/大作业/Data/KnowledgeBase/processed_clean/dify_import/unity_docs_chunk_8c4c531dffec784d.md,1244,2026-05-27T13:13:28.747306+00:00
chunk_6720a5bdbac5ad13,unity_ca5c5e2688014461,unity_docs,official_documentation,Manual,,Writing custom shaders in the Built-In Render Pipeline,https://docs.unity3d.com/6000.4/Documentation/Manual/writing-shaders-birp.html,unity_docs_incremental_260527_002,1,E:/系统/桌面/工作区/本学期/大三下/IT项目管理/大作业/Data/KnowledgeBase/processed_clean/dify_import/unity_docs_chunk_6720a5bdbac5ad13.md,1472,2026-05-27T13:13:28.749037+00:00
chunk_4300c9bb475cd85c,unity_b1a013c5bc653957,unity_docs,official_documentation,Manual,,Shader languages reference,https://docs.unity3d.com/6000.4/Documentation/Manual/shaders-reference.html,unity_docs_incremental_260527_002,1,E:/系统/桌面/工作区/本学期/大三下/IT项目管理/大作业/Data/KnowledgeBase/processed_clean/dify_import/unity_docs_chunk_4300c9bb475cd85c.md,1382,2026-05-27T13:13:28.750506+00:00
chunk_acaddab414c08055,unity_f3125e8e2a46d5ef,unity_docs,official_documentation,Manual,,Create and assign a material,https://docs.unity3d.com/6000.4/Documentation/Manual/create-material.html,unity_docs_incremental_260527_002,1,E:/系统/桌面/工作区/本学期/大三下/IT项目管理/大作业/Data/KnowledgeBase/processed_clean/dify_import/unity_docs_chunk_acaddab414c08055.md,1790,2026-05-27T13:13:28.752441+00:00
chunk_656dfee06f503ef4,unity_f3125e8e2a46d5ef,unity_docs,official_documentation,Manual,,Create and assign a material,https://docs.unity3d.com/6000.4/Documentation/Manual/create-material.html,unity_docs_incremental_260527_002,2,E:/系统/桌面/工作区/本学期/大三下/IT项目管理/大作业/Data/KnowledgeBase/processed_clean/dify_import/unity_docs_chunk_656dfee06f503ef4.md,273,2026-05-27T13:13:28.753418+00:00
chunk_0d69716f5850cbb4,unity_c13f349bf8b5c14b,unity_docs,official_documentation,Manual,,Writing shaders in code,https://docs.unity3d.com/6000.4/Documentation/Manual/shader-writing.html,unity_docs_incremental_260527_002,1,E:/系统/桌面/工作区/本学期/大三下/IT项目管理/大作业/Data/KnowledgeBase/processed_clean/dify_import/unity_docs_chunk_0d69716f5850cbb4.md,1738,2026-05-27T13:13:28.755201+00:00
chunk_6365c5be8ae9c4be,unity_c13f349bf8b5c14b,unity_docs,official_documentation,Manual,,Writing shaders in code,https://docs.unity3d.com/6000.4/Documentation/Manual/shader-writing.html,unity_docs_incremental_260527_002,2,E:/系统/桌面/工作区/本学期/大三下/IT项目管理/大作业/Data/KnowledgeBase/processed_clean/dify_import/unity_docs_chunk_6365c5be8ae9c4be.md,609,2026-05-27T13:13:28.756090+00:00
chunk_fe4fec5238d90483,unity_2e49ceff48107008,unity_docs,official_documentation,Manual,,Introduction to writing shaders in code,https://docs.unity3d.com/6000.4/Documentation/Manual/SL-ShadingLanguage.html,unity_docs_incremental_260527_002,1,E:/系统/桌面/工作区/本学期/大三下/IT项目管理/大作业/Data/KnowledgeBase/processed_clean/dify_import/unity_docs_chunk_fe4fec5238d90483.md,1790,2026-05-27T13:13:28.758954+00:00
chunk_d4a86e64be1a1545,unity_2e49ceff48107008,unity_docs,official_documentation,Manual,,Introduction to writing shaders in code,https://docs.unity3d.com/6000.4/Documentation/Manual/SL-ShadingLanguage.html,unity_docs_incremental_260527_002,2,E:/系统/桌面/工作区/本学期/大三下/IT项目管理/大作业/Data/KnowledgeBase/processed_clean/dify_import/unity_docs_chunk_d4a86e64be1a1545.md,1644,2026-05-27T13:13:28.760097+00:00
chunk_6b48a9527566e02f,unity_2e49ceff48107008,unity_docs,official_documentation,Manual,,Introduction to writing shaders in code,https://docs.unity3d.com/6000.4/Documentation/Manual/SL-ShadingLanguage.html,unity_docs_incremental_260527_002,3,E:/系统/桌面/工作区/本学期/大三下/IT项目管理/大作业/Data/KnowledgeBase/processed_clean/dify_import/unity_docs_chunk_6b48a9527566e02f.md,1399,2026-05-27T13:13:28.760911+00:00
chunk_93fdbc1674bc4e9e,unity_bb257509c15a46d2,unity_docs,official_documentation,Manual,,Writing a custom shader in ShaderLab and HLSL,https://docs.unity3d.com/6000.4/Documentation/Manual/SL-landing.html,unity_docs_incremental_260527_002,1,E:/系统/桌面/工作区/本学期/大三下/IT项目管理/大作业/Data/KnowledgeBase/processed_clean/dify_import/unity_docs_chunk_93fdbc1674bc4e9e.md,1790,2026-05-27T13:13:28.762406+00:00
chunk_7212d0d1e3176d96,unity_bb257509c15a46d2,unity_docs,official_documentation,Manual,,Writing a custom shader in ShaderLab and HLSL,https://docs.unity3d.com/6000.4/Documentation/Manual/SL-landing.html,unity_docs_incremental_260527_002,2,E:/系统/桌面/工作区/本学期/大三下/IT项目管理/大作业/Data/KnowledgeBase/processed_clean/dify_import/unity_docs_chunk_7212d0d1e3176d96.md,501,2026-05-27T13:13:28.763093+00:00
chunk_a2ef8a17764e8f49,unity_b166dbef29d5f93c,unity_docs,official_documentation,ScriptReference,,Shader,https://docs.unity3d.com/6000.4/Documentation/ScriptReference/Shader.html,unity_docs_incremental_260527_002,1,E:/系统/桌面/工作区/本学期/大三下/IT项目管理/大作业/Data/KnowledgeBase/processed_clean/dify_import/unity_docs_chunk_a2ef8a17764e8f49.md,1799,2026-05-27T13:13:28.764783+00:00
chunk_313d57119e86d2b8,unity_b166dbef29d5f93c,unity_docs,official_documentation,ScriptReference,,Shader,https://docs.unity3d.com/6000.4/Documentation/ScriptReference/Shader.html,unity_docs_incremental_260527_002,2,E:/系统/桌面/工作区/本学期/大三下/IT项目管理/大作业/Data/KnowledgeBase/processed_clean/dify_import/unity_docs_chunk_313d57119e86d2b8.md,1794,2026-05-27T13:13:28.765691+00:00
chunk_dc941db33dc36a5c,unity_b166dbef29d5f93c,unity_docs,official_documentation,ScriptReference,,Shader,https://docs.unity3d.com/6000.4/Documentation/ScriptReference/Shader.html,unity_docs_incremental_260527_002,3,E:/系统/桌面/工作区/本学期/大三下/IT项目管理/大作业/Data/KnowledgeBase/processed_clean/dify_import/unity_docs_chunk_dc941db33dc36a5c.md,1791,2026-05-27T13:13:28.766659+00:00
chunk_31d72b517cbf6691,unity_b166dbef29d5f93c,unity_docs,official_documentation,ScriptReference,,Shader,https://docs.unity3d.com/6000.4/Documentation/ScriptReference/Shader.html,unity_docs_incremental_260527_002,4,E:/系统/桌面/工作区/本学期/大三下/IT项目管理/大作业/Data/KnowledgeBase/processed_clean/dify_import/unity_docs_chunk_31d72b517cbf6691.md,1729,2026-05-27T13:13:28.767645+00:00
chunk_63bfd3ce0445bcc5,unity_1bec93820249fec6,unity_docs,official_documentation,Manual,,Create a shader file,https://docs.unity3d.com/6000.4/Documentation/Manual/class-Shader.html,unity_docs_incremental_260527_002,1,E:/系统/桌面/工作区/本学期/大三下/IT项目管理/大作业/Data/KnowledgeBase/processed_clean/dify_import/unity_docs_chunk_63bfd3ce0445bcc5.md,1672,2026-05-27T13:13:28.769637+00:00
chunk_5270233b9f757820,unity_1bec93820249fec6,unity_docs,official_documentation,Manual,,Create a shader file,https://docs.unity3d.com/6000.4/Documentation/Manual/class-Shader.html,unity_docs_incremental_260527_002,2,E:/系统/桌面/工作区/本学期/大三下/IT项目管理/大作业/Data/KnowledgeBase/processed_clean/dify_import/unity_docs_chunk_5270233b9f757820.md,1773,2026-05-27T13:13:28.770367+00:00
chunk_523539680f6eb43f,unity_1bec93820249fec6,unity_docs,official_documentation,Manual,,Create a shader file,https://docs.unity3d.com/6000.4/Documentation/Manual/class-Shader.html,unity_docs_incremental_260527_002,3,E:/系统/桌面/工作区/本学期/大三下/IT项目管理/大作业/Data/KnowledgeBase/processed_clean/dify_import/unity_docs_chunk_523539680f6eb43f.md,480,2026-05-27T13:13:28.771073+00:00
chunk_d83927fdfa66b954,unity_37be2f5d88263a11,unity_docs,official_documentation,Manual,,Creating shaders with Shader Graph,https://docs.unity3d.com/6000.4/Documentation/Manual/shader-graph.html,unity_docs_incremental_260527_002,1,E:/系统/桌面/工作区/本学期/大三下/IT项目管理/大作业/Data/KnowledgeBase/processed_clean/dify_import/unity_docs_chunk_d83927fdfa66b954.md,1324,2026-05-27T13:13:28.772733+00:00
chunk_704348024eba31b5,unity_546f758f3cb7bcf3,unity_docs,official_documentation,Manual,,SubShader block in ShaderLab reference,https://docs.unity3d.com/6000.4/Documentation/Manual/SL-SubShader.html,unity_docs_incremental_260527_002,1,E:/系统/桌面/工作区/本学期/大三下/IT项目管理/大作业/Data/KnowledgeBase/processed_clean/dify_import/unity_docs_chunk_704348024eba31b5.md,1794,2026-05-27T13:13:28.774824+00:00
chunk_7fbeb13863ceb439,unity_546f758f3cb7bcf3,unity_docs,official_documentation,Manual,,SubShader block in ShaderLab reference,https://docs.unity3d.com/6000.4/Documentation/Manual/SL-SubShader.html,unity_docs_incremental_260527_002,2,E:/系统/桌面/工作区/本学期/大三下/IT项目管理/大作业/Data/KnowledgeBase/processed_clean/dify_import/unity_docs_chunk_7fbeb13863ceb439.md,476,2026-05-27T13:13:28.775582+00:00
chunk_56e085659d1ceed4,unity_c134695a18ac6c7a,unity_docs,official_documentation,Manual,,Pass block in ShaderLab reference,https://docs.unity3d.com/6000.4/Documentation/Manual/SL-Pass.html,unity_docs_incremental_260527_002,1,E:/系统/桌面/工作区/本学期/大三下/IT项目管理/大作业/Data/KnowledgeBase/processed_clean/dify_import/unity_docs_chunk_56e085659d1ceed4.md,1697,2026-05-27T13:13:28.777327+00:00
chunk_bc8657245734f9d8,unity_c134695a18ac6c7a,unity_docs,official_documentation,Manual,,Pass block in ShaderLab reference,https://docs.unity3d.com/6000.4/Documentation/Manual/SL-Pass.html,unity_docs_incremental_260527_002,2,E:/系统/桌面/工作区/本学期/大三下/IT项目管理/大作业/Data/KnowledgeBase/processed_clean/dify_import/unity_docs_chunk_bc8657245734f9d8.md,520,2026-05-27T13:13:28.778106+00:00
chunk_70f392ed5555f0af,unity_091209c87ee18aa7,unity_docs,official_documentation,Manual,,Reducing the size or number of shaders,https://docs.unity3d.com/6000.4/Documentation/Manual/shader-reducing.html,unity_docs_incremental_260527_002,1,E:/系统/桌面/工作区/本学期/大三下/IT项目管理/大作业/Data/KnowledgeBase/processed_clean/dify_import/unity_docs_chunk_70f392ed5555f0af.md,966,2026-05-27T13:13:28.779694+00:00
chunk_8c10b2b06b64bcde,unity_9c37bcd4e5f5fe5a,unity_docs,official_documentation,Manual,,Reducing shader variants,https://docs.unity3d.com/6000.4/Documentation/Manual/shader-variants-landing.html,unity_docs_incremental_260527_002,1,E:/系统/桌面/工作区/本学期/大三下/IT项目管理/大作业/Data/KnowledgeBase/processed_clean/dify_import/unity_docs_chunk_8c10b2b06b64bcde.md,1070,2026-05-27T13:13:28.781082+00:00
chunk_4f499fdc9768848a,unity_c42008bfb533f3e0,unity_docs,official_documentation,Manual,,Check how many shader variants you have,https://docs.unity3d.com/6000.4/Documentation/Manual/shader-how-many-variants.html,unity_docs_incremental_260527_002,1,E:/系统/桌面/工作区/本学期/大三下/IT项目管理/大作业/Data/KnowledgeBase/processed_clean/dify_import/unity_docs_chunk_4f499fdc9768848a.md,1664,2026-05-27T13:13:28.782632+00:00
chunk_69d517bb59bad858,unity_c42008bfb533f3e0,unity_docs,official_documentation,Manual,,Check how many shader variants you have,https://docs.unity3d.com/6000.4/Documentation/Manual/shader-how-many-variants.html,unity_docs_incremental_260527_002,2,E:/系统/桌面/工作区/本学期/大三下/IT项目管理/大作业/Data/KnowledgeBase/processed_clean/dify_import/unity_docs_chunk_69d517bb59bad858.md,1691,2026-05-27T13:13:28.783276+00:00
chunk_38a5e320a10e1595,unity_c42008bfb533f3e0,unity_docs,official_documentation,Manual,,Check how many shader variants you have,https://docs.unity3d.com/6000.4/Documentation/Manual/shader-how-many-variants.html,unity_docs_incremental_260527_002,3,E:/系统/桌面/工作区/本学期/大三下/IT项目管理/大作业/Data/KnowledgeBase/processed_clean/dify_import/unity_docs_chunk_38a5e320a10e1595.md,767,2026-05-27T13:13:28.784284+00:00
chunk_2971ab67f4305796,unity_122ae34144636f1c,unity_docs,official_documentation,Manual,,Shader keywords workflow,https://docs.unity3d.com/6000.4/Documentation/Manual/shader-keywords.html,unity_docs_incremental_260527_002,1,E:/系统/桌面/工作区/本学期/大三下/IT项目管理/大作业/Data/KnowledgeBase/processed_clean/dify_import/unity_docs_chunk_2971ab67f4305796.md,1778,2026-05-27T13:13:28.785619+00:00
chunk_6254a8c1360a4409,unity_122ae34144636f1c,unity_docs,official_documentation,Manual,,Shader keywords workflow,https://docs.unity3d.com/6000.4/Documentation/Manual/shader-keywords.html,unity_docs_incremental_260527_002,2,E:/系统/桌面/工作区/本学期/大三下/IT项目管理/大作业/Data/KnowledgeBase/processed_clean/dify_import/unity_docs_chunk_6254a8c1360a4409.md,347,2026-05-27T13:13:28.786492+00:00
chunk_e7ae5ae1cad5f3e5,unity_e20286c1100bf4a4,unity_docs,official_documentation,Manual,,How Unity compiles branching shaders,https://docs.unity3d.com/6000.4/Documentation/Manual/shader-conditionals-choose-a-type.html,unity_docs_incremental_260527_002,1,E:/系统/桌面/工作区/本学期/大三下/IT项目管理/大作业/Data/KnowledgeBase/processed_clean/dify_import/unity_docs_chunk_e7ae5ae1cad5f3e5.md,1797,2026-05-27T13:13:28.788226+00:00
chunk_8b9a7524682be6fb,unity_e20286c1100bf4a4,unity_docs,official_documentation,Manual,,How Unity compiles branching shaders,https://docs.unity3d.com/6000.4/Documentation/Manual/shader-conditionals-choose-a-type.html,unity_docs_incremental_260527_002,2,E:/系统/桌面/工作区/本学期/大三下/IT项目管理/大作业/Data/KnowledgeBase/processed_clean/dify_import/unity_docs_chunk_8b9a7524682be6fb.md,1653,2026-05-27T13:13:28.789223+00:00
chunk_93d784aa1b9a73f9,unity_e20286c1100bf4a4,unity_docs,official_documentation,Manual,,How Unity compiles branching shaders,https://docs.unity3d.com/6000.4/Documentation/Manual/shader-conditionals-choose-a-type.html,unity_docs_incremental_260527_002,3,E:/系统/桌面/工作区/本学期/大三下/IT项目管理/大作业/Data/KnowledgeBase/processed_clean/dify_import/unity_docs_chunk_93d784aa1b9a73f9.md,398,2026-05-27T13:13:28.789987+00:00
chunk_3961b77804f0e62c,unity_2cc342f53d57b0fe,unity_docs,official_documentation,Manual,,Fallback block in ShaderLab reference,https://docs.unity3d.com/6000.4/Documentation/Manual/SL-Fallback.html,unity_docs_incremental_260527_002,1,E:/系统/桌面/工作区/本学期/大三下/IT项目管理/大作业/Data/KnowledgeBase/processed_clean/dify_import/unity_docs_chunk_3961b77804f0e62c.md,1765,2026-05-27T13:13:28.791497+00:00
chunk_8309909c924b912b,unity_2cc342f53d57b0fe,unity_docs,official_documentation,Manual,,Fallback block in ShaderLab reference,https://docs.unity3d.com/6000.4/Documentation/Manual/SL-Fallback.html,unity_docs_incremental_260527_002,2,E:/系统/桌面/工作区/本学期/大三下/IT项目管理/大作业/Data/KnowledgeBase/processed_clean/dify_import/unity_docs_chunk_8309909c924b912b.md,303,2026-05-27T13:13:28.792179+00:00
chunk_6434031a2b696d55,unity_9489af8b064ca84e,unity_docs,official_documentation,Manual,,UsePass directive in ShaderLab reference,https://docs.unity3d.com/6000.4/Documentation/Manual/SL-UsePass.html,unity_docs_incremental_260527_002,1,E:/系统/桌面/工作区/本学期/大三下/IT项目管理/大作业/Data/KnowledgeBase/processed_clean/dify_import/unity_docs_chunk_6434031a2b696d55.md,1631,2026-05-27T13:13:28.793819+00:00
chunk_d17b4915004e255c,unity_26f106f59dfd3502,unity_docs,official_documentation,Manual,,Default shader keywords,https://docs.unity3d.com/6000.4/Documentation/Manual/shader-keywords-default.html,unity_docs_incremental_260527_002,1,E:/系统/桌面/工作区/本学期/大三下/IT项目管理/大作业/Data/KnowledgeBase/processed_clean/dify_import/unity_docs_chunk_d17b4915004e255c.md,1600,2026-05-27T13:13:28.795220+00:00
chunk_bf5062c613d4631c,unity_aaf42ba6ed4e6949,unity_docs,official_documentation,Manual,,ShaderLab language reference,https://docs.unity3d.com/6000.4/Documentation/Manual/SL-Reference.html,unity_docs_incremental_260527_002,1,E:/系统/桌面/工作区/本学期/大三下/IT项目管理/大作业/Data/KnowledgeBase/processed_clean/dify_import/unity_docs_chunk_bf5062c613d4631c.md,1571,2026-05-27T13:13:28.796536+00:00
chunk_55a029f93679a1ba,unity_340b75cdce119071,unity_docs,official_documentation,Manual,,Shader in ShaderLab reference,https://docs.unity3d.com/6000.4/Documentation/Manual/SL-Shader-object.html,unity_docs_incremental_260527_002,1,E:/系统/桌面/工作区/本学期/大三下/IT项目管理/大作业/Data/KnowledgeBase/processed_clean/dify_import/unity_docs_chunk_55a029f93679a1ba.md,934,2026-05-27T13:13:28.797741+00:00
chunk_796b2c597091e218,unity_46a7f6d91dfaa73f,unity_docs,official_documentation,Manual,,Custom Editor block in ShaderLab reference,https://docs.unity3d.com/6000.4/Documentation/Manual/SL-CustomEditor.html,unity_docs_incremental_260527_002,1,E:/系统/桌面/工作区/本学期/大三下/IT项目管理/大作业/Data/KnowledgeBase/processed_clean/dify_import/unity_docs_chunk_796b2c597091e218.md,1571,2026-05-27T13:13:28.799114+00:00
chunk_df75dd135bccbffd,unity_cee24f070ff6e451,unity_docs,official_documentation,Manual,,Particle shaders in the Built-In Render Pipeline,https://docs.unity3d.com/6000.4/Documentation/Manual/shader-StandardParticleShadersLanding.html,unity_docs_incremental_260527_002,1,E:/系统/桌面/工作区/本学期/大三下/IT项目管理/大作业/Data/KnowledgeBase/processed_clean/dify_import/unity_docs_chunk_df75dd135bccbffd.md,1660,2026-05-27T13:13:28.800378+00:00
chunk_e4276aab4e8ebe69,unity_87bb32405b295062,unity_docs,official_documentation,Manual,,Create a particle material in the Built-In Render Pipeline,https://docs.unity3d.com/6000.4/Documentation/Manual/shader-StandardParticleShadersCreate.html,unity_docs_incremental_260527_002,1,E:/系统/桌面/工作区/本学期/大三下/IT项目管理/大作业/Data/KnowledgeBase/processed_clean/dify_import/unity_docs_chunk_e4276aab4e8ebe69.md,1751,2026-05-27T13:13:28.801842+00:00
chunk_695cd46c3ab2fd3b,unity_87bb32405b295062,unity_docs,official_documentation,Manual,,Create a particle material in the Built-In Render Pipeline,https://docs.unity3d.com/6000.4/Documentation/Manual/shader-StandardParticleShadersCreate.html,unity_docs_incremental_260527_002,2,E:/系统/桌面/工作区/本学期/大三下/IT项目管理/大作业/Data/KnowledgeBase/processed_clean/dify_import/unity_docs_chunk_695cd46c3ab2fd3b.md,1215,2026-05-27T13:13:28.802466+00:00
chunk_ff59bc0f89f1cb30,unity_b40f10d3006ac328,unity_docs,official_documentation,Manual,,Custom data streams in Particle Systems in the Built-In Render Pipeline,https://docs.unity3d.com/6000.4/Documentation/Manual/custom-data-streams-particle-systems.html,unity_docs_incremental_260527_002,1,E:/系统/桌面/工作区/本学期/大三下/IT项目管理/大作业/Data/KnowledgeBase/processed_clean/dify_import/unity_docs_chunk_ff59bc0f89f1cb30.md,1795,2026-05-27T13:13:28.803715+00:00
chunk_b01b296144f6f150,unity_7894f31efda9a0c1,unity_docs,official_documentation,Manual,,Set the Rendering Mode in the Standard Shader using a script,https://docs.unity3d.com/6000.4/Documentation/Manual/StandardShaderMaterialParameterRenderingMode.html,unity_docs_incremental_260527_002,1,E:/系统/桌面/工作区/本学期/大三下/IT项目管理/大作业/Data/KnowledgeBase/processed_clean/dify_import/unity_docs_chunk_b01b296144f6f150.md,1586,2026-05-27T13:13:28.805061+00:00
chunk_191856e4de49ce65,unity_7894f31efda9a0c1,unity_docs,official_documentation,Manual,,Set the Rendering Mode in the Standard Shader using a script,https://docs.unity3d.com/6000.4/Documentation/Manual/StandardShaderMaterialParameterRenderingMode.html,unity_docs_incremental_260527_002,2,E:/系统/桌面/工作区/本学期/大三下/IT项目管理/大作业/Data/KnowledgeBase/processed_clean/dify_import/unity_docs_chunk_191856e4de49ce65.md,1459,2026-05-27T13:13:28.805822+00:00
chunk_008367550fc90739,unity_7894f31efda9a0c1,unity_docs,official_documentation,Manual,,Set the Rendering Mode in the Standard Shader using a script,https://docs.unity3d.com/6000.4/Documentation/Manual/StandardShaderMaterialParameterRenderingMode.html,unity_docs_incremental_260527_002,3,E:/系统/桌面/工作区/本学期/大三下/IT项目管理/大作业/Data/KnowledgeBase/processed_clean/dify_import/unity_docs_chunk_008367550fc90739.md,870,2026-05-27T13:13:28.806739+00:00
chunk_519afaf3074efe60,unity_69c63d992b626a83,unity_docs,official_documentation,ScriptReference,,SpringJoint,https://docs.unity3d.com/6000.4/Documentation/ScriptReference/SpringJoint.html,unity_docs_incremental_260527_002,1,E:/系统/桌面/工作区/本学期/大三下/IT项目管理/大作业/Data/KnowledgeBase/processed_clean/dify_import/unity_docs_chunk_519afaf3074efe60.md,1777,2026-05-27T13:13:28.808924+00:00
chunk_95928494094dce4f,unity_69c63d992b626a83,unity_docs,official_documentation,ScriptReference,,SpringJoint,https://docs.unity3d.com/6000.4/Documentation/ScriptReference/SpringJoint.html,unity_docs_incremental_260527_002,2,E:/系统/桌面/工作区/本学期/大三下/IT项目管理/大作业/Data/KnowledgeBase/processed_clean/dify_import/unity_docs_chunk_95928494094dce4f.md,1743,2026-05-27T13:13:28.809667+00:00
chunk_473aeb7d9e49078a,unity_69c63d992b626a83,unity_docs,official_documentation,ScriptReference,,SpringJoint,https://docs.unity3d.com/6000.4/Documentation/ScriptReference/SpringJoint.html,unity_docs_incremental_260527_002,3,E:/系统/桌面/工作区/本学期/大三下/IT项目管理/大作业/Data/KnowledgeBase/processed_clean/dify_import/unity_docs_chunk_473aeb7d9e49078a.md,1799,2026-05-27T13:13:28.810341+00:00
chunk_ac14565426ad570b,unity_bdbde17fda01b53c,unity_docs,official_documentation,Manual,,Sprite Mask component reference,https://docs.unity3d.com/6000.4/Documentation/Manual/sprite/mask/sprite-mask-reference.html,unity_docs_incremental_260527_002,1,E:/系统/桌面/工作区/本学期/大三下/IT项目管理/大作业/Data/KnowledgeBase/processed_clean/dify_import/unity_docs_chunk_ac14565426ad570b.md,1649,2026-05-27T13:13:28.811865+00:00
chunk_ae751abb0c230796,unity_bdbde17fda01b53c,unity_docs,official_documentation,Manual,,Sprite Mask component reference,https://docs.unity3d.com/6000.4/Documentation/Manual/sprite/mask/sprite-mask-reference.html,unity_docs_incremental_260527_002,2,E:/系统/桌面/工作区/本学期/大三下/IT项目管理/大作业/Data/KnowledgeBase/processed_clean/dify_import/unity_docs_chunk_ae751abb0c230796.md,1752,2026-05-27T13:13:28.812931+00:00
chunk_c46989a6fb49af61,unity_bdbde17fda01b53c,unity_docs,official_documentation,Manual,,Sprite Mask component reference,https://docs.unity3d.com/6000.4/Documentation/Manual/sprite/mask/sprite-mask-reference.html,unity_docs_incremental_260527_002,3,E:/系统/桌面/工作区/本学期/大三下/IT项目管理/大作业/Data/KnowledgeBase/processed_clean/dify_import/unity_docs_chunk_c46989a6fb49af61.md,619,2026-05-27T13:13:28.813616+00:00
chunk_ae1b1b9f6f374419,unity_65af006d46786684,unity_docs,official_documentation,Manual,,Sprite atlases,https://docs.unity3d.com/6000.4/Documentation/Manual/sprite/atlas/atlas-introduction.html,unity_docs_incremental_260527_002,1,E:/系统/桌面/工作区/本学期/大三下/IT项目管理/大作业/Data/KnowledgeBase/processed_clean/dify_import/unity_docs_chunk_ae1b1b9f6f374419.md,1785,2026-05-27T13:13:28.815075+00:00
chunk_6bebaff10a5c4b9d,unity_65af006d46786684,unity_docs,official_documentation,Manual,,Sprite atlases,https://docs.unity3d.com/6000.4/Documentation/Manual/sprite/atlas/atlas-introduction.html,unity_docs_incremental_260527_002,2,E:/系统/桌面/工作区/本学期/大三下/IT项目管理/大作业/Data/KnowledgeBase/processed_clean/dify_import/unity_docs_chunk_6bebaff10a5c4b9d.md,1416,2026-05-27T13:13:28.815814+00:00
chunk_a56520d46f8096a4,unity_5c3c30a4c5ed29bb,unity_docs,official_documentation,Manual,,Create a sprite atlas,https://docs.unity3d.com/6000.4/Documentation/Manual/sprite/atlas/create-sprite-atlas.html,unity_docs_incremental_260527_002,1,E:/系统/桌面/工作区/本学期/大三下/IT项目管理/大作业/Data/KnowledgeBase/processed_clean/dify_import/unity_docs_chunk_a56520d46f8096a4.md,1799,2026-05-27T13:13:28.817649+00:00
chunk_d41535dd065389e5,unity_5c3c30a4c5ed29bb,unity_docs,official_documentation,Manual,,Create a sprite atlas,https://docs.unity3d.com/6000.4/Documentation/Manual/sprite/atlas/create-sprite-atlas.html,unity_docs_incremental_260527_002,2,E:/系统/桌面/工作区/本学期/大三下/IT项目管理/大作业/Data/KnowledgeBase/processed_clean/dify_import/unity_docs_chunk_d41535dd065389e5.md,1645,2026-05-27T13:13:28.818524+00:00
chunk_554b34b175889108,unity_5c3c30a4c5ed29bb,unity_docs,official_documentation,Manual,,Create a sprite atlas,https://docs.unity3d.com/6000.4/Documentation/Manual/sprite/atlas/create-sprite-atlas.html,unity_docs_incremental_260527_002,3,E:/系统/桌面/工作区/本学期/大三下/IT项目管理/大作业/Data/KnowledgeBase/processed_clean/dify_import/unity_docs_chunk_554b34b175889108.md,1800,2026-05-27T13:13:28.819428+00:00
chunk_c1f965d9fcef127c,unity_5c3c30a4c5ed29bb,unity_docs,official_documentation,Manual,,Create a sprite atlas,https://docs.unity3d.com/6000.4/Documentation/Manual/sprite/atlas/create-sprite-atlas.html,unity_docs_incremental_260527_002,4,E:/系统/桌面/工作区/本学期/大三下/IT项目管理/大作业/Data/KnowledgeBase/processed_clean/dify_import/unity_docs_chunk_c1f965d9fcef127c.md,469,2026-05-27T13:13:28.820342+00:00
chunk_a05c4cca9feb495c,unity_3df0fb6a14bf72eb,unity_docs,official_documentation,Manual,,Create lower resolution versions of sprite atlases,https://docs.unity3d.com/6000.4/Documentation/Manual/sprite/atlas/master-variant/master-variant-sprite-atlases.html,unity_docs_incremental_260527_002,1,E:/系统/桌面/工作区/本学期/大三下/IT项目管理/大作业/Data/KnowledgeBase/processed_clean/dify_import/unity_docs_chunk_a05c4cca9feb495c.md,1719,2026-05-27T13:13:28.822661+00:00
chunk_b0b38947bea8b875,unity_3df0fb6a14bf72eb,unity_docs,official_documentation,Manual,,Create lower resolution versions of sprite atlases,https://docs.unity3d.com/6000.4/Documentation/Manual/sprite/atlas/master-variant/master-variant-sprite-atlases.html,unity_docs_incremental_260527_002,2,E:/系统/桌面/工作区/本学期/大三下/IT项目管理/大作业/Data/KnowledgeBase/processed_clean/dify_import/unity_docs_chunk_b0b38947bea8b875.md,1604,2026-05-27T13:13:28.823827+00:00
chunk_16510f16515f9c30,unity_8a5ab651f154c7f2,unity_docs,official_documentation,Manual,,Load sprite atlases manually at runtime,https://docs.unity3d.com/6000.4/Documentation/Manual/sprite/atlas/distribution/load-sprite-atlas-spriteatlasmanageratlasrequested.html,unity_docs_incremental_260527_002,1,E:/系统/桌面/工作区/本学期/大三下/IT项目管理/大作业/Data/KnowledgeBase/processed_clean/dify_import/unity_docs_chunk_16510f16515f9c30.md,1739,2026-05-27T13:13:28.825924+00:00
chunk_fba684300dbcb0e3,unity_8a5ab651f154c7f2,unity_docs,official_documentation,Manual,,Load sprite atlases manually at runtime,https://docs.unity3d.com/6000.4/Documentation/Manual/sprite/atlas/distribution/load-sprite-atlas-spriteatlasmanageratlasrequested.html,unity_docs_incremental_260527_002,2,E:/系统/桌面/工作区/本学期/大三下/IT项目管理/大作业/Data/KnowledgeBase/processed_clean/dify_import/unity_docs_chunk_fba684300dbcb0e3.md,1774,2026-05-27T13:13:28.826545+00:00
chunk_575ba6a30a4c2c1b,unity_8a5ab651f154c7f2,unity_docs,official_documentation,Manual,,Load sprite atlases manually at runtime,https://docs.unity3d.com/6000.4/Documentation/Manual/sprite/atlas/distribution/load-sprite-atlas-spriteatlasmanageratlasrequested.html,unity_docs_incremental_260527_002,3,E:/系统/桌面/工作区/本学期/大三下/IT项目管理/大作业/Data/KnowledgeBase/processed_clean/dify_import/unity_docs_chunk_575ba6a30a4c2c1b.md,1797,2026-05-27T13:13:28.827333+00:00
chunk_73ccd8f4350e2fa8,unity_8a5ab651f154c7f2,unity_docs,official_documentation,Manual,,Load sprite atlases manually at runtime,https://docs.unity3d.com/6000.4/Documentation/Manual/sprite/atlas/distribution/load-sprite-atlas-spriteatlasmanageratlasrequested.html,unity_docs_incremental_260527_002,4,E:/系统/桌面/工作区/本学期/大三下/IT项目管理/大作业/Data/KnowledgeBase/processed_clean/dify_import/unity_docs_chunk_73ccd8f4350e2fa8.md,753,2026-05-27T13:13:28.828574+00:00
chunk_1e6a28d0bce2fa76,unity_f26f0c19a0e15a5d,unity_docs,official_documentation,Manual,,Upgrade Sprite Atlas V1 assets,https://docs.unity3d.com/6000.4/Documentation/Manual/sprite/atlas/v2/sprite-atlas-v2.html,unity_docs_incremental_260527_002,1,E:/系统/桌面/工作区/本学期/大三下/IT项目管理/大作业/Data/KnowledgeBase/processed_clean/dify_import/unity_docs_chunk_1e6a28d0bce2fa76.md,1687,2026-05-27T13:13:28.830120+00:00
chunk_6d5cf46421a1bafd,unity_f4fdaeeaa1a1affc,unity_docs,official_documentation,Manual,,Sprite Atlas Inspector window reference,https://docs.unity3d.com/6000.4/Documentation/Manual/sprite/atlas/sprite-atlas-reference.html,unity_docs_incremental_260527_002,1,E:/系统/桌面/工作区/本学期/大三下/IT项目管理/大作业/Data/KnowledgeBase/processed_clean/dify_import/unity_docs_chunk_6d5cf46421a1bafd.md,1744,2026-05-27T13:13:28.832451+00:00
chunk_e0644abaf5fc006f,unity_f4fdaeeaa1a1affc,unity_docs,official_documentation,Manual,,Sprite Atlas Inspector window reference,https://docs.unity3d.com/6000.4/Documentation/Manual/sprite/atlas/sprite-atlas-reference.html,unity_docs_incremental_260527_002,2,E:/系统/桌面/工作区/本学期/大三下/IT项目管理/大作业/Data/KnowledgeBase/processed_clean/dify_import/unity_docs_chunk_e0644abaf5fc006f.md,1793,2026-05-27T13:13:28.833130+00:00
chunk_0df034e4d991d73e,unity_f4fdaeeaa1a1affc,unity_docs,official_documentation,Manual,,Sprite Atlas Inspector window reference,https://docs.unity3d.com/6000.4/Documentation/Manual/sprite/atlas/sprite-atlas-reference.html,unity_docs_incremental_260527_002,3,E:/系统/桌面/工作区/本学期/大三下/IT项目管理/大作业/Data/KnowledgeBase/processed_clean/dify_import/unity_docs_chunk_0df034e4d991d73e.md,1687,2026-05-27T13:13:28.833856+00:00
chunk_12b73c6e18606e0b,unity_f4fdaeeaa1a1affc,unity_docs,official_documentation,Manual,,Sprite Atlas Inspector window reference,https://docs.unity3d.com/6000.4/Documentation/Manual/sprite/atlas/sprite-atlas-reference.html,unity_docs_incremental_260527_002,4,E:/系统/桌面/工作区/本学期/大三下/IT项目管理/大作业/Data/KnowledgeBase/processed_clean/dify_import/unity_docs_chunk_12b73c6e18606e0b.md,1799,2026-05-27T13:13:28.834937+00:00
chunk_c04b68d471fa2b35,unity_f4fdaeeaa1a1affc,unity_docs,official_documentation,Manual,,Sprite Atlas Inspector window reference,https://docs.unity3d.com/6000.4/Documentation/Manual/sprite/atlas/sprite-atlas-reference.html,unity_docs_incremental_260527_002,5,E:/系统/桌面/工作区/本学期/大三下/IT项目管理/大作业/Data/KnowledgeBase/processed_clean/dify_import/unity_docs_chunk_c04b68d471fa2b35.md,1774,2026-05-27T13:13:28.835774+00:00
chunk_2fbadfc03c49c151,unity_f4fdaeeaa1a1affc,unity_docs,official_documentation,Manual,,Sprite Atlas Inspector window reference,https://docs.unity3d.com/6000.4/Documentation/Manual/sprite/atlas/sprite-atlas-reference.html,unity_docs_incremental_260527_002,6,E:/系统/桌面/工作区/本学期/大三下/IT项目管理/大作业/Data/KnowledgeBase/processed_clean/dify_import/unity_docs_chunk_2fbadfc03c49c151.md,1773,2026-05-27T13:13:28.836544+00:00
chunk_f56920ff70fde4dd,unity_00db5a45ac4e49b5,unity_docs,official_documentation,Manual,,9-slice a sprite,https://docs.unity3d.com/6000.4/Documentation/Manual/sprite/9-slice/set-sprite-9slicing.html,unity_docs_incremental_260527_002,1,E:/系统/桌面/工作区/本学期/大三下/IT项目管理/大作业/Data/KnowledgeBase/processed_clean/dify_import/unity_docs_chunk_f56920ff70fde4dd.md,1681,2026-05-27T13:13:28.839125+00:00
chunk_722cd190b1a12b22,unity_00db5a45ac4e49b5,unity_docs,official_documentation,Manual,,9-slice a sprite,https://docs.unity3d.com/6000.4/Documentation/Manual/sprite/9-slice/set-sprite-9slicing.html,unity_docs_incremental_260527_002,2,E:/系统/桌面/工作区/本学期/大三下/IT项目管理/大作业/Data/KnowledgeBase/processed_clean/dify_import/unity_docs_chunk_722cd190b1a12b22.md,1798,2026-05-27T13:13:28.840247+00:00
chunk_2f2d9e92b1d2253f,unity_00db5a45ac4e49b5,unity_docs,official_documentation,Manual,,9-slice a sprite,https://docs.unity3d.com/6000.4/Documentation/Manual/sprite/9-slice/set-sprite-9slicing.html,unity_docs_incremental_260527_002,3,E:/系统/桌面/工作区/本学期/大三下/IT项目管理/大作业/Data/KnowledgeBase/processed_clean/dify_import/unity_docs_chunk_2f2d9e92b1d2253f.md,1700,2026-05-27T13:13:28.841072+00:00
chunk_0778f73f8ce498e7,unity_00db5a45ac4e49b5,unity_docs,official_documentation,Manual,,9-slice a sprite,https://docs.unity3d.com/6000.4/Documentation/Manual/sprite/9-slice/set-sprite-9slicing.html,unity_docs_incremental_260527_002,4,E:/系统/桌面/工作区/本学期/大三下/IT项目管理/大作业/Data/KnowledgeBase/processed_clean/dify_import/unity_docs_chunk_0778f73f8ce498e7.md,1177,2026-05-27T13:13:28.841763+00:00
chunk_bfc01a1e0e4a14f4,unity_5fea4af835916f19,unity_docs,official_documentation,Manual,,Add a sprite mask,https://docs.unity3d.com/6000.4/Documentation/Manual/sprite/mask/hide-reveal-parts-sprite-mask.html,unity_docs_incremental_260527_002,1,E:/系统/桌面/工作区/本学期/大三下/IT项目管理/大作业/Data/KnowledgeBase/processed_clean/dify_import/unity_docs_chunk_bfc01a1e0e4a14f4.md,1772,2026-05-27T13:13:28.843942+00:00
chunk_0a88a1524cfd6068,unity_5fea4af835916f19,unity_docs,official_documentation,Manual,,Add a sprite mask,https://docs.unity3d.com/6000.4/Documentation/Manual/sprite/mask/hide-reveal-parts-sprite-mask.html,unity_docs_incremental_260527_002,2,E:/系统/桌面/工作区/本学期/大三下/IT项目管理/大作业/Data/KnowledgeBase/processed_clean/dify_import/unity_docs_chunk_0a88a1524cfd6068.md,1784,2026-05-27T13:13:28.844698+00:00
chunk_9bc7fffa6f29d022,unity_5fea4af835916f19,unity_docs,official_documentation,Manual,,Add a sprite mask,https://docs.unity3d.com/6000.4/Documentation/Manual/sprite/mask/hide-reveal-parts-sprite-mask.html,unity_docs_incremental_260527_002,3,E:/系统/桌面/工作区/本学期/大三下/IT项目管理/大作业/Data/KnowledgeBase/processed_clean/dify_import/unity_docs_chunk_9bc7fffa6f29d022.md,1794,2026-05-27T13:13:28.845273+00:00
chunk_8f6b47e53e838780,unity_5fea4af835916f19,unity_docs,official_documentation,Manual,,Add a sprite mask,https://docs.unity3d.com/6000.4/Documentation/Manual/sprite/mask/hide-reveal-parts-sprite-mask.html,unity_docs_incremental_260527_002,4,E:/系统/桌面/工作区/本学期/大三下/IT项目管理/大作业/Data/KnowledgeBase/processed_clean/dify_import/unity_docs_chunk_8f6b47e53e838780.md,234,2026-05-27T13:13:28.845761+00:00
chunk_50f391e7ca5f0355,unity_05b55522497be6e4,unity_docs,official_documentation,Manual,,Add a normal map or a mask map to a sprite in URP,https://docs.unity3d.com/6000.4/Documentation/Manual/urp/SecondaryTextures.html,unity_docs_incremental_260527_002,1,E:/系统/桌面/工作区/本学期/大三下/IT项目管理/大作业/Data/KnowledgeBase/processed_clean/dify_import/unity_docs_chunk_50f391e7ca5f0355.md,1625,2026-05-27T13:13:28.847262+00:00
chunk_3d2ad4cc7d4182db,unity_05b55522497be6e4,unity_docs,official_documentation,Manual,,Add a normal map or a mask map to a sprite in URP,https://docs.unity3d.com/6000.4/Documentation/Manual/urp/SecondaryTextures.html,unity_docs_incremental_260527_002,2,E:/系统/桌面/工作区/本学期/大三下/IT项目管理/大作业/Data/KnowledgeBase/processed_clean/dify_import/unity_docs_chunk_3d2ad4cc7d4182db.md,1660,2026-05-27T13:13:28.848152+00:00
chunk_33be5cffb4642203,unity_05b55522497be6e4,unity_docs,official_documentation,Manual,,Add a normal map or a mask map to a sprite in URP,https://docs.unity3d.com/6000.4/Documentation/Manual/urp/SecondaryTextures.html,unity_docs_incremental_260527_002,3,E:/系统/桌面/工作区/本学期/大三下/IT项目管理/大作业/Data/KnowledgeBase/processed_clean/dify_import/unity_docs_chunk_33be5cffb4642203.md,1788,2026-05-27T13:13:28.848977+00:00
chunk_91c324f7ed511fc8,unity_05b55522497be6e4,unity_docs,official_documentation,Manual,,Add a normal map or a mask map to a sprite in URP,https://docs.unity3d.com/6000.4/Documentation/Manual/urp/SecondaryTextures.html,unity_docs_incremental_260527_002,4,E:/系统/桌面/工作区/本学期/大三下/IT项目管理/大作业/Data/KnowledgeBase/processed_clean/dify_import/unity_docs_chunk_91c324f7ed511fc8.md,1000,2026-05-27T13:13:28.849571+00:00
chunk_5f2bd62b02b4382f,unity_d072c0e5532a9e9c,unity_docs,official_documentation,Manual,,Change the sorting order of 2D GameObjects,https://docs.unity3d.com/6000.4/Documentation/Manual/2d-renderer-sorting.html,unity_docs_incremental_260527_002,1,E:/系统/桌面/工作区/本学期/大三下/IT项目管理/大作业/Data/KnowledgeBase/processed_clean/dify_import/unity_docs_chunk_5f2bd62b02b4382f.md,1776,2026-05-27T13:13:28.851243+00:00
chunk_762cfbf294644732,unity_d072c0e5532a9e9c,unity_docs,official_documentation,Manual,,Change the sorting order of 2D GameObjects,https://docs.unity3d.com/6000.4/Documentation/Manual/2d-renderer-sorting.html,unity_docs_incremental_260527_002,2,E:/系统/桌面/工作区/本学期/大三下/IT项目管理/大作业/Data/KnowledgeBase/processed_clean/dify_import/unity_docs_chunk_762cfbf294644732.md,1796,2026-05-27T13:13:28.852118+00:00
chunk_6c53174b6ceb967c,unity_d072c0e5532a9e9c,unity_docs,official_documentation,Manual,,Change the sorting order of 2D GameObjects,https://docs.unity3d.com/6000.4/Documentation/Manual/2d-renderer-sorting.html,unity_docs_incremental_260527_002,3,E:/系统/桌面/工作区/本学期/大三下/IT项目管理/大作业/Data/KnowledgeBase/processed_clean/dify_import/unity_docs_chunk_6c53174b6ceb967c.md,1784,2026-05-27T13:13:28.852910+00:00
chunk_c75179fea8b39fb4,unity_d072c0e5532a9e9c,unity_docs,official_documentation,Manual,,Change the sorting order of 2D GameObjects,https://docs.unity3d.com/6000.4/Documentation/Manual/2d-renderer-sorting.html,unity_docs_incremental_260527_002,4,E:/系统/桌面/工作区/本学期/大三下/IT项目管理/大作业/Data/KnowledgeBase/processed_clean/dify_import/unity_docs_chunk_c75179fea8b39fb4.md,997,2026-05-27T13:13:28.853398+00:00
chunk_786fe05dcea51ca0,unity_b3e9fb16bb054fce,unity_docs,official_documentation,Manual,,9-slicing,https://docs.unity3d.com/6000.4/Documentation/Manual/sprite/9-slice/9-slicing.html,unity_docs_incremental_260527_002,1,E:/系统/桌面/工作区/本学期/大三下/IT项目管理/大作业/Data/KnowledgeBase/processed_clean/dify_import/unity_docs_chunk_786fe05dcea51ca0.md,1750,2026-05-27T13:13:28.855142+00:00
chunk_fc9c3a5ee07b60d5,unity_b3e9fb16bb054fce,unity_docs,official_documentation,Manual,,9-slicing,https://docs.unity3d.com/6000.4/Documentation/Manual/sprite/9-slice/9-slicing.html,unity_docs_incremental_260527_002,2,E:/系统/桌面/工作区/本学期/大三下/IT项目管理/大作业/Data/KnowledgeBase/processed_clean/dify_import/unity_docs_chunk_fc9c3a5ee07b60d5.md,1217,2026-05-27T13:13:28.856240+00:00
chunk_5ba1672b5fe63ab0,unity_16c6717e94281b12,unity_docs,official_documentation,Manual,,Sprite Editor tab reference for the Sprite Editor window,https://docs.unity3d.com/6000.4/Documentation/Manual/sprite/sprite-editor/sprite-editor-window-reference.html,unity_docs_incremental_260527_002,1,E:/系统/桌面/工作区/本学期/大三下/IT项目管理/大作业/Data/KnowledgeBase/processed_clean/dify_import/unity_docs_chunk_5ba1672b5fe63ab0.md,1791,2026-05-27T13:13:28.859077+00:00
chunk_8df207eda8d4a422,unity_16c6717e94281b12,unity_docs,official_documentation,Manual,,Sprite Editor tab reference for the Sprite Editor window,https://docs.unity3d.com/6000.4/Documentation/Manual/sprite/sprite-editor/sprite-editor-window-reference.html,unity_docs_incremental_260527_002,2,E:/系统/桌面/工作区/本学期/大三下/IT项目管理/大作业/Data/KnowledgeBase/processed_clean/dify_import/unity_docs_chunk_8df207eda8d4a422.md,1799,2026-05-27T13:13:28.860083+00:00
chunk_07d68a13f7fb14ef,unity_16c6717e94281b12,unity_docs,official_documentation,Manual,,Sprite Editor tab reference for the Sprite Editor window,https://docs.unity3d.com/6000.4/Documentation/Manual/sprite/sprite-editor/sprite-editor-window-reference.html,unity_docs_incremental_260527_002,3,E:/系统/桌面/工作区/本学期/大三下/IT项目管理/大作业/Data/KnowledgeBase/processed_clean/dify_import/unity_docs_chunk_07d68a13f7fb14ef.md,1785,2026-05-27T13:13:28.860766+00:00
chunk_b4a03f6d74bbd154,unity_16c6717e94281b12,unity_docs,official_documentation,Manual,,Sprite Editor tab reference for the Sprite Editor window,https://docs.unity3d.com/6000.4/Documentation/Manual/sprite/sprite-editor/sprite-editor-window-reference.html,unity_docs_incremental_260527_002,4,E:/系统/桌面/工作区/本学期/大三下/IT项目管理/大作业/Data/KnowledgeBase/processed_clean/dify_import/unity_docs_chunk_b4a03f6d74bbd154.md,1756,2026-05-27T13:13:28.861559+00:00
chunk_5eec71bb07257ac9,unity_16c6717e94281b12,unity_docs,official_documentation,Manual,,Sprite Editor tab reference for the Sprite Editor window,https://docs.unity3d.com/6000.4/Documentation/Manual/sprite/sprite-editor/sprite-editor-window-reference.html,unity_docs_incremental_260527_002,5,E:/系统/桌面/工作区/本学期/大三下/IT项目管理/大作业/Data/KnowledgeBase/processed_clean/dify_import/unity_docs_chunk_5eec71bb07257ac9.md,1750,2026-05-27T13:13:28.862341+00:00
chunk_dac63ea9e7e0b40c,unity_16c6717e94281b12,unity_docs,official_documentation,Manual,,Sprite Editor tab reference for the Sprite Editor window,https://docs.unity3d.com/6000.4/Documentation/Manual/sprite/sprite-editor/sprite-editor-window-reference.html,unity_docs_incremental_260527_002,6,E:/系统/桌面/工作区/本学期/大三下/IT项目管理/大作业/Data/KnowledgeBase/processed_clean/dify_import/unity_docs_chunk_dac63ea9e7e0b40c.md,1265,2026-05-27T13:13:28.863159+00:00
chunk_9b0b83c2061ddcdb,unity_bd9a76d82e3ee359,unity_docs,official_documentation,Manual,,Rendering Layers in URP,https://docs.unity3d.com/6000.4/Documentation/Manual/urp/features/rendering-layers.html,unity_docs_incremental_260527_002,1,E:/系统/桌面/工作区/本学期/大三下/IT项目管理/大作业/Data/KnowledgeBase/processed_clean/dify_import/unity_docs_chunk_9b0b83c2061ddcdb.md,1266,2026-05-27T13:13:28.864397+00:00
chunk_e4777ab0be162bfb,unity_f7f9ff0ffa1b486a,unity_docs,official_documentation,ScriptReference,,StateMachineBehaviour,https://docs.unity3d.com/6000.4/Documentation/ScriptReference/StateMachineBehaviour.html,unity_docs_incremental_260527_002,1,E:/系统/桌面/工作区/本学期/大三下/IT项目管理/大作业/Data/KnowledgeBase/processed_clean/dify_import/unity_docs_chunk_e4777ab0be162bfb.md,1799,2026-05-27T13:13:28.866194+00:00
chunk_ea1e4a4b003d9975,unity_f7f9ff0ffa1b486a,unity_docs,official_documentation,ScriptReference,,StateMachineBehaviour,https://docs.unity3d.com/6000.4/Documentation/ScriptReference/StateMachineBehaviour.html,unity_docs_incremental_260527_002,2,E:/系统/桌面/工作区/本学期/大三下/IT项目管理/大作业/Data/KnowledgeBase/processed_clean/dify_import/unity_docs_chunk_ea1e4a4b003d9975.md,1784,2026-05-27T13:13:28.866861+00:00
chunk_433db5d0d7b64269,unity_f7f9ff0ffa1b486a,unity_docs,official_documentation,ScriptReference,,StateMachineBehaviour,https://docs.unity3d.com/6000.4/Documentation/ScriptReference/StateMachineBehaviour.html,unity_docs_incremental_260527_002,3,E:/系统/桌面/工作区/本学期/大三下/IT项目管理/大作业/Data/KnowledgeBase/processed_clean/dify_import/unity_docs_chunk_433db5d0d7b64269.md,1780,2026-05-27T13:13:28.867476+00:00
chunk_97b8c33c01c89f4e,unity_f7f9ff0ffa1b486a,unity_docs,official_documentation,ScriptReference,,StateMachineBehaviour,https://docs.unity3d.com/6000.4/Documentation/ScriptReference/StateMachineBehaviour.html,unity_docs_incremental_260527_002,4,E:/系统/桌面/工作区/本学期/大三下/IT项目管理/大作业/Data/KnowledgeBase/processed_clean/dify_import/unity_docs_chunk_97b8c33c01c89f4e.md,874,2026-05-27T13:13:28.868142+00:00
chunk_f5c3adc60fe9512d,unity_5f706bc565d15152,unity_docs,official_documentation,ScriptReference,,GameObject .isStatic,https://docs.unity3d.com/6000.4/Documentation/ScriptReference/GameObject-isStatic.html,unity_docs_incremental_260527_002,1,E:/系统/桌面/工作区/本学期/大三下/IT项目管理/大作业/Data/KnowledgeBase/processed_clean/dify_import/unity_docs_chunk_f5c3adc60fe9512d.md,918,2026-05-27T13:13:28.869804+00:00
chunk_41baaccaa8846704,unity_f7192b9f2d98a1f8,unity_docs,official_documentation,ScriptReference,,GameObjectUtility .GetStaticEditorFlags,https://docs.unity3d.com/6000.4/Documentation/ScriptReference/GameObjectUtility.GetStaticEditorFlags.html,unity_docs_incremental_260527_002,1,E:/系统/桌面/工作区/本学期/大三下/IT项目管理/大作业/Data/KnowledgeBase/processed_clean/dify_import/unity_docs_chunk_41baaccaa8846704.md,582,2026-05-27T13:13:28.871295+00:00
chunk_ebe2a4b62140e7b1,unity_851c2e01496a1d4a,unity_docs,official_documentation,ScriptReference,,ReceiveGI,https://docs.unity3d.com/6000.4/Documentation/ScriptReference/ReceiveGI.html,unity_docs_incremental_260527_002,1,E:/系统/桌面/工作区/本学期/大三下/IT项目管理/大作业/Data/KnowledgeBase/processed_clean/dify_import/unity_docs_chunk_ebe2a4b62140e7b1.md,1528,2026-05-27T13:13:28.872429+00:00
chunk_3abcb57b792179c4,unity_f82bdb3446a0942a,unity_docs,official_documentation,ScriptReference,,StaticEditorFlags .NavigationStatic,https://docs.unity3d.com/6000.4/Documentation/ScriptReference/StaticEditorFlags.NavigationStatic.html,unity_docs_incremental_260527_002,1,E:/系统/桌面/工作区/本学期/大三下/IT项目管理/大作业/Data/KnowledgeBase/processed_clean/dify_import/unity_docs_chunk_3abcb57b792179c4.md,1173,2026-05-27T13:13:28.873596+00:00
chunk_1eaadb2b09e26cb0,unity_9efa14343dea8e95,unity_docs,official_documentation,ScriptReference,,StaticEditorFlags .OffMeshLinkGeneration,https://docs.unity3d.com/6000.4/Documentation/ScriptReference/StaticEditorFlags.OffMeshLinkGeneration.html,unity_docs_incremental_260527_002,1,E:/系统/桌面/工作区/本学期/大三下/IT项目管理/大作业/Data/KnowledgeBase/processed_clean/dify_import/unity_docs_chunk_1eaadb2b09e26cb0.md,1297,2026-05-27T13:13:28.874842+00:00
chunk_7495895acf683cb1,unity_8582532c71d170ee,unity_docs,official_documentation,Manual,,Introduction to Reflection Probes,https://docs.unity3d.com/6000.4/Documentation/Manual/ReflectionProbes.html,unity_docs_incremental_260527_002,1,E:/系统/桌面/工作区/本学期/大三下/IT项目管理/大作业/Data/KnowledgeBase/processed_clean/dify_import/unity_docs_chunk_7495895acf683cb1.md,1744,2026-05-27T13:13:28.876544+00:00
chunk_01db6adb09dfde66,unity_8582532c71d170ee,unity_docs,official_documentation,Manual,,Introduction to Reflection Probes,https://docs.unity3d.com/6000.4/Documentation/Manual/ReflectionProbes.html,unity_docs_incremental_260527_002,2,E:/系统/桌面/工作区/本学期/大三下/IT项目管理/大作业/Data/KnowledgeBase/processed_clean/dify_import/unity_docs_chunk_01db6adb09dfde66.md,1217,2026-05-27T13:13:28.877170+00:00
chunk_c9513ce50b686bdf,unity_8582532c71d170ee,unity_docs,official_documentation,Manual,,Introduction to Reflection Probes,https://docs.unity3d.com/6000.4/Documentation/Manual/ReflectionProbes.html,unity_docs_incremental_260527_002,3,E:/系统/桌面/工作区/本学期/大三下/IT项目管理/大作业/Data/KnowledgeBase/processed_clean/dify_import/unity_docs_chunk_c9513ce50b686bdf.md,1664,2026-05-27T13:13:28.877959+00:00
chunk_17ca167e39b68e9e,unity_8582532c71d170ee,unity_docs,official_documentation,Manual,,Introduction to Reflection Probes,https://docs.unity3d.com/6000.4/Documentation/Manual/ReflectionProbes.html,unity_docs_incremental_260527_002,4,E:/系统/桌面/工作区/本学期/大三下/IT项目管理/大作业/Data/KnowledgeBase/processed_clean/dify_import/unity_docs_chunk_17ca167e39b68e9e.md,1795,2026-05-27T13:13:28.878732+00:00
chunk_8dc4e7ee9741b0b7,unity_accd83e04876c8ec,unity_docs,official_documentation,ScriptReference,,StaticEditorFlags,https://docs.unity3d.com/6000.4/Documentation/ScriptReference/StaticEditorFlags.html,unity_docs_incremental_260527_002,1,E:/系统/桌面/工作区/本学期/大三下/IT项目管理/大作业/Data/KnowledgeBase/processed_clean/dify_import/unity_docs_chunk_8dc4e7ee9741b0b7.md,1145,2026-05-27T13:13:28.879955+00:00
chunk_14110512a39799e0,unity_36fe1ac7de6cfa2e,unity_docs,official_documentation,Manual,,Writing Surface Shaders,https://docs.unity3d.com/6000.4/Documentation/Manual/writing-surface-shaders.html,unity_docs_incremental_260527_002,1,E:/系统/桌面/工作区/本学期/大三下/IT项目管理/大作业/Data/KnowledgeBase/processed_clean/dify_import/unity_docs_chunk_14110512a39799e0.md,1778,2026-05-27T13:13:28.881154+00:00
chunk_97d1a80a2a1f0331,unity_36fe1ac7de6cfa2e,unity_docs,official_documentation,Manual,,Writing Surface Shaders,https://docs.unity3d.com/6000.4/Documentation/Manual/writing-surface-shaders.html,unity_docs_incremental_260527_002,2,E:/系统/桌面/工作区/本学期/大三下/IT项目管理/大作业/Data/KnowledgeBase/processed_clean/dify_import/unity_docs_chunk_97d1a80a2a1f0331.md,283,2026-05-27T13:13:28.881708+00:00
chunk_a340f7a91bfc9470,unity_a69e14eecdee5466,unity_docs,official_documentation,Manual,,Surface Shader output structures in the Built-In Render Pipeline,https://docs.unity3d.com/6000.4/Documentation/Manual/SL-SurfaceShaders-output.html,unity_docs_incremental_260527_002,1,E:/系统/桌面/工作区/本学期/大三下/IT项目管理/大作业/Data/KnowledgeBase/processed_clean/dify_import/unity_docs_chunk_a340f7a91bfc9470.md,1762,2026-05-27T13:13:28.883001+00:00
chunk_44168c18f99918b5,unity_3513b67ecd9f4bca,unity_docs,official_documentation,Manual,,Surface Shader examples in the Built-In Render Pipeline,https://docs.unity3d.com/6000.4/Documentation/Manual/SL-SurfaceShaderExamples.html,unity_docs_incremental_260527_002,1,E:/系统/桌面/工作区/本学期/大三下/IT项目管理/大作业/Data/KnowledgeBase/processed_clean/dify_import/unity_docs_chunk_44168c18f99918b5.md,1800,2026-05-27T13:13:28.884417+00:00
chunk_2f57c2b2461030cf,unity_3513b67ecd9f4bca,unity_docs,official_documentation,Manual,,Surface Shader examples in the Built-In Render Pipeline,https://docs.unity3d.com/6000.4/Documentation/Manual/SL-SurfaceShaderExamples.html,unity_docs_incremental_260527_002,2,E:/系统/桌面/工作区/本学期/大三下/IT项目管理/大作业/Data/KnowledgeBase/processed_clean/dify_import/unity_docs_chunk_2f57c2b2461030cf.md,384,2026-05-27T13:13:28.884934+00:00
chunk_c1cdaf783b46e522,unity_1654b3a71ee0e7b1,unity_docs,official_documentation,Manual,,DirectX,https://docs.unity3d.com/6000.4/Documentation/Manual/UsingDX11GL3Features.html,unity_docs_incremental_260527_002,1,E:/系统/桌面/工作区/本学期/大三下/IT项目管理/大作业/Data/KnowledgeBase/processed_clean/dify_import/unity_docs_chunk_c1cdaf783b46e522.md,1798,2026-05-27T13:13:28.886345+00:00
chunk_b746818b84d5dc39,unity_1654b3a71ee0e7b1,unity_docs,official_documentation,Manual,,DirectX,https://docs.unity3d.com/6000.4/Documentation/Manual/UsingDX11GL3Features.html,unity_docs_incremental_260527_002,2,E:/系统/桌面/工作区/本学期/大三下/IT项目管理/大作业/Data/KnowledgeBase/processed_clean/dify_import/unity_docs_chunk_b746818b84d5dc39.md,1775,2026-05-27T13:13:28.887262+00:00
chunk_ef2cbf805bdbdef6,unity_4a4964dee78806d6,unity_docs,official_documentation,Manual,,Write HLSL for different graphics APIs,https://docs.unity3d.com/6000.4/Documentation/Manual/SL-PlatformDifferences.html,unity_docs_incremental_260527_002,1,E:/系统/桌面/工作区/本学期/大三下/IT项目管理/大作业/Data/KnowledgeBase/processed_clean/dify_import/unity_docs_chunk_ef2cbf805bdbdef6.md,1798,2026-05-27T13:13:28.889062+00:00
chunk_c2723e4a52d7f468,unity_4a4964dee78806d6,unity_docs,official_documentation,Manual,,Write HLSL for different graphics APIs,https://docs.unity3d.com/6000.4/Documentation/Manual/SL-PlatformDifferences.html,unity_docs_incremental_260527_002,2,E:/系统/桌面/工作区/本学期/大三下/IT项目管理/大作业/Data/KnowledgeBase/processed_clean/dify_import/unity_docs_chunk_c2723e4a52d7f468.md,1610,2026-05-27T13:13:28.889634+00:00
chunk_eb47afe95f71100c,unity_4a4964dee78806d6,unity_docs,official_documentation,Manual,,Write HLSL for different graphics APIs,https://docs.unity3d.com/6000.4/Documentation/Manual/SL-PlatformDifferences.html,unity_docs_incremental_260527_002,3,E:/系统/桌面/工作区/本学期/大三下/IT项目管理/大作业/Data/KnowledgeBase/processed_clean/dify_import/unity_docs_chunk_eb47afe95f71100c.md,1799,2026-05-27T13:13:28.890365+00:00
chunk_f03b8b50168aa8d8,unity_4a4964dee78806d6,unity_docs,official_documentation,Manual,,Write HLSL for different graphics APIs,https://docs.unity3d.com/6000.4/Documentation/Manual/SL-PlatformDifferences.html,unity_docs_incremental_260527_002,4,E:/系统/桌面/工作区/本学期/大三下/IT项目管理/大作业/Data/KnowledgeBase/processed_clean/dify_import/unity_docs_chunk_f03b8b50168aa8d8.md,1782,2026-05-27T13:13:28.891216+00:00
chunk_ed222d0aa7237a6e,unity_4a4964dee78806d6,unity_docs,official_documentation,Manual,,Write HLSL for different graphics APIs,https://docs.unity3d.com/6000.4/Documentation/Manual/SL-PlatformDifferences.html,unity_docs_incremental_260527_002,5,E:/系统/桌面/工作区/本学期/大三下/IT项目管理/大作业/Data/KnowledgeBase/processed_clean/dify_import/unity_docs_chunk_ed222d0aa7237a6e.md,414,2026-05-27T13:13:28.891942+00:00
chunk_4e50e755d966a705,unity_bf2ba2a2f783964d,unity_docs,official_documentation,ScriptReference,,Animator .MatchTarget,https://docs.unity3d.com/6000.4/Documentation/ScriptReference/Animator.MatchTarget.html,unity_docs_incremental_260527_002,1,E:/系统/桌面/工作区/本学期/大三下/IT项目管理/大作业/Data/KnowledgeBase/processed_clean/dify_import/unity_docs_chunk_4e50e755d966a705.md,1799,2026-05-27T13:13:28.893332+00:00
chunk_cd9708847ddff6ac,unity_bf2ba2a2f783964d,unity_docs,official_documentation,ScriptReference,,Animator .MatchTarget,https://docs.unity3d.com/6000.4/Documentation/ScriptReference/Animator.MatchTarget.html,unity_docs_incremental_260527_002,2,E:/系统/桌面/工作区/本学期/大三下/IT项目管理/大作业/Data/KnowledgeBase/processed_clean/dify_import/unity_docs_chunk_cd9708847ddff6ac.md,946,2026-05-27T13:13:28.893950+00:00
chunk_8c77174df2a7b43e,unity_10f821c0d02dd76a,unity_docs,official_documentation,Manual,,Terrain colliders,https://docs.unity3d.com/6000.4/Documentation/Manual/terrain-colliders.html,unity_docs_incremental_260527_002,1,E:/系统/桌面/工作区/本学期/大三下/IT项目管理/大作业/Data/KnowledgeBase/processed_clean/dify_import/unity_docs_chunk_8c77174df2a7b43e.md,1239,2026-05-27T13:13:28.895217+00:00
chunk_36b6443a24e8af12,unity_0f970e288fa16f10,unity_docs,official_documentation,Manual,,Introduction to Terrain colliders,https://docs.unity3d.com/6000.4/Documentation/Manual/terrain-colliders-introduction.html,unity_docs_incremental_260527_002,1,E:/系统/桌面/工作区/本学期/大三下/IT项目管理/大作业/Data/KnowledgeBase/processed_clean/dify_import/unity_docs_chunk_36b6443a24e8af12.md,1664,2026-05-27T13:13:28.897241+00:00
chunk_2c4734ea6c68d4aa,unity_0f970e288fa16f10,unity_docs,official_documentation,Manual,,Introduction to Terrain colliders,https://docs.unity3d.com/6000.4/Documentation/Manual/terrain-colliders-introduction.html,unity_docs_incremental_260527_002,2,E:/系统/桌面/工作区/本学期/大三下/IT项目管理/大作业/Data/KnowledgeBase/processed_clean/dify_import/unity_docs_chunk_2c4734ea6c68d4aa.md,1623,2026-05-27T13:13:28.898170+00:00
chunk_3174c4cb6c0e4bf5,unity_0f970e288fa16f10,unity_docs,official_documentation,Manual,,Introduction to Terrain colliders,https://docs.unity3d.com/6000.4/Documentation/Manual/terrain-colliders-introduction.html,unity_docs_incremental_260527_002,3,E:/系统/桌面/工作区/本学期/大三下/IT项目管理/大作业/Data/KnowledgeBase/processed_clean/dify_import/unity_docs_chunk_3174c4cb6c0e4bf5.md,1590,2026-05-27T13:13:28.898779+00:00
chunk_158d1d14e056551a,unity_0f970e288fa16f10,unity_docs,official_documentation,Manual,,Introduction to Terrain colliders,https://docs.unity3d.com/6000.4/Documentation/Manual/terrain-colliders-introduction.html,unity_docs_incremental_260527_002,4,E:/系统/桌面/工作区/本学期/大三下/IT项目管理/大作业/Data/KnowledgeBase/processed_clean/dify_import/unity_docs_chunk_158d1d14e056551a.md,1729,2026-05-27T13:13:28.899513+00:00
chunk_eddccf83e714a4fe,unity_0f970e288fa16f10,unity_docs,official_documentation,Manual,,Introduction to Terrain colliders,https://docs.unity3d.com/6000.4/Documentation/Manual/terrain-colliders-introduction.html,unity_docs_incremental_260527_002,5,E:/系统/桌面/工作区/本学期/大三下/IT项目管理/大作业/Data/KnowledgeBase/processed_clean/dify_import/unity_docs_chunk_eddccf83e714a4fe.md,1007,2026-05-27T13:13:28.900101+00:00
chunk_6a420fdeb8d26fd6,unity_9a4d8949a1127631,unity_docs,official_documentation,ScriptReference,,TerrainCollider,https://docs.unity3d.com/6000.4/Documentation/ScriptReference/TerrainCollider.html,unity_docs_incremental_260527_002,1,E:/系统/桌面/工作区/本学期/大三下/IT项目管理/大作业/Data/KnowledgeBase/processed_clean/dify_import/unity_docs_chunk_6a420fdeb8d26fd6.md,1776,2026-05-27T13:13:28.901495+00:00
chunk_5cacdec237f45fa7,unity_9a4d8949a1127631,unity_docs,official_documentation,ScriptReference,,TerrainCollider,https://docs.unity3d.com/6000.4/Documentation/ScriptReference/TerrainCollider.html,unity_docs_incremental_260527_002,2,E:/系统/桌面/工作区/本学期/大三下/IT项目管理/大作业/Data/KnowledgeBase/processed_clean/dify_import/unity_docs_chunk_5cacdec237f45fa7.md,1800,2026-05-27T13:13:28.902369+00:00
chunk_dc7a2302822e363d,unity_9a4d8949a1127631,unity_docs,official_documentation,ScriptReference,,TerrainCollider,https://docs.unity3d.com/6000.4/Documentation/ScriptReference/TerrainCollider.html,unity_docs_incremental_260527_002,3,E:/系统/桌面/工作区/本学期/大三下/IT项目管理/大作业/Data/KnowledgeBase/processed_clean/dify_import/unity_docs_chunk_dc7a2302822e363d.md,1765,2026-05-27T13:13:28.903289+00:00
chunk_d8082ca6e4473e0d,unity_9a4d8949a1127631,unity_docs,official_documentation,ScriptReference,,TerrainCollider,https://docs.unity3d.com/6000.4/Documentation/ScriptReference/TerrainCollider.html,unity_docs_incremental_260527_002,4,E:/系统/桌面/工作区/本学期/大三下/IT项目管理/大作业/Data/KnowledgeBase/processed_clean/dify_import/unity_docs_chunk_d8082ca6e4473e0d.md,276,2026-05-27T13:13:28.904251+00:00
chunk_8646a551d0e7fcec,unity_e188cb7822d45847,unity_docs,official_documentation,ScriptReference,,TerrainData,https://docs.unity3d.com/6000.4/Documentation/ScriptReference/TerrainData.html,unity_docs_incremental_260527_002,1,E:/系统/桌面/工作区/本学期/大三下/IT项目管理/大作业/Data/KnowledgeBase/processed_clean/dify_import/unity_docs_chunk_8646a551d0e7fcec.md,1767,2026-05-27T13:13:28.906148+00:00
chunk_c1c3e0c0cb6af86b,unity_e188cb7822d45847,unity_docs,official_documentation,ScriptReference,,TerrainData,https://docs.unity3d.com/6000.4/Documentation/ScriptReference/TerrainData.html,unity_docs_incremental_260527_002,2,E:/系统/桌面/工作区/本学期/大三下/IT项目管理/大作业/Data/KnowledgeBase/processed_clean/dify_import/unity_docs_chunk_c1c3e0c0cb6af86b.md,1584,2026-05-27T13:13:28.906773+00:00
chunk_472b701a805460e9,unity_e188cb7822d45847,unity_docs,official_documentation,ScriptReference,,TerrainData,https://docs.unity3d.com/6000.4/Documentation/ScriptReference/TerrainData.html,unity_docs_incremental_260527_002,3,E:/系统/桌面/工作区/本学期/大三下/IT项目管理/大作业/Data/KnowledgeBase/processed_clean/dify_import/unity_docs_chunk_472b701a805460e9.md,1742,2026-05-27T13:13:28.907538+00:00
chunk_1c04b1169fd6d8e5,unity_e188cb7822d45847,unity_docs,official_documentation,ScriptReference,,TerrainData,https://docs.unity3d.com/6000.4/Documentation/ScriptReference/TerrainData.html,unity_docs_incremental_260527_002,4,E:/系统/桌面/工作区/本学期/大三下/IT项目管理/大作业/Data/KnowledgeBase/processed_clean/dify_import/unity_docs_chunk_1c04b1169fd6d8e5.md,1769,2026-05-27T13:13:28.908152+00:00
chunk_5ae580090eaa852d,unity_e188cb7822d45847,unity_docs,official_documentation,ScriptReference,,TerrainData,https://docs.unity3d.com/6000.4/Documentation/ScriptReference/TerrainData.html,unity_docs_incremental_260527_002,5,E:/系统/桌面/工作区/本学期/大三下/IT项目管理/大作业/Data/KnowledgeBase/processed_clean/dify_import/unity_docs_chunk_5ae580090eaa852d.md,1774,2026-05-27T13:13:28.908754+00:00
chunk_5429580c3b8e7779,unity_e188cb7822d45847,unity_docs,official_documentation,ScriptReference,,TerrainData,https://docs.unity3d.com/6000.4/Documentation/ScriptReference/TerrainData.html,unity_docs_incremental_260527_002,6,E:/系统/桌面/工作区/本学期/大三下/IT项目管理/大作业/Data/KnowledgeBase/processed_clean/dify_import/unity_docs_chunk_5429580c3b8e7779.md,549,2026-05-27T13:13:28.909453+00:00
chunk_a086f571a70f9902,unity_3b9e06f6eebfeca8,unity_docs,official_documentation,Manual,,Create meshes for text strings,https://docs.unity3d.com/6000.4/Documentation/Manual/create-meshes-text-strings.html,unity_docs_incremental_260527_002,1,E:/系统/桌面/工作区/本学期/大三下/IT项目管理/大作业/Data/KnowledgeBase/processed_clean/dify_import/unity_docs_chunk_a086f571a70f9902.md,1696,2026-05-27T13:13:28.911667+00:00
chunk_ae468cad639cdf6f,unity_3b9e06f6eebfeca8,unity_docs,official_documentation,Manual,,Create meshes for text strings,https://docs.unity3d.com/6000.4/Documentation/Manual/create-meshes-text-strings.html,unity_docs_incremental_260527_002,2,E:/系统/桌面/工作区/本学期/大三下/IT项目管理/大作业/Data/KnowledgeBase/processed_clean/dify_import/unity_docs_chunk_ae468cad639cdf6f.md,1644,2026-05-27T13:13:28.912477+00:00
chunk_83b1f2cf07dbc17e,unity_f5b096d5e259d80a,unity_docs,official_documentation,ScriptReference,,TextMesh,https://docs.unity3d.com/6000.4/Documentation/ScriptReference/TextMesh.html,unity_docs_incremental_260527_002,1,E:/系统/桌面/工作区/本学期/大三下/IT项目管理/大作业/Data/KnowledgeBase/processed_clean/dify_import/unity_docs_chunk_83b1f2cf07dbc17e.md,1764,2026-05-27T13:13:28.914382+00:00
chunk_79215a866648d578,unity_f5b096d5e259d80a,unity_docs,official_documentation,ScriptReference,,TextMesh,https://docs.unity3d.com/6000.4/Documentation/ScriptReference/TextMesh.html,unity_docs_incremental_260527_002,2,E:/系统/桌面/工作区/本学期/大三下/IT项目管理/大作业/Data/KnowledgeBase/processed_clean/dify_import/unity_docs_chunk_79215a866648d578.md,1762,2026-05-27T13:13:28.915074+00:00
chunk_d8bbd0a9cb7b5063,unity_f5b096d5e259d80a,unity_docs,official_documentation,ScriptReference,,TextMesh,https://docs.unity3d.com/6000.4/Documentation/ScriptReference/TextMesh.html,unity_docs_incremental_260527_002,3,E:/系统/桌面/工作区/本学期/大三下/IT项目管理/大作业/Data/KnowledgeBase/processed_clean/dify_import/unity_docs_chunk_d8bbd0a9cb7b5063.md,1780,2026-05-27T13:13:28.915856+00:00
chunk_84fd39288ca40892,unity_f799f26951a147a5,unity_docs,official_documentation,Manual,,IMGUI Basics,https://docs.unity3d.com/6000.4/Documentation/Manual/gui-Basics.html,unity_docs_incremental_260527_002,1,E:/系统/桌面/工作区/本学期/大三下/IT项目管理/大作业/Data/KnowledgeBase/processed_clean/dify_import/unity_docs_chunk_84fd39288ca40892.md,1772,2026-05-27T13:13:28.918096+00:00
chunk_b0344c6ccf148ad9,unity_f799f26951a147a5,unity_docs,official_documentation,Manual,,IMGUI Basics,https://docs.unity3d.com/6000.4/Documentation/Manual/gui-Basics.html,unity_docs_incremental_260527_002,2,E:/系统/桌面/工作区/本学期/大三下/IT项目管理/大作业/Data/KnowledgeBase/processed_clean/dify_import/unity_docs_chunk_b0344c6ccf148ad9.md,1788,2026-05-27T13:13:28.918964+00:00
chunk_236033422416e74d,unity_f799f26951a147a5,unity_docs,official_documentation,Manual,,IMGUI Basics,https://docs.unity3d.com/6000.4/Documentation/Manual/gui-Basics.html,unity_docs_incremental_260527_002,3,E:/系统/桌面/工作区/本学期/大三下/IT项目管理/大作业/Data/KnowledgeBase/processed_clean/dify_import/unity_docs_chunk_236033422416e74d.md,1767,2026-05-27T13:13:28.919632+00:00
chunk_5011ea4ffe544680,unity_f799f26951a147a5,unity_docs,official_documentation,Manual,,IMGUI Basics,https://docs.unity3d.com/6000.4/Documentation/Manual/gui-Basics.html,unity_docs_incremental_260527_002,4,E:/系统/桌面/工作区/本学期/大三下/IT项目管理/大作业/Data/KnowledgeBase/processed_clean/dify_import/unity_docs_chunk_5011ea4ffe544680.md,1794,2026-05-27T13:13:28.920386+00:00
chunk_874341f125bf0bd8,unity_f799f26951a147a5,unity_docs,official_documentation,Manual,,IMGUI Basics,https://docs.unity3d.com/6000.4/Documentation/Manual/gui-Basics.html,unity_docs_incremental_260527_002,5,E:/系统/桌面/工作区/本学期/大三下/IT项目管理/大作业/Data/KnowledgeBase/processed_clean/dify_import/unity_docs_chunk_874341f125bf0bd8.md,1484,2026-05-27T13:13:28.920927+00:00
chunk_8b6b596e0330b83a,unity_21439d297e1f5d64,unity_docs,official_documentation,Manual,,Customize IMGUI controls,https://docs.unity3d.com/6000.4/Documentation/Manual/gui-Customization.html,unity_docs_incremental_260527_002,1,E:/系统/桌面/工作区/本学期/大三下/IT项目管理/大作业/Data/KnowledgeBase/processed_clean/dify_import/unity_docs_chunk_8b6b596e0330b83a.md,1741,2026-05-27T13:13:28.922623+00:00
chunk_5834100d7fc7f5ca,unity_21439d297e1f5d64,unity_docs,official_documentation,Manual,,Customize IMGUI controls,https://docs.unity3d.com/6000.4/Documentation/Manual/gui-Customization.html,unity_docs_incremental_260527_002,2,E:/系统/桌面/工作区/本学期/大三下/IT项目管理/大作业/Data/KnowledgeBase/processed_clean/dify_import/unity_docs_chunk_5834100d7fc7f5ca.md,1797,2026-05-27T13:13:28.923200+00:00
chunk_8a354cdc1cc7f61e,unity_21439d297e1f5d64,unity_docs,official_documentation,Manual,,Customize IMGUI controls,https://docs.unity3d.com/6000.4/Documentation/Manual/gui-Customization.html,unity_docs_incremental_260527_002,3,E:/系统/桌面/工作区/本学期/大三下/IT项目管理/大作业/Data/KnowledgeBase/processed_clean/dify_import/unity_docs_chunk_8a354cdc1cc7f61e.md,1794,2026-05-27T13:13:28.923923+00:00
chunk_ff878d45066e0e7c,unity_21439d297e1f5d64,unity_docs,official_documentation,Manual,,Customize IMGUI controls,https://docs.unity3d.com/6000.4/Documentation/Manual/gui-Customization.html,unity_docs_incremental_260527_002,4,E:/系统/桌面/工作区/本学期/大三下/IT项目管理/大作业/Data/KnowledgeBase/processed_clean/dify_import/unity_docs_chunk_ff878d45066e0e7c.md,1798,2026-05-27T13:13:28.924492+00:00
chunk_12a1a4497ec9f76b,unity_21439d297e1f5d64,unity_docs,official_documentation,Manual,,Customize IMGUI controls,https://docs.unity3d.com/6000.4/Documentation/Manual/gui-Customization.html,unity_docs_incremental_260527_002,5,E:/系统/桌面/工作区/本学期/大三下/IT项目管理/大作业/Data/KnowledgeBase/processed_clean/dify_import/unity_docs_chunk_12a1a4497ec9f76b.md,776,2026-05-27T13:13:28.925237+00:00
chunk_b8d35dd77f93e750,unity_8698e5422fa0cfdb,unity_docs,official_documentation,Manual,,IMGUI Layout Modes,https://docs.unity3d.com/6000.4/Documentation/Manual/gui-Layout.html,unity_docs_incremental_260527_002,1,E:/系统/桌面/工作区/本学期/大三下/IT项目管理/大作业/Data/KnowledgeBase/processed_clean/dify_import/unity_docs_chunk_b8d35dd77f93e750.md,1724,2026-05-27T13:13:28.927039+00:00
chunk_fcaaea4dc1863b2c,unity_8698e5422fa0cfdb,unity_docs,official_documentation,Manual,,IMGUI Layout Modes,https://docs.unity3d.com/6000.4/Documentation/Manual/gui-Layout.html,unity_docs_incremental_260527_002,2,E:/系统/桌面/工作区/本学期/大三下/IT项目管理/大作业/Data/KnowledgeBase/processed_clean/dify_import/unity_docs_chunk_fcaaea4dc1863b2c.md,1744,2026-05-27T13:13:28.927828+00:00
chunk_4e934e2317014bcc,unity_8698e5422fa0cfdb,unity_docs,official_documentation,Manual,,IMGUI Layout Modes,https://docs.unity3d.com/6000.4/Documentation/Manual/gui-Layout.html,unity_docs_incremental_260527_002,3,E:/系统/桌面/工作区/本学期/大三下/IT项目管理/大作业/Data/KnowledgeBase/processed_clean/dify_import/unity_docs_chunk_4e934e2317014bcc.md,1629,2026-05-27T13:13:28.928361+00:00
chunk_90d6aaa3bfc06bb5,unity_8698e5422fa0cfdb,unity_docs,official_documentation,Manual,,IMGUI Layout Modes,https://docs.unity3d.com/6000.4/Documentation/Manual/gui-Layout.html,unity_docs_incremental_260527_002,4,E:/系统/桌面/工作区/本学期/大三下/IT项目管理/大作业/Data/KnowledgeBase/processed_clean/dify_import/unity_docs_chunk_90d6aaa3bfc06bb5.md,1559,2026-05-27T13:13:28.928814+00:00
chunk_ccebb61060a1c2f6,unity_8698e5422fa0cfdb,unity_docs,official_documentation,Manual,,IMGUI Layout Modes,https://docs.unity3d.com/6000.4/Documentation/Manual/gui-Layout.html,unity_docs_incremental_260527_002,5,E:/系统/桌面/工作区/本学期/大三下/IT项目管理/大作业/Data/KnowledgeBase/processed_clean/dify_import/unity_docs_chunk_ccebb61060a1c2f6.md,1756,2026-05-27T13:13:28.929226+00:00
chunk_50b36406f84868b0,unity_8698e5422fa0cfdb,unity_docs,official_documentation,Manual,,IMGUI Layout Modes,https://docs.unity3d.com/6000.4/Documentation/Manual/gui-Layout.html,unity_docs_incremental_260527_002,6,E:/系统/桌面/工作区/本学期/大三下/IT项目管理/大作业/Data/KnowledgeBase/processed_clean/dify_import/unity_docs_chunk_50b36406f84868b0.md,538,2026-05-27T13:13:28.929803+00:00
chunk_4cb2cf2f9bf31ea3,unity_24c9196e941c8e8c,unity_docs,official_documentation,ScriptReference,,GUI .Label,https://docs.unity3d.com/6000.4/Documentation/ScriptReference/GUI.Label.html,unity_docs_incremental_260527_002,1,E:/系统/桌面/工作区/本学期/大三下/IT项目管理/大作业/Data/KnowledgeBase/processed_clean/dify_import/unity_docs_chunk_4cb2cf2f9bf31ea3.md,1794,2026-05-27T13:13:28.930745+00:00
chunk_30db3dfaf9eef47d,unity_5a83d13aac8ea07b,unity_docs,official_documentation,ScriptReference,,GUI .Button,https://docs.unity3d.com/6000.4/Documentation/ScriptReference/GUI.Button.html,unity_docs_incremental_260527_002,1,E:/系统/桌面/工作区/本学期/大三下/IT项目管理/大作业/Data/KnowledgeBase/processed_clean/dify_import/unity_docs_chunk_30db3dfaf9eef47d.md,1786,2026-05-27T13:13:28.932113+00:00
chunk_4a9e5d76e9d643bf,unity_4c475e4f81b98598,unity_docs,official_documentation,ScriptReference,,GUI .RepeatButton,https://docs.unity3d.com/6000.4/Documentation/ScriptReference/GUI.RepeatButton.html,unity_docs_incremental_260527_002,1,E:/系统/桌面/工作区/本学期/大三下/IT项目管理/大作业/Data/KnowledgeBase/processed_clean/dify_import/unity_docs_chunk_4a9e5d76e9d643bf.md,1781,2026-05-27T13:13:28.933997+00:00
chunk_58b09fba17e6cd36,unity_563a2f0eba5c31f2,unity_docs,official_documentation,ScriptReference,,GUI .TextField,https://docs.unity3d.com/6000.4/Documentation/ScriptReference/GUI.TextField.html,unity_docs_incremental_260527_002,1,E:/系统/桌面/工作区/本学期/大三下/IT项目管理/大作业/Data/KnowledgeBase/processed_clean/dify_import/unity_docs_chunk_58b09fba17e6cd36.md,1428,2026-05-27T13:13:28.935752+00:00
chunk_31adabdd88d72cc8,unity_0e2f7b5b759ece94,unity_docs,official_documentation,ScriptReference,,GUI .TextArea,https://docs.unity3d.com/6000.4/Documentation/ScriptReference/GUI.TextArea.html,unity_docs_incremental_260527_002,1,E:/系统/桌面/工作区/本学期/大三下/IT项目管理/大作业/Data/KnowledgeBase/processed_clean/dify_import/unity_docs_chunk_31adabdd88d72cc8.md,1449,2026-05-27T13:13:28.936963+00:00
chunk_fa1264fb99fa063e,unity_eca57e224a479b18,unity_docs,official_documentation,ScriptReference,,GUI .Toggle,https://docs.unity3d.com/6000.4/Documentation/ScriptReference/GUI.Toggle.html,unity_docs_incremental_260527_002,1,E:/系统/桌面/工作区/本学期/大三下/IT项目管理/大作业/Data/KnowledgeBase/processed_clean/dify_import/unity_docs_chunk_fa1264fb99fa063e.md,1773,2026-05-27T13:13:28.938443+00:00
chunk_cfe09579456efba5,unity_0ffb03df488916f9,unity_docs,official_documentation,ScriptReference,,GUI .Toolbar,https://docs.unity3d.com/6000.4/Documentation/ScriptReference/GUI.Toolbar.html,unity_docs_incremental_260527_002,1,E:/系统/桌面/工作区/本学期/大三下/IT项目管理/大作业/Data/KnowledgeBase/processed_clean/dify_import/unity_docs_chunk_cfe09579456efba5.md,1800,2026-05-27T13:13:28.940239+00:00
chunk_3ced7660c727041f,unity_fa43dc61cc31a98c,unity_docs,official_documentation,ScriptReference,,GUI .SelectionGrid,https://docs.unity3d.com/6000.4/Documentation/ScriptReference/GUI.SelectionGrid.html,unity_docs_incremental_260527_002,1,E:/系统/桌面/工作区/本学期/大三下/IT项目管理/大作业/Data/KnowledgeBase/processed_clean/dify_import/unity_docs_chunk_3ced7660c727041f.md,1782,2026-05-27T13:13:28.941945+00:00
chunk_6b7ae5d04d315f8e,unity_fa43dc61cc31a98c,unity_docs,official_documentation,ScriptReference,,GUI .SelectionGrid,https://docs.unity3d.com/6000.4/Documentation/ScriptReference/GUI.SelectionGrid.html,unity_docs_incremental_260527_002,2,E:/系统/桌面/工作区/本学期/大三下/IT项目管理/大作业/Data/KnowledgeBase/processed_clean/dify_import/unity_docs_chunk_6b7ae5d04d315f8e.md,263,2026-05-27T13:13:28.942655+00:00
chunk_ffad4d0fd9e68cbd,unity_0914ed2e6e14d15a,unity_docs,official_documentation,ScriptReference,,GUI .HorizontalSlider,https://docs.unity3d.com/6000.4/Documentation/ScriptReference/GUI.HorizontalSlider.html,unity_docs_incremental_260527_002,1,E:/系统/桌面/工作区/本学期/大三下/IT项目管理/大作业/Data/KnowledgeBase/processed_clean/dify_import/unity_docs_chunk_ffad4d0fd9e68cbd.md,1564,2026-05-27T13:13:28.944147+00:00
chunk_74f70bbad1ed4df0,unity_a9f44f19ceb0a9c0,unity_docs,official_documentation,ScriptReference,,GUI .VerticalSlider,https://docs.unity3d.com/6000.4/Documentation/ScriptReference/GUI.VerticalSlider.html,unity_docs_incremental_260527_002,1,E:/系统/桌面/工作区/本学期/大三下/IT项目管理/大作业/Data/KnowledgeBase/processed_clean/dify_import/unity_docs_chunk_74f70bbad1ed4df0.md,1562,2026-05-27T13:13:28.945791+00:00
chunk_c7e0d017e9d22678,unity_914d199121546c9c,unity_docs,official_documentation,ScriptReference,,GUI .HorizontalScrollbar,https://docs.unity3d.com/6000.4/Documentation/ScriptReference/GUI.HorizontalScrollbar.html,unity_docs_incremental_260527_002,1,E:/系统/桌面/工作区/本学期/大三下/IT项目管理/大作业/Data/KnowledgeBase/processed_clean/dify_import/unity_docs_chunk_c7e0d017e9d22678.md,1782,2026-05-27T13:13:28.947395+00:00
chunk_04a04b649d1a48a7,unity_914d199121546c9c,unity_docs,official_documentation,ScriptReference,,GUI .HorizontalScrollbar,https://docs.unity3d.com/6000.4/Documentation/ScriptReference/GUI.HorizontalScrollbar.html,unity_docs_incremental_260527_002,2,E:/系统/桌面/工作区/本学期/大三下/IT项目管理/大作业/Data/KnowledgeBase/processed_clean/dify_import/unity_docs_chunk_04a04b649d1a48a7.md,560,2026-05-27T13:13:28.947903+00:00
chunk_0697996f82e6a55b,unity_a2cb854755d48b3a,unity_docs,official_documentation,ScriptReference,,GUI .VerticalScrollbar,https://docs.unity3d.com/6000.4/Documentation/ScriptReference/GUI.VerticalScrollbar.html,unity_docs_incremental_260527_002,1,E:/系统/桌面/工作区/本学期/大三下/IT项目管理/大作业/Data/KnowledgeBase/processed_clean/dify_import/unity_docs_chunk_0697996f82e6a55b.md,1757,2026-05-27T13:13:28.948888+00:00
chunk_0220a218347b225e,unity_a2cb854755d48b3a,unity_docs,official_documentation,ScriptReference,,GUI .VerticalScrollbar,https://docs.unity3d.com/6000.4/Documentation/ScriptReference/GUI.VerticalScrollbar.html,unity_docs_incremental_260527_002,2,E:/系统/桌面/工作区/本学期/大三下/IT项目管理/大作业/Data/KnowledgeBase/processed_clean/dify_import/unity_docs_chunk_0220a218347b225e.md,555,2026-05-27T13:13:28.949747+00:00
chunk_c432c92d86cc2d01,unity_4d2ecb23cd3b18cf,unity_docs,official_documentation,ScriptReference,,GUI .BeginScrollView,https://docs.unity3d.com/6000.4/Documentation/ScriptReference/GUI.BeginScrollView.html,unity_docs_incremental_260527_002,1,E:/系统/桌面/工作区/本学期/大三下/IT项目管理/大作业/Data/KnowledgeBase/processed_clean/dify_import/unity_docs_chunk_c432c92d86cc2d01.md,1790,2026-05-27T13:13:28.951985+00:00
chunk_9b946b4e13683169,unity_4d2ecb23cd3b18cf,unity_docs,official_documentation,ScriptReference,,GUI .BeginScrollView,https://docs.unity3d.com/6000.4/Documentation/ScriptReference/GUI.BeginScrollView.html,unity_docs_incremental_260527_002,2,E:/系统/桌面/工作区/本学期/大三下/IT项目管理/大作业/Data/KnowledgeBase/processed_clean/dify_import/unity_docs_chunk_9b946b4e13683169.md,1256,2026-05-27T13:13:28.952920+00:00
chunk_19a571f6e7cfd52c,unity_ec533134792d4dfa,unity_docs,official_documentation,ScriptReference,,GUI .Window,https://docs.unity3d.com/6000.4/Documentation/ScriptReference/GUI.Window.html,unity_docs_incremental_260527_002,1,E:/系统/桌面/工作区/本学期/大三下/IT项目管理/大作业/Data/KnowledgeBase/processed_clean/dify_import/unity_docs_chunk_19a571f6e7cfd52c.md,1647,2026-05-27T13:13:28.955020+00:00
chunk_838e184c25548f2a,unity_ec533134792d4dfa,unity_docs,official_documentation,ScriptReference,,GUI .Window,https://docs.unity3d.com/6000.4/Documentation/ScriptReference/GUI.Window.html,unity_docs_incremental_260527_002,2,E:/系统/桌面/工作区/本学期/大三下/IT项目管理/大作业/Data/KnowledgeBase/processed_clean/dify_import/unity_docs_chunk_838e184c25548f2a.md,1775,2026-05-27T13:13:28.955734+00:00
chunk_b66387082f6d8fc3,unity_ec533134792d4dfa,unity_docs,official_documentation,ScriptReference,,GUI .Window,https://docs.unity3d.com/6000.4/Documentation/ScriptReference/GUI.Window.html,unity_docs_incremental_260527_002,3,E:/系统/桌面/工作区/本学期/大三下/IT项目管理/大作业/Data/KnowledgeBase/processed_clean/dify_import/unity_docs_chunk_b66387082f6d8fc3.md,1789,2026-05-27T13:13:28.956624+00:00
chunk_38548243b2838fd3,unity_ec533134792d4dfa,unity_docs,official_documentation,ScriptReference,,GUI .Window,https://docs.unity3d.com/6000.4/Documentation/ScriptReference/GUI.Window.html,unity_docs_incremental_260527_002,4,E:/系统/桌面/工作区/本学期/大三下/IT项目管理/大作业/Data/KnowledgeBase/processed_clean/dify_import/unity_docs_chunk_38548243b2838fd3.md,898,2026-05-27T13:13:28.957375+00:00
chunk_ed543406c2e045be,unity_891823afcfd4b245,unity_docs,official_documentation,Manual,,TemplateContainer,https://docs.unity3d.com/6000.4/Documentation/Manual/UIE-uxml-element-TemplateContainer.html,unity_docs_incremental_260527_002,1,E:/系统/桌面/工作区/本学期/大三下/IT项目管理/大作业/Data/KnowledgeBase/processed_clean/dify_import/unity_docs_chunk_ed543406c2e045be.md,1779,2026-05-27T13:13:28.959313+00:00
chunk_9f3746a42568e1b2,unity_891823afcfd4b245,unity_docs,official_documentation,Manual,,TemplateContainer,https://docs.unity3d.com/6000.4/Documentation/Manual/UIE-uxml-element-TemplateContainer.html,unity_docs_incremental_260527_002,2,E:/系统/桌面/工作区/本学期/大三下/IT项目管理/大作业/Data/KnowledgeBase/processed_clean/dify_import/unity_docs_chunk_9f3746a42568e1b2.md,1796,2026-05-27T13:13:28.960295+00:00
chunk_341db4effbac4e66,unity_891823afcfd4b245,unity_docs,official_documentation,Manual,,TemplateContainer,https://docs.unity3d.com/6000.4/Documentation/Manual/UIE-uxml-element-TemplateContainer.html,unity_docs_incremental_260527_002,3,E:/系统/桌面/工作区/本学期/大三下/IT项目管理/大作业/Data/KnowledgeBase/processed_clean/dify_import/unity_docs_chunk_341db4effbac4e66.md,1800,2026-05-27T13:13:28.961232+00:00
chunk_6e399c2b2ddb3a84,unity_891823afcfd4b245,unity_docs,official_documentation,Manual,,TemplateContainer,https://docs.unity3d.com/6000.4/Documentation/Manual/UIE-uxml-element-TemplateContainer.html,unity_docs_incremental_260527_002,4,E:/系统/桌面/工作区/本学期/大三下/IT项目管理/大作业/Data/KnowledgeBase/processed_clean/dify_import/unity_docs_chunk_6e399c2b2ddb3a84.md,1479,2026-05-27T13:13:28.961804+00:00
chunk_e156778d7b8a9b10,unity_c7661a5bec4d6aa3,unity_docs,official_documentation,ScriptReference,,MouseUpEvent,https://docs.unity3d.com/6000.4/Documentation/ScriptReference/UIElements.MouseUpEvent.html,unity_docs_incremental_260527_002,1,E:/系统/桌面/工作区/本学期/大三下/IT项目管理/大作业/Data/KnowledgeBase/processed_clean/dify_import/unity_docs_chunk_e156778d7b8a9b10.md,1799,2026-05-27T13:13:28.963273+00:00
chunk_9992928754c3c746,unity_c7661a5bec4d6aa3,unity_docs,official_documentation,ScriptReference,,MouseUpEvent,https://docs.unity3d.com/6000.4/Documentation/ScriptReference/UIElements.MouseUpEvent.html,unity_docs_incremental_260527_002,2,E:/系统/桌面/工作区/本学期/大三下/IT项目管理/大作业/Data/KnowledgeBase/processed_clean/dify_import/unity_docs_chunk_9992928754c3c746.md,1795,2026-05-27T13:13:28.963975+00:00
chunk_34a9559faeb0f036,unity_c7661a5bec4d6aa3,unity_docs,official_documentation,ScriptReference,,MouseUpEvent,https://docs.unity3d.com/6000.4/Documentation/ScriptReference/UIElements.MouseUpEvent.html,unity_docs_incremental_260527_002,3,E:/系统/桌面/工作区/本学期/大三下/IT项目管理/大作业/Data/KnowledgeBase/processed_clean/dify_import/unity_docs_chunk_34a9559faeb0f036.md,1514,2026-05-27T13:13:28.964841+00:00
chunk_529d9be5b78c2b9a,unity_e0829d062519b5f2,unity_docs,official_documentation,ScriptReference,,BaseField<T0>,https://docs.unity3d.com/6000.4/Documentation/ScriptReference/UIElements.BaseField_1.html,unity_docs_incremental_260527_002,1,E:/系统/桌面/工作区/本学期/大三下/IT项目管理/大作业/Data/KnowledgeBase/processed_clean/dify_import/unity_docs_chunk_529d9be5b78c2b9a.md,1773,2026-05-27T13:13:28.967791+00:00
chunk_e6b31d5962d43c14,unity_e0829d062519b5f2,unity_docs,official_documentation,ScriptReference,,BaseField<T0>,https://docs.unity3d.com/6000.4/Documentation/ScriptReference/UIElements.BaseField_1.html,unity_docs_incremental_260527_002,2,E:/系统/桌面/工作区/本学期/大三下/IT项目管理/大作业/Data/KnowledgeBase/processed_clean/dify_import/unity_docs_chunk_e6b31d5962d43c14.md,1729,2026-05-27T13:13:28.968812+00:00
chunk_1a5a1a94f9e7cc7c,unity_e0829d062519b5f2,unity_docs,official_documentation,ScriptReference,,BaseField<T0>,https://docs.unity3d.com/6000.4/Documentation/ScriptReference/UIElements.BaseField_1.html,unity_docs_incremental_260527_002,3,E:/系统/桌面/工作区/本学期/大三下/IT项目管理/大作业/Data/KnowledgeBase/processed_clean/dify_import/unity_docs_chunk_1a5a1a94f9e7cc7c.md,1786,2026-05-27T13:13:28.969827+00:00
chunk_2cd9914680a7e0a1,unity_e0829d062519b5f2,unity_docs,official_documentation,ScriptReference,,BaseField<T0>,https://docs.unity3d.com/6000.4/Documentation/ScriptReference/UIElements.BaseField_1.html,unity_docs_incremental_260527_002,4,E:/系统/桌面/工作区/本学期/大三下/IT项目管理/大作业/Data/KnowledgeBase/processed_clean/dify_import/unity_docs_chunk_2cd9914680a7e0a1.md,1775,2026-05-27T13:13:28.970813+00:00
chunk_41db68adb7b19253,unity_e0829d062519b5f2,unity_docs,official_documentation,ScriptReference,,BaseField<T0>,https://docs.unity3d.com/6000.4/Documentation/ScriptReference/UIElements.BaseField_1.html,unity_docs_incremental_260527_002,5,E:/系统/桌面/工作区/本学期/大三下/IT项目管理/大作业/Data/KnowledgeBase/processed_clean/dify_import/unity_docs_chunk_41db68adb7b19253.md,1786,2026-05-27T13:13:28.971715+00:00
chunk_3db0d8b4a6390c92,unity_e0829d062519b5f2,unity_docs,official_documentation,ScriptReference,,BaseField<T0>,https://docs.unity3d.com/6000.4/Documentation/ScriptReference/UIElements.BaseField_1.html,unity_docs_incremental_260527_002,6,E:/系统/桌面/工作区/本学期/大三下/IT项目管理/大作业/Data/KnowledgeBase/processed_clean/dify_import/unity_docs_chunk_3db0d8b4a6390c92.md,1785,2026-05-27T13:13:28.972760+00:00
chunk_7cbc23c19d731ce3,unity_e0829d062519b5f2,unity_docs,official_documentation,ScriptReference,,BaseField<T0>,https://docs.unity3d.com/6000.4/Documentation/ScriptReference/UIElements.BaseField_1.html,unity_docs_incremental_260527_002,7,E:/系统/桌面/工作区/本学期/大三下/IT项目管理/大作业/Data/KnowledgeBase/processed_clean/dify_import/unity_docs_chunk_7cbc23c19d731ce3.md,1791,2026-05-27T13:13:28.973572+00:00
chunk_df0a41e772afa553,unity_e0829d062519b5f2,unity_docs,official_documentation,ScriptReference,,BaseField<T0>,https://docs.unity3d.com/6000.4/Documentation/ScriptReference/UIElements.BaseField_1.html,unity_docs_incremental_260527_002,8,E:/系统/桌面/工作区/本学期/大三下/IT项目管理/大作业/Data/KnowledgeBase/processed_clean/dify_import/unity_docs_chunk_df0a41e772afa553.md,1776,2026-05-27T13:13:28.974645+00:00
chunk_af36b2d3b7fb5601,unity_437e91890cc94b71,unity_docs,official_documentation,ScriptReference,,Toggle,https://docs.unity3d.com/6000.4/Documentation/ScriptReference/UIElements.Toggle.html,unity_docs_incremental_260527_002,1,E:/系统/桌面/工作区/本学期/大三下/IT项目管理/大作业/Data/KnowledgeBase/processed_clean/dify_import/unity_docs_chunk_af36b2d3b7fb5601.md,1786,2026-05-27T13:13:28.976549+00:00
chunk_89ebd109364dc963,unity_437e91890cc94b71,unity_docs,official_documentation,ScriptReference,,Toggle,https://docs.unity3d.com/6000.4/Documentation/ScriptReference/UIElements.Toggle.html,unity_docs_incremental_260527_002,2,E:/系统/桌面/工作区/本学期/大三下/IT项目管理/大作业/Data/KnowledgeBase/processed_clean/dify_import/unity_docs_chunk_89ebd109364dc963.md,1777,2026-05-27T13:13:28.977086+00:00
chunk_d72edfdb83f0f987,unity_437e91890cc94b71,unity_docs,official_documentation,ScriptReference,,Toggle,https://docs.unity3d.com/6000.4/Documentation/ScriptReference/UIElements.Toggle.html,unity_docs_incremental_260527_002,3,E:/系统/桌面/工作区/本学期/大三下/IT项目管理/大作业/Data/KnowledgeBase/processed_clean/dify_import/unity_docs_chunk_d72edfdb83f0f987.md,1779,2026-05-27T13:13:28.977528+00:00
chunk_107e44ebeaa31996,unity_437e91890cc94b71,unity_docs,official_documentation,ScriptReference,,Toggle,https://docs.unity3d.com/6000.4/Documentation/ScriptReference/UIElements.Toggle.html,unity_docs_incremental_260527_002,4,E:/系统/桌面/工作区/本学期/大三下/IT项目管理/大作业/Data/KnowledgeBase/processed_clean/dify_import/unity_docs_chunk_107e44ebeaa31996.md,1763,2026-05-27T13:13:28.978125+00:00
chunk_26053ac4a8408466,unity_437e91890cc94b71,unity_docs,official_documentation,ScriptReference,,Toggle,https://docs.unity3d.com/6000.4/Documentation/ScriptReference/UIElements.Toggle.html,unity_docs_incremental_260527_002,5,E:/系统/桌面/工作区/本学期/大三下/IT项目管理/大作业/Data/KnowledgeBase/processed_clean/dify_import/unity_docs_chunk_26053ac4a8408466.md,1762,2026-05-27T13:13:28.978619+00:00
chunk_7f7dee6b0a49cbec,unity_437e91890cc94b71,unity_docs,official_documentation,ScriptReference,,Toggle,https://docs.unity3d.com/6000.4/Documentation/ScriptReference/UIElements.Toggle.html,unity_docs_incremental_260527_002,6,E:/系统/桌面/工作区/本学期/大三下/IT项目管理/大作业/Data/KnowledgeBase/processed_clean/dify_import/unity_docs_chunk_7f7dee6b0a49cbec.md,1795,2026-05-27T13:13:28.979150+00:00
chunk_ebb70e35bb223b16,unity_437e91890cc94b71,unity_docs,official_documentation,ScriptReference,,Toggle,https://docs.unity3d.com/6000.4/Documentation/ScriptReference/UIElements.Toggle.html,unity_docs_incremental_260527_002,7,E:/系统/桌面/工作区/本学期/大三下/IT项目管理/大作业/Data/KnowledgeBase/processed_clean/dify_import/unity_docs_chunk_ebb70e35bb223b16.md,1741,2026-05-27T13:13:28.979916+00:00
chunk_2dc3eceb74587820,unity_437e91890cc94b71,unity_docs,official_documentation,ScriptReference,,Toggle,https://docs.unity3d.com/6000.4/Documentation/ScriptReference/UIElements.Toggle.html,unity_docs_incremental_260527_002,8,E:/系统/桌面/工作区/本学期/大三下/IT项目管理/大作业/Data/KnowledgeBase/processed_clean/dify_import/unity_docs_chunk_2dc3eceb74587820.md,1729,2026-05-27T13:13:28.981002+00:00
chunk_67a059529f0f13c7,unity_437e91890cc94b71,unity_docs,official_documentation,ScriptReference,,Toggle,https://docs.unity3d.com/6000.4/Documentation/ScriptReference/UIElements.Toggle.html,unity_docs_incremental_260527_002,9,E:/系统/桌面/工作区/本学期/大三下/IT项目管理/大作业/Data/KnowledgeBase/processed_clean/dify_import/unity_docs_chunk_67a059529f0f13c7.md,937,2026-05-27T13:13:28.982034+00:00
chunk_56bae506b74eef9b,unity_597d1d7c0332961f,unity_docs,official_documentation,Manual,,Use Toggle to create a conditional UI,https://docs.unity3d.com/6000.4/Documentation/Manual/UIE-create-a-conditional-ui.html,unity_docs_incremental_260527_002,1,E:/系统/桌面/工作区/本学期/大三下/IT项目管理/大作业/Data/KnowledgeBase/processed_clean/dify_import/unity_docs_chunk_56bae506b74eef9b.md,1766,2026-05-27T13:13:28.983554+00:00
chunk_c9cabfe57bf1b7ec,unity_597d1d7c0332961f,unity_docs,official_documentation,Manual,,Use Toggle to create a conditional UI,https://docs.unity3d.com/6000.4/Documentation/Manual/UIE-create-a-conditional-ui.html,unity_docs_incremental_260527_002,2,E:/系统/桌面/工作区/本学期/大三下/IT项目管理/大作业/Data/KnowledgeBase/processed_clean/dify_import/unity_docs_chunk_c9cabfe57bf1b7ec.md,586,2026-05-27T13:13:28.984321+00:00
chunk_5c9ebdb8b9c6de25,unity_4af4d70d165c07e2,unity_docs,official_documentation,ScriptReference,,BaseBoolField,https://docs.unity3d.com/6000.4/Documentation/ScriptReference/UIElements.BaseBoolField.html,unity_docs_incremental_260527_002,1,E:/系统/桌面/工作区/本学期/大三下/IT项目管理/大作业/Data/KnowledgeBase/processed_clean/dify_import/unity_docs_chunk_5c9ebdb8b9c6de25.md,1758,2026-05-27T13:13:28.986566+00:00
chunk_ebc4a7a5c381d293,unity_4af4d70d165c07e2,unity_docs,official_documentation,ScriptReference,,BaseBoolField,https://docs.unity3d.com/6000.4/Documentation/ScriptReference/UIElements.BaseBoolField.html,unity_docs_incremental_260527_002,2,E:/系统/桌面/工作区/本学期/大三下/IT项目管理/大作业/Data/KnowledgeBase/processed_clean/dify_import/unity_docs_chunk_ebc4a7a5c381d293.md,1780,2026-05-27T13:13:28.987108+00:00
chunk_774c2fb8904be97a,unity_4af4d70d165c07e2,unity_docs,official_documentation,ScriptReference,,BaseBoolField,https://docs.unity3d.com/6000.4/Documentation/ScriptReference/UIElements.BaseBoolField.html,unity_docs_incremental_260527_002,3,E:/系统/桌面/工作区/本学期/大三下/IT项目管理/大作业/Data/KnowledgeBase/processed_clean/dify_import/unity_docs_chunk_774c2fb8904be97a.md,1690,2026-05-27T13:13:28.987912+00:00
chunk_efb0777d8633d6eb,unity_4af4d70d165c07e2,unity_docs,official_documentation,ScriptReference,,BaseBoolField,https://docs.unity3d.com/6000.4/Documentation/ScriptReference/UIElements.BaseBoolField.html,unity_docs_incremental_260527_002,4,E:/系统/桌面/工作区/本学期/大三下/IT项目管理/大作业/Data/KnowledgeBase/processed_clean/dify_import/unity_docs_chunk_efb0777d8633d6eb.md,1702,2026-05-27T13:13:28.988737+00:00
chunk_3f8dd0daef519974,unity_4af4d70d165c07e2,unity_docs,official_documentation,ScriptReference,,BaseBoolField,https://docs.unity3d.com/6000.4/Documentation/ScriptReference/UIElements.BaseBoolField.html,unity_docs_incremental_260527_002,5,E:/系统/桌面/工作区/本学期/大三下/IT项目管理/大作业/Data/KnowledgeBase/processed_clean/dify_import/unity_docs_chunk_3f8dd0daef519974.md,1787,2026-05-27T13:13:28.989405+00:00
chunk_7340acb37de97ba5,unity_4af4d70d165c07e2,unity_docs,official_documentation,ScriptReference,,BaseBoolField,https://docs.unity3d.com/6000.4/Documentation/ScriptReference/UIElements.BaseBoolField.html,unity_docs_incremental_260527_002,6,E:/系统/桌面/工作区/本学期/大三下/IT项目管理/大作业/Data/KnowledgeBase/processed_clean/dify_import/unity_docs_chunk_7340acb37de97ba5.md,1780,2026-05-27T13:13:28.990152+00:00
chunk_82e4f44491cf2985,unity_4af4d70d165c07e2,unity_docs,official_documentation,ScriptReference,,BaseBoolField,https://docs.unity3d.com/6000.4/Documentation/ScriptReference/UIElements.BaseBoolField.html,unity_docs_incremental_260527_002,7,E:/系统/桌面/工作区/本学期/大三下/IT项目管理/大作业/Data/KnowledgeBase/processed_clean/dify_import/unity_docs_chunk_82e4f44491cf2985.md,1695,2026-05-27T13:13:28.990790+00:00
chunk_0ee7a2998f07bb56,unity_4af4d70d165c07e2,unity_docs,official_documentation,ScriptReference,,BaseBoolField,https://docs.unity3d.com/6000.4/Documentation/ScriptReference/UIElements.BaseBoolField.html,unity_docs_incremental_260527_002,8,E:/系统/桌面/工作区/本学期/大三下/IT项目管理/大作业/Data/KnowledgeBase/processed_clean/dify_import/unity_docs_chunk_0ee7a2998f07bb56.md,1755,2026-05-27T13:13:28.991653+00:00
chunk_549f27cbdbd7bcc6,unity_258d6220748871d0,unity_docs,official_documentation,Manual,,Foldout,https://docs.unity3d.com/6000.4/Documentation/Manual/UIE-uxml-element-Foldout.html,unity_docs_incremental_260527_002,1,E:/系统/桌面/工作区/本学期/大三下/IT项目管理/大作业/Data/KnowledgeBase/processed_clean/dify_import/unity_docs_chunk_549f27cbdbd7bcc6.md,1773,2026-05-27T13:13:28.993468+00:00
chunk_7bf2cac7c63a74a8,unity_258d6220748871d0,unity_docs,official_documentation,Manual,,Foldout,https://docs.unity3d.com/6000.4/Documentation/Manual/UIE-uxml-element-Foldout.html,unity_docs_incremental_260527_002,2,E:/系统/桌面/工作区/本学期/大三下/IT项目管理/大作业/Data/KnowledgeBase/processed_clean/dify_import/unity_docs_chunk_7bf2cac7c63a74a8.md,1743,2026-05-27T13:13:28.994007+00:00
chunk_2e0087d6e964d1fc,unity_258d6220748871d0,unity_docs,official_documentation,Manual,,Foldout,https://docs.unity3d.com/6000.4/Documentation/Manual/UIE-uxml-element-Foldout.html,unity_docs_incremental_260527_002,3,E:/系统/桌面/工作区/本学期/大三下/IT项目管理/大作业/Data/KnowledgeBase/processed_clean/dify_import/unity_docs_chunk_2e0087d6e964d1fc.md,1747,2026-05-27T13:13:28.994920+00:00
chunk_df25908789f7fb3c,unity_258d6220748871d0,unity_docs,official_documentation,Manual,,Foldout,https://docs.unity3d.com/6000.4/Documentation/Manual/UIE-uxml-element-Foldout.html,unity_docs_incremental_260527_002,4,E:/系统/桌面/工作区/本学期/大三下/IT项目管理/大作业/Data/KnowledgeBase/processed_clean/dify_import/unity_docs_chunk_df25908789f7fb3c.md,1676,2026-05-27T13:13:28.995712+00:00
chunk_40b48f6214fdfef9,unity_258d6220748871d0,unity_docs,official_documentation,Manual,,Foldout,https://docs.unity3d.com/6000.4/Documentation/Manual/UIE-uxml-element-Foldout.html,unity_docs_incremental_260527_002,5,E:/系统/桌面/工作区/本学期/大三下/IT项目管理/大作业/Data/KnowledgeBase/processed_clean/dify_import/unity_docs_chunk_40b48f6214fdfef9.md,1509,2026-05-27T13:13:28.996632+00:00
chunk_7e6e9ca1e7170ef2,unity_258d6220748871d0,unity_docs,official_documentation,Manual,,Foldout,https://docs.unity3d.com/6000.4/Documentation/Manual/UIE-uxml-element-Foldout.html,unity_docs_incremental_260527_002,6,E:/系统/桌面/工作区/本学期/大三下/IT项目管理/大作业/Data/KnowledgeBase/processed_clean/dify_import/unity_docs_chunk_7e6e9ca1e7170ef2.md,1719,2026-05-27T13:13:28.997259+00:00
chunk_fa561ae434baf185,unity_258d6220748871d0,unity_docs,official_documentation,Manual,,Foldout,https://docs.unity3d.com/6000.4/Documentation/Manual/UIE-uxml-element-Foldout.html,unity_docs_incremental_260527_002,7,E:/系统/桌面/工作区/本学期/大三下/IT项目管理/大作业/Data/KnowledgeBase/processed_clean/dify_import/unity_docs_chunk_fa561ae434baf185.md,1587,2026-05-27T13:13:28.997700+00:00
chunk_c8ba6b3f1eae3409,unity_7a2e664d23feb20a,unity_docs,official_documentation,Manual,,Pseudo-classes,https://docs.unity3d.com/6000.4/Documentation/Manual/UIE-USS-Selectors-Pseudo-Classes.html,unity_docs_incremental_260527_002,1,E:/系统/桌面/工作区/本学期/大三下/IT项目管理/大作业/Data/KnowledgeBase/processed_clean/dify_import/unity_docs_chunk_c8ba6b3f1eae3409.md,1786,2026-05-27T13:13:28.999174+00:00
chunk_6ad6d706a02e5410,unity_7a2e664d23feb20a,unity_docs,official_documentation,Manual,,Pseudo-classes,https://docs.unity3d.com/6000.4/Documentation/Manual/UIE-USS-Selectors-Pseudo-Classes.html,unity_docs_incremental_260527_002,2,E:/系统/桌面/工作区/本学期/大三下/IT项目管理/大作业/Data/KnowledgeBase/processed_clean/dify_import/unity_docs_chunk_6ad6d706a02e5410.md,1650,2026-05-27T13:13:28.999671+00:00
chunk_88b47d5804576b75,unity_7a2e664d23feb20a,unity_docs,official_documentation,Manual,,Pseudo-classes,https://docs.unity3d.com/6000.4/Documentation/Manual/UIE-USS-Selectors-Pseudo-Classes.html,unity_docs_incremental_260527_002,3,E:/系统/桌面/工作区/本学期/大三下/IT项目管理/大作业/Data/KnowledgeBase/processed_clean/dify_import/unity_docs_chunk_88b47d5804576b75.md,1769,2026-05-27T13:13:29.000344+00:00
chunk_134d9ce500b021fb,unity_09816d6818ec4fc9,unity_docs,official_documentation,Manual,,Navigating and managing the Unity Editor,https://docs.unity3d.com/6000.4/Documentation/Manual/editor-navigating-managing.html,unity_docs_incremental_260527_002,1,E:/系统/桌面/工作区/本学期/大三下/IT项目管理/大作业/Data/KnowledgeBase/processed_clean/dify_import/unity_docs_chunk_134d9ce500b021fb.md,1745,2026-05-27T13:13:29.001596+00:00
chunk_613ba1521105352b,unity_09816d6818ec4fc9,unity_docs,official_documentation,Manual,,Navigating and managing the Unity Editor,https://docs.unity3d.com/6000.4/Documentation/Manual/editor-navigating-managing.html,unity_docs_incremental_260527_002,2,E:/系统/桌面/工作区/本学期/大三下/IT项目管理/大作业/Data/KnowledgeBase/processed_clean/dify_import/unity_docs_chunk_613ba1521105352b.md,291,2026-05-27T13:13:29.002428+00:00
chunk_e7ebc14a0c72fa61,unity_7c1acdbb7480745d,unity_docs,official_documentation,Manual,,Toolbar,https://docs.unity3d.com/6000.4/Documentation/Manual/toolbar-lp.html,unity_docs_incremental_260527_002,1,E:/系统/桌面/工作区/本学期/大三下/IT项目管理/大作业/Data/KnowledgeBase/processed_clean/dify_import/unity_docs_chunk_e7ebc14a0c72fa61.md,1502,2026-05-27T13:13:29.003653+00:00
chunk_4679cbb76c4be9ba,unity_020fe7f215b13186,unity_docs,official_documentation,Manual,,Rendering trails,https://docs.unity3d.com/6000.4/Documentation/Manual/rendering-trails.html,unity_docs_incremental_260527_002,1,E:/系统/桌面/工作区/本学期/大三下/IT项目管理/大作业/Data/KnowledgeBase/processed_clean/dify_import/unity_docs_chunk_4679cbb76c4be9ba.md,1006,2026-05-27T13:13:29.004896+00:00
chunk_dee4e2b6955970eb,unity_9f88394d8ca55c87,unity_docs,official_documentation,Manual,,Draw and configure a trail behind a moving GameObject,https://docs.unity3d.com/6000.4/Documentation/Manual/draw-configure-trail-behind-moving-gameobject.html,unity_docs_incremental_260527_002,1,E:/系统/桌面/工作区/本学期/大三下/IT项目管理/大作业/Data/KnowledgeBase/processed_clean/dify_import/unity_docs_chunk_dee4e2b6955970eb.md,1739,2026-05-27T13:13:29.006449+00:00
chunk_2a7c39c684cfe5ec,unity_9f88394d8ca55c87,unity_docs,official_documentation,Manual,,Draw and configure a trail behind a moving GameObject,https://docs.unity3d.com/6000.4/Documentation/Manual/draw-configure-trail-behind-moving-gameobject.html,unity_docs_incremental_260527_002,2,E:/系统/桌面/工作区/本学期/大三下/IT项目管理/大作业/Data/KnowledgeBase/processed_clean/dify_import/unity_docs_chunk_2a7c39c684cfe5ec.md,915,2026-05-27T13:13:29.007124+00:00
chunk_8342c346d4ebda05,unity_631a0ae1cf6481c3,unity_docs,official_documentation,ScriptReference,,TrailRenderer,https://docs.unity3d.com/6000.4/Documentation/ScriptReference/TrailRenderer.html,unity_docs_incremental_260527_002,1,E:/系统/桌面/工作区/本学期/大三下/IT项目管理/大作业/Data/KnowledgeBase/processed_clean/dify_import/unity_docs_chunk_8342c346d4ebda05.md,1789,2026-05-27T13:13:29.009464+00:00
chunk_3fdc8efc694654d6,unity_631a0ae1cf6481c3,unity_docs,official_documentation,ScriptReference,,TrailRenderer,https://docs.unity3d.com/6000.4/Documentation/ScriptReference/TrailRenderer.html,unity_docs_incremental_260527_002,2,E:/系统/桌面/工作区/本学期/大三下/IT项目管理/大作业/Data/KnowledgeBase/processed_clean/dify_import/unity_docs_chunk_3fdc8efc694654d6.md,1795,2026-05-27T13:13:29.010205+00:00
chunk_7df8819a8967dfb1,unity_631a0ae1cf6481c3,unity_docs,official_documentation,ScriptReference,,TrailRenderer,https://docs.unity3d.com/6000.4/Documentation/ScriptReference/TrailRenderer.html,unity_docs_incremental_260527_002,3,E:/系统/桌面/工作区/本学期/大三下/IT项目管理/大作业/Data/KnowledgeBase/processed_clean/dify_import/unity_docs_chunk_7df8819a8967dfb1.md,1776,2026-05-27T13:13:29.011075+00:00
chunk_51ff178f44c33271,unity_631a0ae1cf6481c3,unity_docs,official_documentation,ScriptReference,,TrailRenderer,https://docs.unity3d.com/6000.4/Documentation/ScriptReference/TrailRenderer.html,unity_docs_incremental_260527_002,4,E:/系统/桌面/工作区/本学期/大三下/IT项目管理/大作业/Data/KnowledgeBase/processed_clean/dify_import/unity_docs_chunk_51ff178f44c33271.md,1764,2026-05-27T13:13:29.011746+00:00
chunk_d1b1b7a691dc915a,unity_631a0ae1cf6481c3,unity_docs,official_documentation,ScriptReference,,TrailRenderer,https://docs.unity3d.com/6000.4/Documentation/ScriptReference/TrailRenderer.html,unity_docs_incremental_260527_002,5,E:/系统/桌面/工作区/本学期/大三下/IT项目管理/大作业/Data/KnowledgeBase/processed_clean/dify_import/unity_docs_chunk_d1b1b7a691dc915a.md,1765,2026-05-27T13:13:29.012564+00:00
chunk_9bd32cde6cdd9d49,unity_631a0ae1cf6481c3,unity_docs,official_documentation,ScriptReference,,TrailRenderer,https://docs.unity3d.com/6000.4/Documentation/ScriptReference/TrailRenderer.html,unity_docs_incremental_260527_002,6,E:/系统/桌面/工作区/本学期/大三下/IT项目管理/大作业/Data/KnowledgeBase/processed_clean/dify_import/unity_docs_chunk_9bd32cde6cdd9d49.md,1784,2026-05-27T13:13:29.013347+00:00
chunk_a38d5cf379bb2f75,unity_631a0ae1cf6481c3,unity_docs,official_documentation,ScriptReference,,TrailRenderer,https://docs.unity3d.com/6000.4/Documentation/ScriptReference/TrailRenderer.html,unity_docs_incremental_260527_002,7,E:/系统/桌面/工作区/本学期/大三下/IT项目管理/大作业/Data/KnowledgeBase/processed_clean/dify_import/unity_docs_chunk_a38d5cf379bb2f75.md,1799,2026-05-27T13:13:29.014152+00:00
chunk_61c0e1142759ebc0,unity_631a0ae1cf6481c3,unity_docs,official_documentation,ScriptReference,,TrailRenderer,https://docs.unity3d.com/6000.4/Documentation/ScriptReference/TrailRenderer.html,unity_docs_incremental_260527_002,8,E:/系统/桌面/工作区/本学期/大三下/IT项目管理/大作业/Data/KnowledgeBase/processed_clean/dify_import/unity_docs_chunk_61c0e1142759ebc0.md,360,2026-05-27T13:13:29.014808+00:00
chunk_7f0c8ea3f435e55c,unity_76f70b72228b017e,unity_docs,official_documentation,ScriptReference,,Material .SetTextureScale,https://docs.unity3d.com/6000.4/Documentation/ScriptReference/Material.SetTextureScale.html,unity_docs_incremental_260527_002,1,E:/系统/桌面/工作区/本学期/大三下/IT项目管理/大作业/Data/KnowledgeBase/processed_clean/dify_import/unity_docs_chunk_7f0c8ea3f435e55c.md,1192,2026-05-27T13:13:29.016470+00:00
chunk_3c9279d55214bf3f,unity_e69a6029a6b281ea,unity_docs,official_documentation,Manual,,Tree Editor concepts,https://docs.unity3d.com/6000.4/Documentation/Manual/tree-Structure.html,unity_docs_incremental_260527_002,1,E:/系统/桌面/工作区/本学期/大三下/IT项目管理/大作业/Data/KnowledgeBase/processed_clean/dify_import/unity_docs_chunk_3c9279d55214bf3f.md,1794,2026-05-27T13:13:29.018737+00:00
chunk_24d238dab4ef2c6a,unity_e69a6029a6b281ea,unity_docs,official_documentation,Manual,,Tree Editor concepts,https://docs.unity3d.com/6000.4/Documentation/Manual/tree-Structure.html,unity_docs_incremental_260527_002,2,E:/系统/桌面/工作区/本学期/大三下/IT项目管理/大作业/Data/KnowledgeBase/processed_clean/dify_import/unity_docs_chunk_24d238dab4ef2c6a.md,1729,2026-05-27T13:13:29.019615+00:00
chunk_fe2a31ee6dff243a,unity_e69a6029a6b281ea,unity_docs,official_documentation,Manual,,Tree Editor concepts,https://docs.unity3d.com/6000.4/Documentation/Manual/tree-Structure.html,unity_docs_incremental_260527_002,3,E:/系统/桌面/工作区/本学期/大三下/IT项目管理/大作业/Data/KnowledgeBase/processed_clean/dify_import/unity_docs_chunk_fe2a31ee6dff243a.md,1405,2026-05-27T13:13:29.020151+00:00
chunk_261ad4660b5b33d1,unity_3c6fb31d9886008f,unity_docs,official_documentation,ScriptReference,,Tree,https://docs.unity3d.com/6000.4/Documentation/ScriptReference/Tree.html,unity_docs_incremental_260527_002,1,E:/系统/桌面/工作区/本学期/大三下/IT项目管理/大作业/Data/KnowledgeBase/processed_clean/dify_import/unity_docs_chunk_261ad4660b5b33d1.md,1794,2026-05-27T13:13:29.021329+00:00
chunk_843db71ea001e0bc,unity_3c6fb31d9886008f,unity_docs,official_documentation,ScriptReference,,Tree,https://docs.unity3d.com/6000.4/Documentation/ScriptReference/Tree.html,unity_docs_incremental_260527_002,2,E:/系统/桌面/工作区/本学期/大三下/IT项目管理/大作业/Data/KnowledgeBase/processed_clean/dify_import/unity_docs_chunk_843db71ea001e0bc.md,1517,2026-05-27T13:13:29.021838+00:00
chunk_d6f50110485996b0,unity_c633400ff7d9ebaa,unity_docs,official_documentation,Manual,,Import trees from SpeedTree,https://docs.unity3d.com/6000.4/Documentation/Manual/SpeedTree-landing.html,unity_docs_incremental_260527_002,1,E:/系统/桌面/工作区/本学期/大三下/IT项目管理/大作业/Data/KnowledgeBase/processed_clean/dify_import/unity_docs_chunk_d6f50110485996b0.md,777,2026-05-27T13:13:29.023549+00:00
chunk_ce46846b6cd0ea56,unity_a0b32a22d36a1d13,unity_docs,official_documentation,Manual,,Shaders and the Ambient-Occlusion folder,https://docs.unity3d.com/6000.4/Documentation/Manual/terrain-Trees-Mat-Shaders.html,unity_docs_incremental_260527_002,1,E:/系统/桌面/工作区/本学期/大三下/IT项目管理/大作业/Data/KnowledgeBase/processed_clean/dify_import/unity_docs_chunk_ce46846b6cd0ea56.md,1767,2026-05-27T13:13:29.025392+00:00
chunk_1bfebc5fd86c4407,unity_a0b32a22d36a1d13,unity_docs,official_documentation,Manual,,Shaders and the Ambient-Occlusion folder,https://docs.unity3d.com/6000.4/Documentation/Manual/terrain-Trees-Mat-Shaders.html,unity_docs_incremental_260527_002,2,E:/系统/桌面/工作区/本学期/大三下/IT项目管理/大作业/Data/KnowledgeBase/processed_clean/dify_import/unity_docs_chunk_1bfebc5fd86c4407.md,619,2026-05-27T13:13:29.026273+00:00
chunk_f76095fc9fdfa2ed,unity_8a94aecc86e2fdde,unity_docs,official_documentation,Manual,,Design a tree,https://docs.unity3d.com/6000.4/Documentation/Manual/tree-FirstTree.html,unity_docs_incremental_260527_002,1,E:/系统/桌面/工作区/本学期/大三下/IT项目管理/大作业/Data/KnowledgeBase/processed_clean/dify_import/unity_docs_chunk_f76095fc9fdfa2ed.md,1790,2026-05-27T13:13:29.028696+00:00
chunk_b5ce50e657e20a74,unity_8a94aecc86e2fdde,unity_docs,official_documentation,Manual,,Design a tree,https://docs.unity3d.com/6000.4/Documentation/Manual/tree-FirstTree.html,unity_docs_incremental_260527_002,2,E:/系统/桌面/工作区/本学期/大三下/IT项目管理/大作业/Data/KnowledgeBase/processed_clean/dify_import/unity_docs_chunk_b5ce50e657e20a74.md,1618,2026-05-27T13:13:29.030190+00:00
chunk_740f5dddf9dc626f,unity_8a94aecc86e2fdde,unity_docs,official_documentation,Manual,,Design a tree,https://docs.unity3d.com/6000.4/Documentation/Manual/tree-FirstTree.html,unity_docs_incremental_260527_002,3,E:/系统/桌面/工作区/本学期/大三下/IT项目管理/大作业/Data/KnowledgeBase/processed_clean/dify_import/unity_docs_chunk_740f5dddf9dc626f.md,1605,2026-05-27T13:13:29.031020+00:00
chunk_60953ae0a2418300,unity_8a94aecc86e2fdde,unity_docs,official_documentation,Manual,,Design a tree,https://docs.unity3d.com/6000.4/Documentation/Manual/tree-FirstTree.html,unity_docs_incremental_260527_002,4,E:/系统/桌面/工作区/本学期/大三下/IT项目管理/大作业/Data/KnowledgeBase/processed_clean/dify_import/unity_docs_chunk_60953ae0a2418300.md,1630,2026-05-27T13:13:29.031956+00:00
chunk_5daede9c8a9f03d8,unity_8a94aecc86e2fdde,unity_docs,official_documentation,Manual,,Design a tree,https://docs.unity3d.com/6000.4/Documentation/Manual/tree-FirstTree.html,unity_docs_incremental_260527_002,5,E:/系统/桌面/工作区/本学期/大三下/IT项目管理/大作业/Data/KnowledgeBase/processed_clean/dify_import/unity_docs_chunk_5daede9c8a9f03d8.md,1782,2026-05-27T13:13:29.032648+00:00
chunk_f7dc902ffa01e752,unity_8a94aecc86e2fdde,unity_docs,official_documentation,Manual,,Design a tree,https://docs.unity3d.com/6000.4/Documentation/Manual/tree-FirstTree.html,unity_docs_incremental_260527_002,6,E:/系统/桌面/工作区/本学期/大三下/IT项目管理/大作业/Data/KnowledgeBase/processed_clean/dify_import/unity_docs_chunk_f7dc902ffa01e752.md,1787,2026-05-27T13:13:29.033811+00:00
chunk_da27684c499b4e88,unity_8a94aecc86e2fdde,unity_docs,official_documentation,Manual,,Design a tree,https://docs.unity3d.com/6000.4/Documentation/Manual/tree-FirstTree.html,unity_docs_incremental_260527_002,7,E:/系统/桌面/工作区/本学期/大三下/IT项目管理/大作业/Data/KnowledgeBase/processed_clean/dify_import/unity_docs_chunk_da27684c499b4e88.md,1665,2026-05-27T13:13:29.034563+00:00
chunk_dcdc28263ab1c032,unity_8a94aecc86e2fdde,unity_docs,official_documentation,Manual,,Design a tree,https://docs.unity3d.com/6000.4/Documentation/Manual/tree-FirstTree.html,unity_docs_incremental_260527_002,8,E:/系统/桌面/工作区/本学期/大三下/IT项目管理/大作业/Data/KnowledgeBase/processed_clean/dify_import/unity_docs_chunk_dcdc28263ab1c032.md,1799,2026-05-27T13:13:29.035418+00:00
chunk_32cb310b5963c510,unity_8a94aecc86e2fdde,unity_docs,official_documentation,Manual,,Design a tree,https://docs.unity3d.com/6000.4/Documentation/Manual/tree-FirstTree.html,unity_docs_incremental_260527_002,9,E:/系统/桌面/工作区/本学期/大三下/IT项目管理/大作业/Data/KnowledgeBase/processed_clean/dify_import/unity_docs_chunk_32cb310b5963c510.md,1501,2026-05-27T13:13:29.036432+00:00
chunk_3ecf7323e5104742,unity_3a99aa7db23fb497,unity_docs,official_documentation,Manual,,Create trees and leaves from meshes,https://docs.unity3d.com/6000.4/Documentation/Manual/terrain-Tree-From-Mesh.html,unity_docs_incremental_260527_002,1,E:/系统/桌面/工作区/本学期/大三下/IT项目管理/大作业/Data/KnowledgeBase/processed_clean/dify_import/unity_docs_chunk_3ecf7323e5104742.md,1775,2026-05-27T13:13:29.038601+00:00
chunk_d2c71089cc84d44a,unity_3a99aa7db23fb497,unity_docs,official_documentation,Manual,,Create trees and leaves from meshes,https://docs.unity3d.com/6000.4/Documentation/Manual/terrain-Tree-From-Mesh.html,unity_docs_incremental_260527_002,2,E:/系统/桌面/工作区/本学期/大三下/IT项目管理/大作业/Data/KnowledgeBase/processed_clean/dify_import/unity_docs_chunk_d2c71089cc84d44a.md,1011,2026-05-27T13:13:29.039532+00:00
chunk_bd912c35c24b5216,unity_f05af72c42fa118d,unity_docs,official_documentation,Manual,,Performance tips for trees,https://docs.unity3d.com/6000.4/Documentation/Manual/terrain-Tree-Performance.html,unity_docs_incremental_260527_002,1,E:/系统/桌面/工作区/本学期/大三下/IT项目管理/大作业/Data/KnowledgeBase/processed_clean/dify_import/unity_docs_chunk_bd912c35c24b5216.md,1537,2026-05-27T13:13:29.041237+00:00
chunk_e7e7deb69f7aafbb,unity_a9fe355c01e1bea2,unity_docs,official_documentation,Manual,,Tree Hierarchy view UI reference,https://docs.unity3d.com/6000.4/Documentation/Manual/terrain-Tree-Hierarchy-UI.html,unity_docs_incremental_260527_002,1,E:/系统/桌面/工作区/本学期/大三下/IT项目管理/大作业/Data/KnowledgeBase/processed_clean/dify_import/unity_docs_chunk_e7e7deb69f7aafbb.md,1719,2026-05-27T13:13:29.043068+00:00
chunk_11e7b8bde966a334,unity_a9fe355c01e1bea2,unity_docs,official_documentation,Manual,,Tree Hierarchy view UI reference,https://docs.unity3d.com/6000.4/Documentation/Manual/terrain-Tree-Hierarchy-UI.html,unity_docs_incremental_260527_002,2,E:/系统/桌面/工作区/本学期/大三下/IT项目管理/大作业/Data/KnowledgeBase/processed_clean/dify_import/unity_docs_chunk_11e7b8bde966a334.md,300,2026-05-27T13:13:29.044037+00:00
chunk_4620ecf4944ff80d,unity_f8da8af1fc7592bd,unity_docs,official_documentation,Manual,,Root node reference,https://docs.unity3d.com/6000.4/Documentation/Manual/tree-Root-Node.html,unity_docs_incremental_260527_002,1,E:/系统/桌面/工作区/本学期/大三下/IT项目管理/大作业/Data/KnowledgeBase/processed_clean/dify_import/unity_docs_chunk_4620ecf4944ff80d.md,1737,2026-05-27T13:13:29.046048+00:00
chunk_17d93dec4508e1fe,unity_f8da8af1fc7592bd,unity_docs,official_documentation,Manual,,Root node reference,https://docs.unity3d.com/6000.4/Documentation/Manual/tree-Root-Node.html,unity_docs_incremental_260527_002,2,E:/系统/桌面/工作区/本学期/大三下/IT项目管理/大作业/Data/KnowledgeBase/processed_clean/dify_import/unity_docs_chunk_17d93dec4508e1fe.md,1573,2026-05-27T13:13:29.046780+00:00
chunk_e02edd23e4fe2c6b,unity_f8da8af1fc7592bd,unity_docs,official_documentation,Manual,,Root node reference,https://docs.unity3d.com/6000.4/Documentation/Manual/tree-Root-Node.html,unity_docs_incremental_260527_002,3,E:/系统/桌面/工作区/本学期/大三下/IT项目管理/大作业/Data/KnowledgeBase/processed_clean/dify_import/unity_docs_chunk_e02edd23e4fe2c6b.md,1794,2026-05-27T13:13:29.047518+00:00
chunk_53993adf4bc50e53,unity_f8da8af1fc7592bd,unity_docs,official_documentation,Manual,,Root node reference,https://docs.unity3d.com/6000.4/Documentation/Manual/tree-Root-Node.html,unity_docs_incremental_260527_002,4,E:/系统/桌面/工作区/本学期/大三下/IT项目管理/大作业/Data/KnowledgeBase/processed_clean/dify_import/unity_docs_chunk_53993adf4bc50e53.md,449,2026-05-27T13:13:29.048492+00:00
chunk_fd0221516a7b3fa4,unity_4f4c4a65ec30b7df,unity_docs,official_documentation,Manual,,Branch group reference,https://docs.unity3d.com/6000.4/Documentation/Manual/tree-Branches.html,unity_docs_incremental_260527_002,1,E:/系统/桌面/工作区/本学期/大三下/IT项目管理/大作业/Data/KnowledgeBase/processed_clean/dify_import/unity_docs_chunk_fd0221516a7b3fa4.md,1478,2026-05-27T13:13:29.051545+00:00
chunk_c702a67128ac02aa,unity_4f4c4a65ec30b7df,unity_docs,official_documentation,Manual,,Branch group reference,https://docs.unity3d.com/6000.4/Documentation/Manual/tree-Branches.html,unity_docs_incremental_260527_002,2,E:/系统/桌面/工作区/本学期/大三下/IT项目管理/大作业/Data/KnowledgeBase/processed_clean/dify_import/unity_docs_chunk_c702a67128ac02aa.md,1654,2026-05-27T13:13:29.052513+00:00
chunk_b3640c89e9454140,unity_4f4c4a65ec30b7df,unity_docs,official_documentation,Manual,,Branch group reference,https://docs.unity3d.com/6000.4/Documentation/Manual/tree-Branches.html,unity_docs_incremental_260527_002,3,E:/系统/桌面/工作区/本学期/大三下/IT项目管理/大作业/Data/KnowledgeBase/processed_clean/dify_import/unity_docs_chunk_b3640c89e9454140.md,1799,2026-05-27T13:13:29.053563+00:00
chunk_0688550c70271a28,unity_4f4c4a65ec30b7df,unity_docs,official_documentation,Manual,,Branch group reference,https://docs.unity3d.com/6000.4/Documentation/Manual/tree-Branches.html,unity_docs_incremental_260527_002,4,E:/系统/桌面/工作区/本学期/大三下/IT项目管理/大作业/Data/KnowledgeBase/processed_clean/dify_import/unity_docs_chunk_0688550c70271a28.md,1749,2026-05-27T13:13:29.054574+00:00
chunk_1a19dc072e727652,unity_4f4c4a65ec30b7df,unity_docs,official_documentation,Manual,,Branch group reference,https://docs.unity3d.com/6000.4/Documentation/Manual/tree-Branches.html,unity_docs_incremental_260527_002,5,E:/系统/桌面/工作区/本学期/大三下/IT项目管理/大作业/Data/KnowledgeBase/processed_clean/dify_import/unity_docs_chunk_1a19dc072e727652.md,1776,2026-05-27T13:13:29.055274+00:00
chunk_558146a5192cfa58,unity_4f4c4a65ec30b7df,unity_docs,official_documentation,Manual,,Branch group reference,https://docs.unity3d.com/6000.4/Documentation/Manual/tree-Branches.html,unity_docs_incremental_260527_002,6,E:/系统/桌面/工作区/本学期/大三下/IT项目管理/大作业/Data/KnowledgeBase/processed_clean/dify_import/unity_docs_chunk_558146a5192cfa58.md,1786,2026-05-27T13:13:29.056013+00:00
chunk_18864494e1fc9d68,unity_4f4c4a65ec30b7df,unity_docs,official_documentation,Manual,,Branch group reference,https://docs.unity3d.com/6000.4/Documentation/Manual/tree-Branches.html,unity_docs_incremental_260527_002,7,E:/系统/桌面/工作区/本学期/大三下/IT项目管理/大作业/Data/KnowledgeBase/processed_clean/dify_import/unity_docs_chunk_18864494e1fc9d68.md,704,2026-05-27T13:13:29.056811+00:00
chunk_8de6bd49b532d9b8,unity_f39ab88027c7cc0f,unity_docs,official_documentation,Manual,,Leaf group reference,https://docs.unity3d.com/6000.4/Documentation/Manual/tree-Leaves.html,unity_docs_incremental_260527_002,1,E:/系统/桌面/工作区/本学期/大三下/IT项目管理/大作业/Data/KnowledgeBase/processed_clean/dify_import/unity_docs_chunk_8de6bd49b532d9b8.md,1746,2026-05-27T13:13:29.059147+00:00
chunk_948244f0f7353369,unity_f39ab88027c7cc0f,unity_docs,official_documentation,Manual,,Leaf group reference,https://docs.unity3d.com/6000.4/Documentation/Manual/tree-Leaves.html,unity_docs_incremental_260527_002,2,E:/系统/桌面/工作区/本学期/大三下/IT项目管理/大作业/Data/KnowledgeBase/processed_clean/dify_import/unity_docs_chunk_948244f0f7353369.md,1747,2026-05-27T13:13:29.059963+00:00
chunk_c0585df8ef44c24e,unity_f39ab88027c7cc0f,unity_docs,official_documentation,Manual,,Leaf group reference,https://docs.unity3d.com/6000.4/Documentation/Manual/tree-Leaves.html,unity_docs_incremental_260527_002,3,E:/系统/桌面/工作区/本学期/大三下/IT项目管理/大作业/Data/KnowledgeBase/processed_clean/dify_import/unity_docs_chunk_c0585df8ef44c24e.md,1786,2026-05-27T13:13:29.060917+00:00
chunk_eec17a9c5790afc3,unity_33f29d4759ed451c,unity_docs,official_documentation,Manual,,Add collision to trees,https://docs.unity3d.com/6000.4/Documentation/Manual/terrain-Tree-Colliders.html,unity_docs_incremental_260527_002,1,E:/系统/桌面/工作区/本学期/大三下/IT项目管理/大作业/Data/KnowledgeBase/processed_clean/dify_import/unity_docs_chunk_eec17a9c5790afc3.md,1764,2026-05-27T13:13:29.063308+00:00
chunk_22b20fb037cb1db5,unity_33f29d4759ed451c,unity_docs,official_documentation,Manual,,Add collision to trees,https://docs.unity3d.com/6000.4/Documentation/Manual/terrain-Tree-Colliders.html,unity_docs_incremental_260527_002,2,E:/系统/桌面/工作区/本学期/大三下/IT项目管理/大作业/Data/KnowledgeBase/processed_clean/dify_import/unity_docs_chunk_22b20fb037cb1db5.md,1775,2026-05-27T13:13:29.064736+00:00
chunk_ac89fc6202d6df92,unity_1721f57493c6af45,unity_docs,official_documentation,Manual,,Tree level of detail (LOD),https://docs.unity3d.com/6000.4/Documentation/Manual/terrain-Tree-LOD.html,unity_docs_incremental_260527_002,1,E:/系统/桌面/工作区/本学期/大三下/IT项目管理/大作业/Data/KnowledgeBase/processed_clean/dify_import/unity_docs_chunk_ac89fc6202d6df92.md,1775,2026-05-27T13:13:29.067329+00:00
chunk_3a7705cb49e93df6,unity_1721f57493c6af45,unity_docs,official_documentation,Manual,,Tree level of detail (LOD),https://docs.unity3d.com/6000.4/Documentation/Manual/terrain-Tree-LOD.html,unity_docs_incremental_260527_002,2,E:/系统/桌面/工作区/本学期/大三下/IT项目管理/大作业/Data/KnowledgeBase/processed_clean/dify_import/unity_docs_chunk_3a7705cb49e93df6.md,1244,2026-05-27T13:13:29.068469+00:00
chunk_d0016222986e7430,unity_ed5995690c3e6a93,unity_docs,official_documentation,Manual,,Vulkan,https://docs.unity3d.com/6000.4/Documentation/Manual/vulkan.html,unity_docs_incremental_260527_002,1,E:/系统/桌面/工作区/本学期/大三下/IT项目管理/大作业/Data/KnowledgeBase/processed_clean/dify_import/unity_docs_chunk_d0016222986e7430.md,1748,2026-05-27T13:13:29.071484+00:00
chunk_f014bdf950f0d6ca,unity_ed5995690c3e6a93,unity_docs,official_documentation,Manual,,Vulkan,https://docs.unity3d.com/6000.4/Documentation/Manual/vulkan.html,unity_docs_incremental_260527_002,2,E:/系统/桌面/工作区/本学期/大三下/IT项目管理/大作业/Data/KnowledgeBase/processed_clean/dify_import/unity_docs_chunk_f014bdf950f0d6ca.md,1760,2026-05-27T13:13:29.072652+00:00
chunk_b7756ded2c148600,unity_ed5995690c3e6a93,unity_docs,official_documentation,Manual,,Vulkan,https://docs.unity3d.com/6000.4/Documentation/Manual/vulkan.html,unity_docs_incremental_260527_002,3,E:/系统/桌面/工作区/本学期/大三下/IT项目管理/大作业/Data/KnowledgeBase/processed_clean/dify_import/unity_docs_chunk_b7756ded2c148600.md,1752,2026-05-27T13:13:29.073559+00:00
chunk_56f855c03a1ace1d,unity_ed5995690c3e6a93,unity_docs,official_documentation,Manual,,Vulkan,https://docs.unity3d.com/6000.4/Documentation/Manual/vulkan.html,unity_docs_incremental_260527_002,4,E:/系统/桌面/工作区/本学期/大三下/IT项目管理/大作业/Data/KnowledgeBase/processed_clean/dify_import/unity_docs_chunk_56f855c03a1ace1d.md,231,2026-05-27T13:13:29.074183+00:00
chunk_6932ede6547834ad,unity_aebf160dad0f9aa0,unity_docs,official_documentation,Manual,,Device Simulator,https://docs.unity3d.com/6000.4/Documentation/Manual/device-simulator.html,unity_docs_incremental_260527_002,1,E:/系统/桌面/工作区/本学期/大三下/IT项目管理/大作业/Data/KnowledgeBase/processed_clean/dify_import/unity_docs_chunk_6932ede6547834ad.md,1107,2026-05-27T13:13:29.075362+00:00
chunk_61c8382394339b8d,unity_9f5c5a853cac75f8,unity_docs,official_documentation,Manual,,Build an iOS application,https://docs.unity3d.com/6000.4/Documentation/Manual/iphone-BuildProcess.html,unity_docs_incremental_260527_002,1,E:/系统/桌面/工作区/本学期/大三下/IT项目管理/大作业/Data/KnowledgeBase/processed_clean/dify_import/unity_docs_chunk_61c8382394339b8d.md,1794,2026-05-27T13:13:29.077417+00:00
chunk_521119b458a3ff48,unity_9f5c5a853cac75f8,unity_docs,official_documentation,Manual,,Build an iOS application,https://docs.unity3d.com/6000.4/Documentation/Manual/iphone-BuildProcess.html,unity_docs_incremental_260527_002,2,E:/系统/桌面/工作区/本学期/大三下/IT项目管理/大作业/Data/KnowledgeBase/processed_clean/dify_import/unity_docs_chunk_521119b458a3ff48.md,1778,2026-05-27T13:13:29.078389+00:00
chunk_829345aed54213b0,unity_9f5c5a853cac75f8,unity_docs,official_documentation,Manual,,Build an iOS application,https://docs.unity3d.com/6000.4/Documentation/Manual/iphone-BuildProcess.html,unity_docs_incremental_260527_002,3,E:/系统/桌面/工作区/本学期/大三下/IT项目管理/大作业/Data/KnowledgeBase/processed_clean/dify_import/unity_docs_chunk_829345aed54213b0.md,1644,2026-05-27T13:13:29.079265+00:00
chunk_7a84cc4f3034b63c,unity_c5f389d8f6c2e3ed,unity_docs,official_documentation,Manual,,Include a shader pass with the UsePass command,https://docs.unity3d.com/6000.4/Documentation/Manual/writing-shader-usepass.html,unity_docs_incremental_260527_002,1,E:/系统/桌面/工作区/本学期/大三下/IT项目管理/大作业/Data/KnowledgeBase/processed_clean/dify_import/unity_docs_chunk_7a84cc4f3034b63c.md,1463,2026-05-27T13:13:29.081075+00:00
chunk_c0a79a6bc6cfab97,unity_161fbaa18d680c18,unity_docs,official_documentation,Manual,,Introduction to HLSL shader programs,https://docs.unity3d.com/6000.4/Documentation/Manual/writing-shader-programs-introduction.html,unity_docs_incremental_260527_002,1,E:/系统/桌面/工作区/本学期/大三下/IT项目管理/大作业/Data/KnowledgeBase/processed_clean/dify_import/unity_docs_chunk_c0a79a6bc6cfab97.md,1768,2026-05-27T13:13:29.083089+00:00
chunk_be6f372fe663b26e,unity_161fbaa18d680c18,unity_docs,official_documentation,Manual,,Introduction to HLSL shader programs,https://docs.unity3d.com/6000.4/Documentation/Manual/writing-shader-programs-introduction.html,unity_docs_incremental_260527_002,2,E:/系统/桌面/工作区/本学期/大三下/IT项目管理/大作业/Data/KnowledgeBase/processed_clean/dify_import/unity_docs_chunk_be6f372fe663b26e.md,554,2026-05-27T13:13:29.083686+00:00
chunk_31dffd0168c9564d,unity_c9d2fb9aebf53c36,unity_docs,official_documentation,Manual,,Add an HLSL shader program,https://docs.unity3d.com/6000.4/Documentation/Manual/writing-shader-add-shader-program.html,unity_docs_incremental_260527_002,1,E:/系统/桌面/工作区/本学期/大三下/IT项目管理/大作业/Data/KnowledgeBase/processed_clean/dify_import/unity_docs_chunk_31dffd0168c9564d.md,852,2026-05-27T13:13:29.084994+00:00
chunk_07dd17c3c1179261,unity_f00628745af68d53,unity_docs,official_documentation,Manual,,Reuse HLSL code,https://docs.unity3d.com/6000.4/Documentation/Manual/writing-shader-include-shader-program.html,unity_docs_incremental_260527_002,1,E:/系统/桌面/工作区/本学期/大三下/IT项目管理/大作业/Data/KnowledgeBase/processed_clean/dify_import/unity_docs_chunk_07dd17c3c1179261.md,1793,2026-05-27T13:13:29.086849+00:00
chunk_e06bb7c5671d038e,unity_f00628745af68d53,unity_docs,official_documentation,Manual,,Reuse HLSL code,https://docs.unity3d.com/6000.4/Documentation/Manual/writing-shader-include-shader-program.html,unity_docs_incremental_260527_002,2,E:/系统/桌面/工作区/本学期/大三下/IT项目管理/大作业/Data/KnowledgeBase/processed_clean/dify_import/unity_docs_chunk_e06bb7c5671d038e.md,967,2026-05-27T13:13:29.088027+00:00
chunk_3d654f37fad8ce0d,unity_6fa52b05a81c2330,unity_docs,official_documentation,Manual,,Input data into HLSL,https://docs.unity3d.com/6000.4/Documentation/Manual/SL-VertexProgramInputs.html,unity_docs_incremental_260527_002,1,E:/系统/桌面/工作区/本学期/大三下/IT项目管理/大作业/Data/KnowledgeBase/processed_clean/dify_import/unity_docs_chunk_3d654f37fad8ce0d.md,1695,2026-05-27T13:13:29.090389+00:00
chunk_e60b39e626ecb0f4,unity_6fa52b05a81c2330,unity_docs,official_documentation,Manual,,Input data into HLSL,https://docs.unity3d.com/6000.4/Documentation/Manual/SL-VertexProgramInputs.html,unity_docs_incremental_260527_002,2,E:/系统/桌面/工作区/本学期/大三下/IT项目管理/大作业/Data/KnowledgeBase/processed_clean/dify_import/unity_docs_chunk_e60b39e626ecb0f4.md,1792,2026-05-27T13:13:29.091371+00:00
chunk_f7e1cb6555fe7f2b,unity_6fa52b05a81c2330,unity_docs,official_documentation,Manual,,Input data into HLSL,https://docs.unity3d.com/6000.4/Documentation/Manual/SL-VertexProgramInputs.html,unity_docs_incremental_260527_002,3,E:/系统/桌面/工作区/本学期/大三下/IT项目管理/大作业/Data/KnowledgeBase/processed_clean/dify_import/unity_docs_chunk_f7e1cb6555fe7f2b.md,1736,2026-05-27T13:13:29.092542+00:00
chunk_a2ec7be78746ea04,unity_bfc1be56fae7089f,unity_docs,official_documentation,Manual,,Sample a texture in HLSL,https://docs.unity3d.com/6000.4/Documentation/Manual/SL-SamplerStates.html,unity_docs_incremental_260527_002,1,E:/系统/桌面/工作区/本学期/大三下/IT项目管理/大作业/Data/KnowledgeBase/processed_clean/dify_import/unity_docs_chunk_a2ec7be78746ea04.md,1744,2026-05-27T13:13:29.095013+00:00
chunk_19eebb878730a6cd,unity_bfc1be56fae7089f,unity_docs,official_documentation,Manual,,Sample a texture in HLSL,https://docs.unity3d.com/6000.4/Documentation/Manual/SL-SamplerStates.html,unity_docs_incremental_260527_002,2,E:/系统/桌面/工作区/本学期/大三下/IT项目管理/大作业/Data/KnowledgeBase/processed_clean/dify_import/unity_docs_chunk_19eebb878730a6cd.md,1778,2026-05-27T13:13:29.095884+00:00
chunk_44b40fbe33b787fe,unity_bfc1be56fae7089f,unity_docs,official_documentation,Manual,,Sample a texture in HLSL,https://docs.unity3d.com/6000.4/Documentation/Manual/SL-SamplerStates.html,unity_docs_incremental_260527_002,3,E:/系统/桌面/工作区/本学期/大三下/IT项目管理/大作业/Data/KnowledgeBase/processed_clean/dify_import/unity_docs_chunk_44b40fbe33b787fe.md,914,2026-05-27T13:13:29.096787+00:00
chunk_edd7a35e61967fa4,unity_bd99f81c4400ff94,unity_docs,official_documentation,Manual,,Pass information to shader compilers in HLSL,https://docs.unity3d.com/6000.4/Documentation/Manual/writing-shader-programs-pragma-directives.html,unity_docs_incremental_260527_002,1,E:/系统/桌面/工作区/本学期/大三下/IT项目管理/大作业/Data/KnowledgeBase/processed_clean/dify_import/unity_docs_chunk_edd7a35e61967fa4.md,1781,2026-05-27T13:13:29.099737+00:00
chunk_1b906540163c5a84,unity_bd99f81c4400ff94,unity_docs,official_documentation,Manual,,Pass information to shader compilers in HLSL,https://docs.unity3d.com/6000.4/Documentation/Manual/writing-shader-programs-pragma-directives.html,unity_docs_incremental_260527_002,2,E:/系统/桌面/工作区/本学期/大三下/IT项目管理/大作业/Data/KnowledgeBase/processed_clean/dify_import/unity_docs_chunk_1b906540163c5a84.md,1762,2026-05-27T13:13:29.100795+00:00
chunk_1374c6c0a2373dd1,unity_bd99f81c4400ff94,unity_docs,official_documentation,Manual,,Pass information to shader compilers in HLSL,https://docs.unity3d.com/6000.4/Documentation/Manual/writing-shader-programs-pragma-directives.html,unity_docs_incremental_260527_002,3,E:/系统/桌面/工作区/本学期/大三下/IT项目管理/大作业/Data/KnowledgeBase/processed_clean/dify_import/unity_docs_chunk_1374c6c0a2373dd1.md,784,2026-05-27T13:13:29.101604+00:00
chunk_ae2ad709e00580a1,unity_3a4fa4cf0062319f,unity_docs,official_documentation,Manual,,HLSL pragma directives reference,https://docs.unity3d.com/6000.4/Documentation/Manual/SL-PragmaDirectives.html,unity_docs_incremental_260527_002,1,E:/系统/桌面/工作区/本学期/大三下/IT项目管理/大作业/Data/KnowledgeBase/processed_clean/dify_import/unity_docs_chunk_ae2ad709e00580a1.md,1792,2026-05-27T13:13:29.104005+00:00
chunk_4908a03e7c8c5976,unity_3a4fa4cf0062319f,unity_docs,official_documentation,Manual,,HLSL pragma directives reference,https://docs.unity3d.com/6000.4/Documentation/Manual/SL-PragmaDirectives.html,unity_docs_incremental_260527_002,2,E:/系统/桌面/工作区/本学期/大三下/IT项目管理/大作业/Data/KnowledgeBase/processed_clean/dify_import/unity_docs_chunk_4908a03e7c8c5976.md,1785,2026-05-27T13:13:29.105081+00:00
chunk_52bc71c6065e1748,unity_3a4fa4cf0062319f,unity_docs,official_documentation,Manual,,HLSL pragma directives reference,https://docs.unity3d.com/6000.4/Documentation/Manual/SL-PragmaDirectives.html,unity_docs_incremental_260527_002,3,E:/系统/桌面/工作区/本学期/大三下/IT项目管理/大作业/Data/KnowledgeBase/processed_clean/dify_import/unity_docs_chunk_52bc71c6065e1748.md,1795,2026-05-27T13:13:29.106303+00:00
chunk_a4c42f6e5059eecd,unity_3a4fa4cf0062319f,unity_docs,official_documentation,Manual,,HLSL pragma directives reference,https://docs.unity3d.com/6000.4/Documentation/Manual/SL-PragmaDirectives.html,unity_docs_incremental_260527_002,4,E:/系统/桌面/工作区/本学期/大三下/IT项目管理/大作业/Data/KnowledgeBase/processed_clean/dify_import/unity_docs_chunk_a4c42f6e5059eecd.md,1743,2026-05-27T13:13:29.107253+00:00
chunk_e705d14b9956d115,unity_3a4fa4cf0062319f,unity_docs,official_documentation,Manual,,HLSL pragma directives reference,https://docs.unity3d.com/6000.4/Documentation/Manual/SL-PragmaDirectives.html,unity_docs_incremental_260527_002,5,E:/系统/桌面/工作区/本学期/大三下/IT项目管理/大作业/Data/KnowledgeBase/processed_clean/dify_import/unity_docs_chunk_e705d14b9956d115.md,555,2026-05-27T13:13:29.108279+00:00
chunk_89a029e1b3d03eb9,unity_92d6c5f4d210f880,unity_docs,official_documentation,Manual,,HLSL shader examples in the Built-in Render Pipeline,https://docs.unity3d.com/6000.4/Documentation/Manual/built-in-shader-examples.html,unity_docs_incremental_260527_002,1,E:/系统/桌面/工作区/本学期/大三下/IT项目管理/大作业/Data/KnowledgeBase/processed_clean/dify_import/unity_docs_chunk_89a029e1b3d03eb9.md,1777,2026-05-27T13:13:29.110557+00:00
chunk_8423420e0578e732,unity_92d6c5f4d210f880,unity_docs,official_documentation,Manual,,HLSL shader examples in the Built-in Render Pipeline,https://docs.unity3d.com/6000.4/Documentation/Manual/built-in-shader-examples.html,unity_docs_incremental_260527_002,2,E:/系统/桌面/工作区/本学期/大三下/IT项目管理/大作业/Data/KnowledgeBase/processed_clean/dify_import/unity_docs_chunk_8423420e0578e732.md,846,2026-05-27T13:13:29.111686+00:00
chunk_e28315687c3576c6,unity_b1ff9bdcd8fa0cb6,unity_docs,official_documentation,ScriptReference,,Time .time,https://docs.unity3d.com/6000.4/Documentation/ScriptReference/Time-time.html,unity_docs_incremental_260527_002,1,E:/系统/桌面/工作区/本学期/大三下/IT项目管理/大作业/Data/KnowledgeBase/processed_clean/dify_import/unity_docs_chunk_e28315687c3576c6.md,1388,2026-05-27T13:13:29.113735+00:00
chunk_e371478293d646fd,unity_8fa62ec28d76fddc,unity_docs,official_documentation,ScriptReference,,VideoCapture .GetSupportedFrameRatesForResolution,https://docs.unity3d.com/6000.4/Documentation/ScriptReference/Windows.WebCam.VideoCapture.GetSupportedFrameRatesForResolution.html,unity_docs_incremental_260527_002,1,E:/系统/桌面/工作区/本学期/大三下/IT项目管理/大作业/Data/KnowledgeBase/processed_clean/dify_import/unity_docs_chunk_e371478293d646fd.md,759,2026-05-27T13:13:29.115384+00:00
chunk_a20097eca01492e1,unity_24f1f92cfdc4c994,unity_docs,official_documentation,ScriptReference,,VideoCapture .CreateAsync,https://docs.unity3d.com/6000.4/Documentation/ScriptReference/Windows.WebCam.VideoCapture.CreateAsync.html,unity_docs_incremental_260527_002,1,E:/系统/桌面/工作区/本学期/大三下/IT项目管理/大作业/Data/KnowledgeBase/processed_clean/dify_import/unity_docs_chunk_a20097eca01492e1.md,884,2026-05-27T13:13:29.117122+00:00
chunk_74f5eee562655384,unity_421d1221e1ea05f8,unity_docs,official_documentation,ScriptReference,,Mode,https://docs.unity3d.com/6000.4/Documentation/ScriptReference/Scripting.GarbageCollector.Mode.html,unity_docs_incremental_260527_002,1,E:/系统/桌面/工作区/本学期/大三下/IT项目管理/大作业/Data/KnowledgeBase/processed_clean/dify_import/unity_docs_chunk_74f5eee562655384.md,600,2026-05-27T13:13:29.118921+00:00
chunk_de630e6fcf1f620e,unity_14214808ac8c3de0,unity_docs,official_documentation,ScriptReference,,Application .persistentDataPath,https://docs.unity3d.com/6000.4/Documentation/ScriptReference/Application-persistentDataPath.html,unity_docs_incremental_260527_002,1,E:/系统/桌面/工作区/本学期/大三下/IT项目管理/大作业/Data/KnowledgeBase/processed_clean/dify_import/unity_docs_chunk_de630e6fcf1f620e.md,1789,2026-05-27T13:13:29.121219+00:00
chunk_587a05daecba3eec,unity_14214808ac8c3de0,unity_docs,official_documentation,ScriptReference,,Application .persistentDataPath,https://docs.unity3d.com/6000.4/Documentation/ScriptReference/Application-persistentDataPath.html,unity_docs_incremental_260527_002,2,E:/系统/桌面/工作区/本学期/大三下/IT项目管理/大作业/Data/KnowledgeBase/processed_clean/dify_import/unity_docs_chunk_587a05daecba3eec.md,1643,2026-05-27T13:13:29.121966+00:00
chunk_da84f302b0acb0da,unity_b9fc698c14ac377c,unity_docs,official_documentation,ScriptReference,,VideoCapture .SupportedResolutions,https://docs.unity3d.com/6000.4/Documentation/ScriptReference/Windows.WebCam.VideoCapture.SupportedResolutions.html,unity_docs_incremental_260527_002,1,E:/系统/桌面/工作区/本学期/大三下/IT项目管理/大作业/Data/KnowledgeBase/processed_clean/dify_import/unity_docs_chunk_da84f302b0acb0da.md,394,2026-05-27T13:13:29.123274+00:00
chunk_cb169c18e81ecc6f,unity_ac8f749233fc9b9f,unity_docs,official_documentation,ScriptReference,,VideoCapture .IsRecording,https://docs.unity3d.com/6000.4/Documentation/ScriptReference/Windows.WebCam.VideoCapture.IsRecording.html,unity_docs_incremental_260527_002,1,E:/系统/桌面/工作区/本学期/大三下/IT项目管理/大作业/Data/KnowledgeBase/processed_clean/dify_import/unity_docs_chunk_cb169c18e81ecc6f.md,344,2026-05-27T13:13:29.125129+00:00
chunk_b3e773bc8c206f36,unity_9010e816d83ce0e8,unity_docs,official_documentation,ScriptReference,,VideoCapture .Dispose,https://docs.unity3d.com/6000.4/Documentation/ScriptReference/Windows.WebCam.VideoCapture.Dispose.html,unity_docs_incremental_260527_002,1,E:/系统/桌面/工作区/本学期/大三下/IT项目管理/大作业/Data/KnowledgeBase/processed_clean/dify_import/unity_docs_chunk_b3e773bc8c206f36.md,790,2026-05-27T13:13:29.127120+00:00
chunk_d00ae8aed1494a90,unity_8214a5b5e6531eab,unity_docs,official_documentation,ScriptReference,,VideoCapture .GetUnsafePointerToVideoDeviceController,https://docs.unity3d.com/6000.4/Documentation/ScriptReference/Windows.WebCam.VideoCapture.GetUnsafePointerToVideoDeviceController.html,unity_docs_incremental_260527_002,1,E:/系统/桌面/工作区/本学期/大三下/IT项目管理/大作业/Data/KnowledgeBase/processed_clean/dify_import/unity_docs_chunk_d00ae8aed1494a90.md,1037,2026-05-27T13:13:29.128809+00:00
chunk_f6337f53df6296a9,unity_beaea44b67cbd31b,unity_docs,official_documentation,ScriptReference,,VideoCapture .StartRecordingAsync,https://docs.unity3d.com/6000.4/Documentation/ScriptReference/Windows.WebCam.VideoCapture.StartRecordingAsync.html,unity_docs_incremental_260527_002,1,E:/系统/桌面/工作区/本学期/大三下/IT项目管理/大作业/Data/KnowledgeBase/processed_clean/dify_import/unity_docs_chunk_f6337f53df6296a9.md,637,2026-05-27T13:13:29.130719+00:00
chunk_49ff8b5ffe704dec,unity_69868525e1365b2d,unity_docs,official_documentation,ScriptReference,,VideoCapture .StartVideoModeAsync,https://docs.unity3d.com/6000.4/Documentation/ScriptReference/Windows.WebCam.VideoCapture.StartVideoModeAsync.html,unity_docs_incremental_260527_002,1,E:/系统/桌面/工作区/本学期/大三下/IT项目管理/大作业/Data/KnowledgeBase/processed_clean/dify_import/unity_docs_chunk_49ff8b5ffe704dec.md,1090,2026-05-27T13:13:29.132676+00:00
chunk_0381385b595e5693,unity_66d8d5ced4d793eb,unity_docs,official_documentation,ScriptReference,,VideoCapture .StopRecordingAsync,https://docs.unity3d.com/6000.4/Documentation/ScriptReference/Windows.WebCam.VideoCapture.StopRecordingAsync.html,unity_docs_incremental_260527_002,1,E:/系统/桌面/工作区/本学期/大三下/IT项目管理/大作业/Data/KnowledgeBase/processed_clean/dify_import/unity_docs_chunk_0381385b595e5693.md,572,2026-05-27T13:13:29.134285+00:00
chunk_880c20aa0919edbf,unity_fa928237b08114d6,unity_docs,official_documentation,ScriptReference,,VideoCapture .StopVideoModeAsync,https://docs.unity3d.com/6000.4/Documentation/ScriptReference/Windows.WebCam.VideoCapture.StopVideoModeAsync.html,unity_docs_incremental_260527_002,1,E:/系统/桌面/工作区/本学期/大三下/IT项目管理/大作业/Data/KnowledgeBase/processed_clean/dify_import/unity_docs_chunk_880c20aa0919edbf.md,530,2026-05-27T13:13:29.135657+00:00
chunk_7d0414dc8f0d3461,unity_e9ce6d1f05b0e961,unity_docs,official_documentation,ScriptReference,,VideoCapture .OnStartedRecordingVideoCallback,https://docs.unity3d.com/6000.4/Documentation/ScriptReference/Windows.WebCam.VideoCapture.OnStartedRecordingVideoCallback.html,unity_docs_incremental_260527_002,1,E:/系统/桌面/工作区/本学期/大三下/IT项目管理/大作业/Data/KnowledgeBase/processed_clean/dify_import/unity_docs_chunk_7d0414dc8f0d3461.md,560,2026-05-27T13:13:29.136936+00:00
chunk_168057c650e8cee3,unity_e8c1c5d2ff1b55aa,unity_docs,official_documentation,ScriptReference,,VideoCapture .OnStoppedRecordingVideoCallback,https://docs.unity3d.com/6000.4/Documentation/ScriptReference/Windows.WebCam.VideoCapture.OnStoppedRecordingVideoCallback.html,unity_docs_incremental_260527_002,1,E:/系统/桌面/工作区/本学期/大三下/IT项目管理/大作业/Data/KnowledgeBase/processed_clean/dify_import/unity_docs_chunk_168057c650e8cee3.md,593,2026-05-27T13:13:29.138497+00:00
chunk_28ff9c955c9174e1,unity_bf4933573ab4e79f,unity_docs,official_documentation,ScriptReference,,VideoCapture .OnVideoCaptureResourceCreatedCallback,https://docs.unity3d.com/6000.4/Documentation/ScriptReference/Windows.WebCam.VideoCapture.OnVideoCaptureResourceCreatedCallback.html,unity_docs_incremental_260527_002,1,E:/系统/桌面/工作区/本学期/大三下/IT项目管理/大作业/Data/KnowledgeBase/processed_clean/dify_import/unity_docs_chunk_28ff9c955c9174e1.md,630,2026-05-27T13:13:29.139766+00:00
chunk_068a45f42b58d341,unity_b5cfb08e1ca98777,unity_docs,official_documentation,ScriptReference,,VideoCapture .OnVideoModeStartedCallback,https://docs.unity3d.com/6000.4/Documentation/ScriptReference/Windows.WebCam.VideoCapture.OnVideoModeStartedCallback.html,unity_docs_incremental_260527_002,1,E:/系统/桌面/工作区/本学期/大三下/IT项目管理/大作业/Data/KnowledgeBase/processed_clean/dify_import/unity_docs_chunk_068a45f42b58d341.md,527,2026-05-27T13:13:29.141155+00:00
chunk_345e271530e41769,unity_c8ff02b8d56bedc9,unity_docs,official_documentation,ScriptReference,,VideoCapture .OnVideoModeStoppedCallback,https://docs.unity3d.com/6000.4/Documentation/ScriptReference/Windows.WebCam.VideoCapture.OnVideoModeStoppedCallback.html,unity_docs_incremental_260527_002,1,E:/系统/桌面/工作区/本学期/大三下/IT项目管理/大作业/Data/KnowledgeBase/processed_clean/dify_import/unity_docs_chunk_345e271530e41769.md,529,2026-05-27T13:13:29.142306+00:00
chunk_ac4062120d6813b7,unity_0e07388e74239b63,unity_docs,official_documentation,ScriptReference,,Focusable,https://docs.unity3d.com/6000.4/Documentation/ScriptReference/UIElements.Focusable.html,unity_docs_incremental_260527_002,1,E:/系统/桌面/工作区/本学期/大三下/IT项目管理/大作业/Data/KnowledgeBase/processed_clean/dify_import/unity_docs_chunk_ac4062120d6813b7.md,1765,2026-05-27T13:13:29.143895+00:00
chunk_ba7a3640ab742aef,unity_0e07388e74239b63,unity_docs,official_documentation,ScriptReference,,Focusable,https://docs.unity3d.com/6000.4/Documentation/ScriptReference/UIElements.Focusable.html,unity_docs_incremental_260527_002,2,E:/系统/桌面/工作区/本学期/大三下/IT项目管理/大作业/Data/KnowledgeBase/processed_clean/dify_import/unity_docs_chunk_ba7a3640ab742aef.md,1657,2026-05-27T13:13:29.144578+00:00
chunk_e158102746a2a3a9,unity_5b859df6ad230b56,unity_docs,official_documentation,ScriptReference,,IExperimentalFeatures,https://docs.unity3d.com/6000.4/Documentation/ScriptReference/UIElements.IExperimentalFeatures.html,unity_docs_incremental_260527_002,1,E:/系统/桌面/工作区/本学期/大三下/IT项目管理/大作业/Data/KnowledgeBase/processed_clean/dify_import/unity_docs_chunk_e158102746a2a3a9.md,397,2026-05-27T13:13:29.145957+00:00
chunk_4e0e6e066ca1faa1,unity_dd9f46f23be48d89,unity_docs,official_documentation,ScriptReference,,IResolvedStyle,https://docs.unity3d.com/6000.4/Documentation/ScriptReference/UIElements.IResolvedStyle.html,unity_docs_incremental_260527_002,1,E:/系统/桌面/工作区/本学期/大三下/IT项目管理/大作业/Data/KnowledgeBase/processed_clean/dify_import/unity_docs_chunk_4e0e6e066ca1faa1.md,1788,2026-05-27T13:13:29.147591+00:00
chunk_6f16dedec37b70b9,unity_dd9f46f23be48d89,unity_docs,official_documentation,ScriptReference,,IResolvedStyle,https://docs.unity3d.com/6000.4/Documentation/ScriptReference/UIElements.IResolvedStyle.html,unity_docs_incremental_260527_002,2,E:/系统/桌面/工作区/本学期/大三下/IT项目管理/大作业/Data/KnowledgeBase/processed_clean/dify_import/unity_docs_chunk_6f16dedec37b70b9.md,1735,2026-05-27T13:13:29.148624+00:00
chunk_4ce6a4488d55eb1b,unity_dd9f46f23be48d89,unity_docs,official_documentation,ScriptReference,,IResolvedStyle,https://docs.unity3d.com/6000.4/Documentation/ScriptReference/UIElements.IResolvedStyle.html,unity_docs_incremental_260527_002,3,E:/系统/桌面/工作区/本学期/大三下/IT项目管理/大作业/Data/KnowledgeBase/processed_clean/dify_import/unity_docs_chunk_4ce6a4488d55eb1b.md,1796,2026-05-27T13:13:29.149504+00:00
chunk_d634131e5a1320b7,unity_dd9f46f23be48d89,unity_docs,official_documentation,ScriptReference,,IResolvedStyle,https://docs.unity3d.com/6000.4/Documentation/ScriptReference/UIElements.IResolvedStyle.html,unity_docs_incremental_260527_002,4,E:/系统/桌面/工作区/本学期/大三下/IT项目管理/大作业/Data/KnowledgeBase/processed_clean/dify_import/unity_docs_chunk_d634131e5a1320b7.md,1714,2026-05-27T13:13:29.150114+00:00
chunk_6402acac0b743994,unity_955766c0fc333850,unity_docs,official_documentation,ScriptReference,,ITransform,https://docs.unity3d.com/6000.4/Documentation/ScriptReference/UIElements.ITransform.html,unity_docs_incremental_260527_002,1,E:/系统/桌面/工作区/本学期/大三下/IT项目管理/大作业/Data/KnowledgeBase/processed_clean/dify_import/unity_docs_chunk_6402acac0b743994.md,605,2026-05-27T13:13:29.151169+00:00
chunk_bbcbe08bd814764f,unity_2869c8ed03bf104f,unity_docs,official_documentation,ScriptReference,,ITransitionAnimations,https://docs.unity3d.com/6000.4/Documentation/ScriptReference/UIElements.Experimental.ITransitionAnimations.html,unity_docs_incremental_260527_002,1,E:/系统/桌面/工作区/本学期/大三下/IT项目管理/大作业/Data/KnowledgeBase/processed_clean/dify_import/unity_docs_chunk_bbcbe08bd814764f.md,1011,2026-05-27T13:13:29.152551+00:00
chunk_0e2c19ac0ab8eb19,unity_6357e382f2dec338,unity_docs,official_documentation,ScriptReference,,IVisualElementScheduler,https://docs.unity3d.com/6000.4/Documentation/ScriptReference/UIElements.IVisualElementScheduler.html,unity_docs_incremental_260527_002,1,E:/系统/桌面/工作区/本学期/大三下/IT项目管理/大作业/Data/KnowledgeBase/processed_clean/dify_import/unity_docs_chunk_0e2c19ac0ab8eb19.md,1790,2026-05-27T13:13:29.154259+00:00
chunk_7f181867d5f2e5fa,unity_6357e382f2dec338,unity_docs,official_documentation,ScriptReference,,IVisualElementScheduler,https://docs.unity3d.com/6000.4/Documentation/ScriptReference/UIElements.IVisualElementScheduler.html,unity_docs_incremental_260527_002,2,E:/系统/桌面/工作区/本学期/大三下/IT项目管理/大作业/Data/KnowledgeBase/processed_clean/dify_import/unity_docs_chunk_7f181867d5f2e5fa.md,772,2026-05-27T13:13:29.155125+00:00
chunk_b54a15e1e1e7fc80,unity_b980ad82b510f249,unity_docs,official_documentation,Manual,,Create a custom control with two attributes,https://docs.unity3d.com/6000.4/Documentation/Manual/UIB-structuring-ui-custom-elements.html,unity_docs_incremental_260527_002,1,E:/系统/桌面/工作区/本学期/大三下/IT项目管理/大作业/Data/KnowledgeBase/processed_clean/dify_import/unity_docs_chunk_b54a15e1e1e7fc80.md,1799,2026-05-27T13:13:29.156931+00:00
chunk_c96b23ea653aec6e,unity_b980ad82b510f249,unity_docs,official_documentation,Manual,,Create a custom control with two attributes,https://docs.unity3d.com/6000.4/Documentation/Manual/UIB-structuring-ui-custom-elements.html,unity_docs_incremental_260527_002,2,E:/系统/桌面/工作区/本学期/大三下/IT项目管理/大作业/Data/KnowledgeBase/processed_clean/dify_import/unity_docs_chunk_c96b23ea653aec6e.md,953,2026-05-27T13:13:29.157797+00:00
chunk_42ac699da47c10c7,unity_ca9f57567c4a256e,unity_docs,official_documentation,ScriptReference,,VisualElementExtensions,https://docs.unity3d.com/6000.4/Documentation/ScriptReference/UIElements.VisualElementExtensions.html,unity_docs_incremental_260527_002,1,E:/系统/桌面/工作区/本学期/大三下/IT项目管理/大作业/Data/KnowledgeBase/processed_clean/dify_import/unity_docs_chunk_42ac699da47c10c7.md,1052,2026-05-27T13:13:29.158905+00:00
chunk_36b11f29009cbcb9,unity_439fab2d94f73c2c,unity_docs,official_documentation,ScriptReference,,UQueryExtensions,https://docs.unity3d.com/6000.4/Documentation/ScriptReference/UIElements.UQueryExtensions.html,unity_docs_incremental_260527_002,1,E:/系统/桌面/工作区/本学期/大三下/IT项目管理/大作业/Data/KnowledgeBase/processed_clean/dify_import/unity_docs_chunk_36b11f29009cbcb9.md,613,2026-05-27T13:13:29.160043+00:00
chunk_e9536f04fe471642,unity_c6fe9a15be82b37f,unity_docs,official_documentation,ScriptReference,,VisualElement .disabledUssClassName,https://docs.unity3d.com/6000.4/Documentation/ScriptReference/UIElements.VisualElement-disabledUssClassName.html,unity_docs_incremental_260527_002,1,E:/系统/桌面/工作区/本学期/大三下/IT项目管理/大作业/Data/KnowledgeBase/processed_clean/dify_import/unity_docs_chunk_e9536f04fe471642.md,350,2026-05-27T13:13:29.161157+00:00
chunk_49b6ac4886aaa248,unity_d135d3c7180ff6c1,unity_docs,official_documentation,ScriptReference,,VisualElement .childCount,https://docs.unity3d.com/6000.4/Documentation/ScriptReference/UIElements.VisualElement-childCount.html,unity_docs_incremental_260527_002,1,E:/系统/桌面/工作区/本学期/大三下/IT项目管理/大作业/Data/KnowledgeBase/processed_clean/dify_import/unity_docs_chunk_49b6ac4886aaa248.md,317,2026-05-27T13:13:29.162515+00:00
chunk_4eefa898ad1ef9d9,unity_2a1896435125e5f2,unity_docs,official_documentation,ScriptReference,,VisualElement .contentContainer,https://docs.unity3d.com/6000.4/Documentation/ScriptReference/UIElements.VisualElement-contentContainer.html,unity_docs_incremental_260527_002,1,E:/系统/桌面/工作区/本学期/大三下/IT项目管理/大作业/Data/KnowledgeBase/processed_clean/dify_import/unity_docs_chunk_4eefa898ad1ef9d9.md,1796,2026-05-27T13:13:29.163500+00:00
chunk_8de9de9a198d51cd,unity_36d54844068abe83,unity_docs,official_documentation,ScriptReference,,VisualElement .contentRect,https://docs.unity3d.com/6000.4/Documentation/ScriptReference/UIElements.VisualElement-contentRect.html,unity_docs_incremental_260527_002,1,E:/系统/桌面/工作区/本学期/大三下/IT项目管理/大作业/Data/KnowledgeBase/processed_clean/dify_import/unity_docs_chunk_8de9de9a198d51cd.md,519,2026-05-27T13:13:29.164430+00:00
chunk_14bbfbf0bb23a95a,unity_6323cdbfb98c7e4b,unity_docs,official_documentation,ScriptReference,,VisualElement .customStyle,https://docs.unity3d.com/6000.4/Documentation/ScriptReference/UIElements.VisualElement-customStyle.html,unity_docs_incremental_260527_002,1,E:/系统/桌面/工作区/本学期/大三下/IT项目管理/大作业/Data/KnowledgeBase/processed_clean/dify_import/unity_docs_chunk_14bbfbf0bb23a95a.md,765,2026-05-27T13:13:29.165534+00:00
chunk_4f56a820257a7406,unity_3eb401d0b30ded9b,unity_docs,official_documentation,ScriptReference,,VisualElement .dataSource,https://docs.unity3d.com/6000.4/Documentation/ScriptReference/UIElements.VisualElement-dataSource.html,unity_docs_incremental_260527_002,1,E:/系统/桌面/工作区/本学期/大三下/IT项目管理/大作业/Data/KnowledgeBase/processed_clean/dify_import/unity_docs_chunk_4f56a820257a7406.md,395,2026-05-27T13:13:29.166956+00:00
chunk_e938f20fa70d63c0,unity_d149202973327a41,unity_docs,official_documentation,ScriptReference,,VisualElement .dataSourceType,https://docs.unity3d.com/6000.4/Documentation/ScriptReference/UIElements.VisualElement-dataSourceType.html,unity_docs_incremental_260527_002,1,E:/系统/桌面/工作区/本学期/大三下/IT项目管理/大作业/Data/KnowledgeBase/processed_clean/dify_import/unity_docs_chunk_e938f20fa70d63c0.md,524,2026-05-27T13:13:29.167920+00:00
chunk_138be5731a4d49dc,unity_c15486f6beef72c4,unity_docs,official_documentation,ScriptReference,,VisualElement .disablePlayModeTint,https://docs.unity3d.com/6000.4/Documentation/ScriptReference/UIElements.VisualElement-disablePlayModeTint.html,unity_docs_incremental_260527_002,1,E:/系统/桌面/工作区/本学期/大三下/IT项目管理/大作业/Data/KnowledgeBase/processed_clean/dify_import/unity_docs_chunk_138be5731a4d49dc.md,466,2026-05-27T13:13:29.169363+00:00
chunk_8b5f4168323168b9,unity_b867008b227bbb89,unity_docs,official_documentation,ScriptReference,,VisualElement .enabledInHierarchy,https://docs.unity3d.com/6000.4/Documentation/ScriptReference/UIElements.VisualElement-enabledInHierarchy.html,unity_docs_incremental_260527_002,1,E:/系统/桌面/工作区/本学期/大三下/IT项目管理/大作业/Data/KnowledgeBase/processed_clean/dify_import/unity_docs_chunk_8b5f4168323168b9.md,481,2026-05-27T13:13:29.171001+00:00
chunk_c2fe83685ff16646,unity_7d07910118573f9d,unity_docs,official_documentation,ScriptReference,,VisualElement .enabledSelf,https://docs.unity3d.com/6000.4/Documentation/ScriptReference/UIElements.VisualElement-enabledSelf.html,unity_docs_incremental_260527_002,1,E:/系统/桌面/工作区/本学期/大三下/IT项目管理/大作业/Data/KnowledgeBase/processed_clean/dify_import/unity_docs_chunk_c2fe83685ff16646.md,450,2026-05-27T13:13:29.172342+00:00
chunk_55f1d2b18dedf918,unity_8ed339100e751435,unity_docs,official_documentation,ScriptReference,,VisualElement .experimental,https://docs.unity3d.com/6000.4/Documentation/ScriptReference/UIElements.VisualElement-experimental.html,unity_docs_incremental_260527_002,1,E:/系统/桌面/工作区/本学期/大三下/IT项目管理/大作业/Data/KnowledgeBase/processed_clean/dify_import/unity_docs_chunk_55f1d2b18dedf918.md,332,2026-05-27T13:13:29.173157+00:00
chunk_20ca3d0282f8b8b8,unity_9d9f64af3e5b5d91,unity_docs,official_documentation,ScriptReference,,VisualElement .generateVisualContent,https://docs.unity3d.com/6000.4/Documentation/ScriptReference/UIElements.VisualElement-generateVisualContent.html,unity_docs_incremental_260527_002,1,E:/系统/桌面/工作区/本学期/大三下/IT项目管理/大作业/Data/KnowledgeBase/processed_clean/dify_import/unity_docs_chunk_20ca3d0282f8b8b8.md,1265,2026-05-27T13:13:29.174085+00:00
chunk_caf12a4ddfc1735f,unity_198dd1b4795593c3,unity_docs,official_documentation,ScriptReference,,VisualElement .hasActivePseudoState,https://docs.unity3d.com/6000.4/Documentation/ScriptReference/UIElements.VisualElement-hasActivePseudoState.html,unity_docs_incremental_260527_002,1,E:/系统/桌面/工作区/本学期/大三下/IT项目管理/大作业/Data/KnowledgeBase/processed_clean/dify_import/unity_docs_chunk_caf12a4ddfc1735f.md,453,2026-05-27T13:13:29.175138+00:00
chunk_57fbea3709f56e15,unity_9d423f3aacdef6c3,unity_docs,official_documentation,ScriptReference,,VisualElement .hasCheckedPseudoState,https://docs.unity3d.com/6000.4/Documentation/ScriptReference/UIElements.VisualElement-hasCheckedPseudoState.html,unity_docs_incremental_260527_002,1,E:/系统/桌面/工作区/本学期/大三下/IT项目管理/大作业/Data/KnowledgeBase/processed_clean/dify_import/unity_docs_chunk_57fbea3709f56e15.md,458,2026-05-27T13:13:29.176511+00:00
chunk_4a4a87fb76fb4020,unity_fd6b0f0827a9555a,unity_docs,official_documentation,ScriptReference,,VisualElement .hasDisabledPseudoState,https://docs.unity3d.com/6000.4/Documentation/ScriptReference/UIElements.VisualElement-hasDisabledPseudoState.html,unity_docs_incremental_260527_002,1,E:/系统/桌面/工作区/本学期/大三下/IT项目管理/大作业/Data/KnowledgeBase/processed_clean/dify_import/unity_docs_chunk_4a4a87fb76fb4020.md,463,2026-05-27T13:13:29.177528+00:00
chunk_57de8c5a03cd5500,unity_8bbb08cebd0c56da,unity_docs,official_documentation,ScriptReference,,VisualElement .hasEnabledPseudoState,https://docs.unity3d.com/6000.4/Documentation/ScriptReference/UIElements.VisualElement-hasEnabledPseudoState.html,unity_docs_incremental_260527_002,1,E:/系统/桌面/工作区/本学期/大三下/IT项目管理/大作业/Data/KnowledgeBase/processed_clean/dify_import/unity_docs_chunk_57de8c5a03cd5500.md,368,2026-05-27T13:13:29.178657+00:00
chunk_1a1d15157ddaac20,unity_eada352aaa41e2fc,unity_docs,official_documentation,ScriptReference,,VisualElement .hasFocusPseudoState,https://docs.unity3d.com/6000.4/Documentation/ScriptReference/UIElements.VisualElement-hasFocusPseudoState.html,unity_docs_incremental_260527_002,1,E:/系统/桌面/工作区/本学期/大三下/IT项目管理/大作业/Data/KnowledgeBase/processed_clean/dify_import/unity_docs_chunk_1a1d15157ddaac20.md,448,2026-05-27T13:13:29.179779+00:00
chunk_1916e1367f321d1e,unity_0fed0d3941daa515,unity_docs,official_documentation,ScriptReference,,VisualElement .hasHoverPseudoState,https://docs.unity3d.com/6000.4/Documentation/ScriptReference/UIElements.VisualElement-hasHoverPseudoState.html,unity_docs_incremental_260527_002,1,E:/系统/桌面/工作区/本学期/大三下/IT项目管理/大作业/Data/KnowledgeBase/processed_clean/dify_import/unity_docs_chunk_1916e1367f321d1e.md,448,2026-05-27T13:13:29.180969+00:00
chunk_97b4e7d76120a7fb,unity_94622f22a7b4664a,unity_docs,official_documentation,ScriptReference,,VisualElement .hasInactivePseudoState,https://docs.unity3d.com/6000.4/Documentation/ScriptReference/UIElements.VisualElement-hasInactivePseudoState.html,unity_docs_incremental_260527_002,1,E:/系统/桌面/工作区/本学期/大三下/IT项目管理/大作业/Data/KnowledgeBase/processed_clean/dify_import/unity_docs_chunk_97b4e7d76120a7fb.md,373,2026-05-27T13:13:29.182024+00:00
chunk_2fa89eba5689b1d1,unity_9f7fd245efabe099,unity_docs,official_documentation,ScriptReference,,VisualElement .hasRootPseudoState,https://docs.unity3d.com/6000.4/Documentation/ScriptReference/UIElements.VisualElement-hasRootPseudoState.html,unity_docs_incremental_260527_002,1,E:/系统/桌面/工作区/本学期/大三下/IT项目管理/大作业/Data/KnowledgeBase/processed_clean/dify_import/unity_docs_chunk_2fa89eba5689b1d1.md,353,2026-05-27T13:13:29.183159+00:00
chunk_e7ca76d14f4f9869,unity_d194a94567b508fa,unity_docs,official_documentation,ScriptReference,,VisualElement .languageDirection,https://docs.unity3d.com/6000.4/Documentation/ScriptReference/UIElements.VisualElement-languageDirection.html,unity_docs_incremental_260527_002,1,E:/系统/桌面/工作区/本学期/大三下/IT项目管理/大作业/Data/KnowledgeBase/processed_clean/dify_import/unity_docs_chunk_e7ca76d14f4f9869.md,636,2026-05-27T13:13:29.184164+00:00
chunk_23b4e85ebcd1ced3,unity_8869b0d405f81eca,unity_docs,official_documentation,ScriptReference,,VisualElement .layout,https://docs.unity3d.com/6000.4/Documentation/ScriptReference/UIElements.VisualElement-layout.html,unity_docs_incremental_260527_002,1,E:/系统/桌面/工作区/本学期/大三下/IT项目管理/大作业/Data/KnowledgeBase/processed_clean/dify_import/unity_docs_chunk_23b4e85ebcd1ced3.md,566,2026-05-27T13:13:29.185737+00:00
chunk_ac1fb73362883651,unity_39b5a1cd8e4bf0fa,unity_docs,official_documentation,ScriptReference,,VisualElement .localBound,https://docs.unity3d.com/6000.4/Documentation/ScriptReference/UIElements.VisualElement-localBound.html,unity_docs_incremental_260527_002,1,E:/系统/桌面/工作区/本学期/大三下/IT项目管理/大作业/Data/KnowledgeBase/processed_clean/dify_import/unity_docs_chunk_ac1fb73362883651.md,400,2026-05-27T13:13:29.187081+00:00
chunk_ca61a71816740b6b,unity_8cfbe65591858c6e,unity_docs,official_documentation,ScriptReference,,VisualElement .name,https://docs.unity3d.com/6000.4/Documentation/ScriptReference/UIElements.VisualElement-name.html,unity_docs_incremental_260527_002,1,E:/系统/桌面/工作区/本学期/大三下/IT项目管理/大作业/Data/KnowledgeBase/processed_clean/dify_import/unity_docs_chunk_ca61a71816740b6b.md,402,2026-05-27T13:13:29.188401+00:00
chunk_619ce68c9bdd8c1f,unity_f79b90fbb2c83582,unity_docs,official_documentation,ScriptReference,,VisualElement .paddingRect,https://docs.unity3d.com/6000.4/Documentation/ScriptReference/UIElements.VisualElement-paddingRect.html,unity_docs_incremental_260527_002,1,E:/系统/桌面/工作区/本学期/大三下/IT项目管理/大作业/Data/KnowledgeBase/processed_clean/dify_import/unity_docs_chunk_619ce68c9bdd8c1f.md,521,2026-05-27T13:13:29.189835+00:00
chunk_f6f4d45790d020b2,unity_a68242dedf430884,unity_docs,official_documentation,ScriptReference,,VisualElement .parent,https://docs.unity3d.com/6000.4/Documentation/ScriptReference/UIElements.VisualElement-parent.html,unity_docs_incremental_260527_002,1,E:/系统/桌面/工作区/本学期/大三下/IT项目管理/大作业/Data/KnowledgeBase/processed_clean/dify_import/unity_docs_chunk_f6f4d45790d020b2.md,634,2026-05-27T13:13:29.191157+00:00
chunk_156546c841563e07,unity_f6f879d8f40efda2,unity_docs,official_documentation,ScriptReference,,VisualElement .pickingMode,https://docs.unity3d.com/6000.4/Documentation/ScriptReference/UIElements.VisualElement-pickingMode.html,unity_docs_incremental_260527_002,1,E:/系统/桌面/工作区/本学期/大三下/IT项目管理/大作业/Data/KnowledgeBase/processed_clean/dify_import/unity_docs_chunk_156546c841563e07.md,631,2026-05-27T13:13:29.192184+00:00
chunk_1a0930b4e99f216b,unity_45e07492161a5628,unity_docs,official_documentation,ScriptReference,,VisualElement .resolvedStyle,https://docs.unity3d.com/6000.4/Documentation/ScriptReference/UIElements.VisualElement-resolvedStyle.html,unity_docs_incremental_260527_002,1,E:/系统/桌面/工作区/本学期/大三下/IT项目管理/大作业/Data/KnowledgeBase/processed_clean/dify_import/unity_docs_chunk_1a0930b4e99f216b.md,1800,2026-05-27T13:13:29.193293+00:00
chunk_4e30aa88834bd2aa,unity_563677a0819dbeb4,unity_docs,official_documentation,ScriptReference,,VisualElement .scaledPixelsPerPoint,https://docs.unity3d.com/6000.4/Documentation/ScriptReference/UIElements.VisualElement-scaledPixelsPerPoint.html,unity_docs_incremental_260527_002,1,E:/系统/桌面/工作区/本学期/大三下/IT项目管理/大作业/Data/KnowledgeBase/processed_clean/dify_import/unity_docs_chunk_4e30aa88834bd2aa.md,571,2026-05-27T13:13:29.194424+00:00
chunk_2a7676e9f80d2d31,unity_fe1e41d0e82b1b9f,unity_docs,official_documentation,ScriptReference,,VisualElement .schedule,https://docs.unity3d.com/6000.4/Documentation/ScriptReference/UIElements.VisualElement-schedule.html,unity_docs_incremental_260527_002,1,E:/系统/桌面/工作区/本学期/大三下/IT项目管理/大作业/Data/KnowledgeBase/processed_clean/dify_import/unity_docs_chunk_2a7676e9f80d2d31.md,371,2026-05-27T13:13:29.195732+00:00
chunk_a736d74e6f1f70d9,unity_ab164272378bc981,unity_docs,official_documentation,ScriptReference,,VisualElement .style,https://docs.unity3d.com/6000.4/Documentation/ScriptReference/UIElements.VisualElement-style.html,unity_docs_incremental_260527_002,1,E:/系统/桌面/工作区/本学期/大三下/IT项目管理/大作业/Data/KnowledgeBase/processed_clean/dify_import/unity_docs_chunk_a736d74e6f1f70d9.md,929,2026-05-27T13:13:29.197158+00:00
chunk_e204b8a026137d86,unity_4af53587d90383c5,unity_docs,official_documentation,ScriptReference,,VisualElement .styleSheets,https://docs.unity3d.com/6000.4/Documentation/ScriptReference/UIElements.VisualElement-styleSheets.html,unity_docs_incremental_260527_002,1,E:/系统/桌面/工作区/本学期/大三下/IT项目管理/大作业/Data/KnowledgeBase/processed_clean/dify_import/unity_docs_chunk_e204b8a026137d86.md,380,2026-05-27T13:13:29.198154+00:00
chunk_4021c6d129909811,unity_4fcbae87d736d172,unity_docs,official_documentation,ScriptReference,,VisualElement .this[int],https://docs.unity3d.com/6000.4/Documentation/ScriptReference/UIElements.VisualElement.Index_operator.html,unity_docs_incremental_260527_002,1,E:/系统/桌面/工作区/本学期/大三下/IT项目管理/大作业/Data/KnowledgeBase/processed_clean/dify_import/unity_docs_chunk_4021c6d129909811.md,386,2026-05-27T13:13:29.199185+00:00
chunk_d0822aa97529f822,unity_d444780f5052e163,unity_docs,official_documentation,ScriptReference,,VisualElement .tooltip,https://docs.unity3d.com/6000.4/Documentation/ScriptReference/UIElements.VisualElement-tooltip.html,unity_docs_incremental_260527_002,1,E:/系统/桌面/工作区/本学期/大三下/IT项目管理/大作业/Data/KnowledgeBase/processed_clean/dify_import/unity_docs_chunk_d0822aa97529f822.md,393,2026-05-27T13:13:29.200424+00:00
chunk_3bc09f54920bedfb,unity_510c34e501a5b9c5,unity_docs,official_documentation,ScriptReference,,VisualElement .usageHints,https://docs.unity3d.com/6000.4/Documentation/ScriptReference/UIElements.VisualElement-usageHints.html,unity_docs_incremental_260527_002,1,E:/系统/桌面/工作区/本学期/大三下/IT项目管理/大作业/Data/KnowledgeBase/processed_clean/dify_import/unity_docs_chunk_3bc09f54920bedfb.md,1113,2026-05-27T13:13:29.201608+00:00
chunk_4625f5019b2677de,unity_420f32bac7e53d6d,unity_docs,official_documentation,ScriptReference,,VisualElement .userData,https://docs.unity3d.com/6000.4/Documentation/ScriptReference/UIElements.VisualElement-userData.html,unity_docs_incremental_260527_002,1,E:/系统/桌面/工作区/本学期/大三下/IT项目管理/大作业/Data/KnowledgeBase/processed_clean/dify_import/unity_docs_chunk_4625f5019b2677de.md,347,2026-05-27T13:13:29.202358+00:00
chunk_b8aae715727569e7,unity_3f01880af6289a9d,unity_docs,official_documentation,ScriptReference,,VisualElement .viewDataKey,https://docs.unity3d.com/6000.4/Documentation/ScriptReference/UIElements.VisualElement-viewDataKey.html,unity_docs_incremental_260527_002,1,E:/系统/桌面/工作区/本学期/大三下/IT项目管理/大作业/Data/KnowledgeBase/processed_clean/dify_import/unity_docs_chunk_b8aae715727569e7.md,603,2026-05-27T13:13:29.203610+00:00
chunk_555aae7583606a7f,unity_dd186004b81659d8,unity_docs,official_documentation,ScriptReference,,VisualElement .visible,https://docs.unity3d.com/6000.4/Documentation/ScriptReference/UIElements.VisualElement-visible.html,unity_docs_incremental_260527_002,1,E:/系统/桌面/工作区/本学期/大三下/IT项目管理/大作业/Data/KnowledgeBase/processed_clean/dify_import/unity_docs_chunk_555aae7583606a7f.md,687,2026-05-27T13:13:29.204763+00:00
chunk_024b7d6cad88c908,unity_2f385bbb188bf807,unity_docs,official_documentation,ScriptReference,,VisualElement .visualTreeAssetSource,https://docs.unity3d.com/6000.4/Documentation/ScriptReference/UIElements.VisualElement-visualTreeAssetSource.html,unity_docs_incremental_260527_002,1,E:/系统/桌面/工作区/本学期/大三下/IT项目管理/大作业/Data/KnowledgeBase/processed_clean/dify_import/unity_docs_chunk_024b7d6cad88c908.md,401,2026-05-27T13:13:29.205787+00:00
chunk_d0717a51572703d3,unity_ebbc33d6ef8fd21d,unity_docs,official_documentation,ScriptReference,,VisualElement .worldBound,https://docs.unity3d.com/6000.4/Documentation/ScriptReference/UIElements.VisualElement-worldBound.html,unity_docs_incremental_260527_002,1,E:/系统/桌面/工作区/本学期/大三下/IT项目管理/大作业/Data/KnowledgeBase/processed_clean/dify_import/unity_docs_chunk_d0717a51572703d3.md,388,2026-05-27T13:13:29.206761+00:00
chunk_f31bff8d5686a055,unity_b0f42c24ed1d4b7a,unity_docs,official_documentation,ScriptReference,,VisualElement .worldTransform,https://docs.unity3d.com/6000.4/Documentation/ScriptReference/UIElements.VisualElement-worldTransform.html,unity_docs_incremental_260527_002,1,E:/系统/桌面/工作区/本学期/大三下/IT项目管理/大作业/Data/KnowledgeBase/processed_clean/dify_import/unity_docs_chunk_f31bff8d5686a055.md,630,2026-05-27T13:13:29.207951+00:00
chunk_7f36e0f2da4e60e1,unity_599da55b12970359,unity_docs,official_documentation,ScriptReference,,VisualElement Constructor,https://docs.unity3d.com/6000.4/Documentation/ScriptReference/UIElements.VisualElement-ctor.html,unity_docs_incremental_260527_002,1,E:/系统/桌面/工作区/本学期/大三下/IT项目管理/大作业/Data/KnowledgeBase/processed_clean/dify_import/unity_docs_chunk_7f36e0f2da4e60e1.md,318,2026-05-27T13:13:29.209071+00:00
chunk_1f1fc0d3028d83ab,unity_cd022908ca54746c,unity_docs,official_documentation,ScriptReference,,VisualElement .Add,https://docs.unity3d.com/6000.4/Documentation/ScriptReference/UIElements.VisualElement.Add.html,unity_docs_incremental_260527_002,1,E:/系统/桌面/工作区/本学期/大三下/IT项目管理/大作业/Data/KnowledgeBase/processed_clean/dify_import/unity_docs_chunk_1f1fc0d3028d83ab.md,1186,2026-05-27T13:13:29.210375+00:00
chunk_6a9e0f8224b34cc0,unity_2914d7e0330dddee,unity_docs,official_documentation,ScriptReference,,VisualElement .AddToClassList,https://docs.unity3d.com/6000.4/Documentation/ScriptReference/UIElements.VisualElement.AddToClassList.html,unity_docs_incremental_260527_002,1,E:/系统/桌面/工作区/本学期/大三下/IT项目管理/大作业/Data/KnowledgeBase/processed_clean/dify_import/unity_docs_chunk_6a9e0f8224b34cc0.md,519,2026-05-27T13:13:29.211373+00:00
chunk_35bd8a3e15f77bd3,unity_f392148daf53221d,unity_docs,official_documentation,ScriptReference,,VisualElement .BringToFront,https://docs.unity3d.com/6000.4/Documentation/ScriptReference/UIElements.VisualElement.BringToFront.html,unity_docs_incremental_260527_002,1,E:/系统/桌面/工作区/本学期/大三下/IT项目管理/大作业/Data/KnowledgeBase/processed_clean/dify_import/unity_docs_chunk_35bd8a3e15f77bd3.md,416,2026-05-27T13:13:29.212327+00:00
chunk_55db33489ac13efd,unity_b28c7ac5dadb2ca5,unity_docs,official_documentation,ScriptReference,,VisualElement .Children,https://docs.unity3d.com/6000.4/Documentation/ScriptReference/UIElements.VisualElement.Children.html,unity_docs_incremental_260527_002,1,E:/系统/桌面/工作区/本学期/大三下/IT项目管理/大作业/Data/KnowledgeBase/processed_clean/dify_import/unity_docs_chunk_55db33489ac13efd.md,793,2026-05-27T13:13:29.213699+00:00
chunk_d3f5528816d567a1,unity_83f216c9c3472954,unity_docs,official_documentation,ScriptReference,,VisualElement .ClassListContains,https://docs.unity3d.com/6000.4/Documentation/ScriptReference/UIElements.VisualElement.ClassListContains.html,unity_docs_incremental_260527_002,1,E:/系统/桌面/工作区/本学期/大三下/IT项目管理/大作业/Data/KnowledgeBase/processed_clean/dify_import/unity_docs_chunk_d3f5528816d567a1.md,545,2026-05-27T13:13:29.214892+00:00
chunk_f11f90c8fce95084,unity_77da2c076d14b2fc,unity_docs,official_documentation,ScriptReference,,VisualElement .Clear,https://docs.unity3d.com/6000.4/Documentation/ScriptReference/UIElements.VisualElement.Clear.html,unity_docs_incremental_260527_002,1,E:/系统/桌面/工作区/本学期/大三下/IT项目管理/大作业/Data/KnowledgeBase/processed_clean/dify_import/unity_docs_chunk_f11f90c8fce95084.md,316,2026-05-27T13:13:29.215935+00:00
chunk_98a574998847bc31,unity_770a3c025fefa920,unity_docs,official_documentation,ScriptReference,,VisualElement .ClearBinding,https://docs.unity3d.com/6000.4/Documentation/ScriptReference/UIElements.VisualElement.ClearBinding.html,unity_docs_incremental_260527_002,1,E:/系统/桌面/工作区/本学期/大三下/IT项目管理/大作业/Data/KnowledgeBase/processed_clean/dify_import/unity_docs_chunk_98a574998847bc31.md,503,2026-05-27T13:13:29.217804+00:00
chunk_9b589fbb12f4c8dc,unity_40c0bdf62a249535,unity_docs,official_documentation,ScriptReference,,VisualElement .ClearBindings,https://docs.unity3d.com/6000.4/Documentation/ScriptReference/UIElements.VisualElement.ClearBindings.html,unity_docs_incremental_260527_002,1,E:/系统/桌面/工作区/本学期/大三下/IT项目管理/大作业/Data/KnowledgeBase/processed_clean/dify_import/unity_docs_chunk_9b589fbb12f4c8dc.md,324,2026-05-27T13:13:29.219344+00:00
chunk_c5503c5951ad09b2,unity_5694d23740718f3f,unity_docs,official_documentation,ScriptReference,,VisualElement .ClearClassList,https://docs.unity3d.com/6000.4/Documentation/ScriptReference/UIElements.VisualElement.ClearClassList.html,unity_docs_incremental_260527_002,1,E:/系统/桌面/工作区/本学期/大三下/IT项目管理/大作业/Data/KnowledgeBase/processed_clean/dify_import/unity_docs_chunk_c5503c5951ad09b2.md,510,2026-05-27T13:13:29.220433+00:00
chunk_20bf2c7724e29c1c,unity_27f5b0f61c178aec,unity_docs,official_documentation,ScriptReference,,VisualElement .Contains,https://docs.unity3d.com/6000.4/Documentation/ScriptReference/UIElements.VisualElement.Contains.html,unity_docs_incremental_260527_002,1,E:/系统/桌面/工作区/本学期/大三下/IT项目管理/大作业/Data/KnowledgeBase/processed_clean/dify_import/unity_docs_chunk_20bf2c7724e29c1c.md,657,2026-05-27T13:13:29.221534+00:00
chunk_a1ed5db946b9cca5,unity_49a338c498f995ad,unity_docs,official_documentation,ScriptReference,,VisualElement .ContainsPoint,https://docs.unity3d.com/6000.4/Documentation/ScriptReference/UIElements.VisualElement.ContainsPoint.html,unity_docs_incremental_260527_002,1,E:/系统/桌面/工作区/本学期/大三下/IT项目管理/大作业/Data/KnowledgeBase/processed_clean/dify_import/unity_docs_chunk_a1ed5db946b9cca5.md,961,2026-05-27T13:13:29.222573+00:00
chunk_5daaec97c320c122,unity_aefa9ce0a3ea89d4,unity_docs,official_documentation,ScriptReference,,VisualElement .ElementAt,https://docs.unity3d.com/6000.4/Documentation/ScriptReference/UIElements.VisualElement.ElementAt.html,unity_docs_incremental_260527_002,1,E:/系统/桌面/工作区/本学期/大三下/IT项目管理/大作业/Data/KnowledgeBase/processed_clean/dify_import/unity_docs_chunk_5daaec97c320c122.md,410,2026-05-27T13:13:29.224111+00:00
chunk_283253113d1bd35f,unity_425a2110b8bdcd7c,unity_docs,official_documentation,ScriptReference,,VisualElement .EnableInClassList,https://docs.unity3d.com/6000.4/Documentation/ScriptReference/UIElements.VisualElement.EnableInClassList.html,unity_docs_incremental_260527_002,1,E:/系统/桌面/工作区/本学期/大三下/IT项目管理/大作业/Data/KnowledgeBase/processed_clean/dify_import/unity_docs_chunk_283253113d1bd35f.md,858,2026-05-27T13:13:29.225164+00:00
chunk_5ec2bbc2bbbf4f53,unity_992e7625a584cbf9,unity_docs,official_documentation,ScriptReference,,VisualElement .FindAncestorUserData,https://docs.unity3d.com/6000.4/Documentation/ScriptReference/UIElements.VisualElement.FindAncestorUserData.html,unity_docs_incremental_260527_002,1,E:/系统/桌面/工作区/本学期/大三下/IT项目管理/大作业/Data/KnowledgeBase/processed_clean/dify_import/unity_docs_chunk_5ec2bbc2bbbf4f53.md,496,2026-05-27T13:13:29.226100+00:00
chunk_c4082e100f1ee231,unity_a5f9f474296c8e7b,unity_docs,official_documentation,ScriptReference,,VisualElement .FindCommonAncestor,https://docs.unity3d.com/6000.4/Documentation/ScriptReference/UIElements.VisualElement.FindCommonAncestor.html,unity_docs_incremental_260527_002,1,E:/系统/桌面/工作区/本学期/大三下/IT项目管理/大作业/Data/KnowledgeBase/processed_clean/dify_import/unity_docs_chunk_c4082e100f1ee231.md,432,2026-05-27T13:13:29.226901+00:00
chunk_b83eb6fac7768c32,unity_90137f8286db0fbc,unity_docs,official_documentation,ScriptReference,,VisualElement .GetBinding,https://docs.unity3d.com/6000.4/Documentation/ScriptReference/UIElements.VisualElement.GetBinding.html,unity_docs_incremental_260527_002,1,E:/系统/桌面/工作区/本学期/大三下/IT项目管理/大作业/Data/KnowledgeBase/processed_clean/dify_import/unity_docs_chunk_b83eb6fac7768c32.md,482,2026-05-27T13:13:29.227878+00:00
chunk_405de7408bd7110d,unity_0e26ad9f33b7ab14,unity_docs,official_documentation,ScriptReference,,VisualElement .GetBindingInfos,https://docs.unity3d.com/6000.4/Documentation/ScriptReference/UIElements.VisualElement.GetBindingInfos.html,unity_docs_incremental_260527_002,1,E:/系统/桌面/工作区/本学期/大三下/IT项目管理/大作业/Data/KnowledgeBase/processed_clean/dify_import/unity_docs_chunk_405de7408bd7110d.md,820,2026-05-27T13:13:29.228658+00:00
chunk_5f6b3382cac4356b,unity_105219e0b3344c14,unity_docs,official_documentation,ScriptReference,,VisualElement .GetClasses,https://docs.unity3d.com/6000.4/Documentation/ScriptReference/UIElements.VisualElement.GetClasses.html,unity_docs_incremental_260527_002,1,E:/系统/桌面/工作区/本学期/大三下/IT项目管理/大作业/Data/KnowledgeBase/processed_clean/dify_import/unity_docs_chunk_5f6b3382cac4356b.md,372,2026-05-27T13:13:29.229589+00:00
chunk_7e1bf58886678717,unity_c45d0b57a5c5eba9,unity_docs,official_documentation,ScriptReference,,VisualElement .GetDataSourceContext,https://docs.unity3d.com/6000.4/Documentation/ScriptReference/UIElements.VisualElement.GetDataSourceContext.html,unity_docs_incremental_260527_002,1,E:/系统/桌面/工作区/本学期/大三下/IT项目管理/大作业/Data/KnowledgeBase/processed_clean/dify_import/unity_docs_chunk_7e1bf58886678717.md,596,2026-05-27T13:13:29.231226+00:00
chunk_32b4fa471dd61910,unity_7c479e7ec82d10c2,unity_docs,official_documentation,ScriptReference,,VisualElement .GetFirstAncestorOfType,https://docs.unity3d.com/6000.4/Documentation/ScriptReference/UIElements.VisualElement.GetFirstAncestorOfType.html,unity_docs_incremental_260527_002,1,E:/系统/桌面/工作区/本学期/大三下/IT项目管理/大作业/Data/KnowledgeBase/processed_clean/dify_import/unity_docs_chunk_32b4fa471dd61910.md,428,2026-05-27T13:13:29.232816+00:00
chunk_aceeeb2f79f402ed,unity_02a048b3cfea3742,unity_docs,official_documentation,ScriptReference,,VisualElement .GetFirstOfType,https://docs.unity3d.com/6000.4/Documentation/ScriptReference/UIElements.VisualElement.GetFirstOfType.html,unity_docs_incremental_260527_002,1,E:/系统/桌面/工作区/本学期/大三下/IT项目管理/大作业/Data/KnowledgeBase/processed_clean/dify_import/unity_docs_chunk_aceeeb2f79f402ed.md,387,2026-05-27T13:13:29.234203+00:00
chunk_bb5161ad78c3a5ce,unity_ee44d55eacd3d56f,unity_docs,official_documentation,ScriptReference,,VisualElement .GetHierarchicalDataSourceContext,https://docs.unity3d.com/6000.4/Documentation/ScriptReference/UIElements.VisualElement.GetHierarchicalDataSourceContext.html,unity_docs_incremental_260527_002,1,E:/系统/桌面/工作区/本学期/大三下/IT项目管理/大作业/Data/KnowledgeBase/processed_clean/dify_import/unity_docs_chunk_bb5161ad78c3a5ce.md,549,2026-05-27T13:13:29.235558+00:00
chunk_2fe7d8a711e3bfb3,unity_08ad407c9dcdf59d,unity_docs,official_documentation,ScriptReference,,VisualElement .HasBinding,https://docs.unity3d.com/6000.4/Documentation/ScriptReference/UIElements.VisualElement.HasBinding.html,unity_docs_incremental_260527_002,1,E:/系统/桌面/工作区/本学期/大三下/IT项目管理/大作业/Data/KnowledgeBase/processed_clean/dify_import/unity_docs_chunk_2fe7d8a711e3bfb3.md,501,2026-05-27T13:13:29.236839+00:00
chunk_76c7a9549a6d566d,unity_5bb08ab960eb8442,unity_docs,official_documentation,ScriptReference,,VisualElement .IndexOf,https://docs.unity3d.com/6000.4/Documentation/ScriptReference/UIElements.VisualElement.IndexOf.html,unity_docs_incremental_260527_002,1,E:/系统/桌面/工作区/本学期/大三下/IT项目管理/大作业/Data/KnowledgeBase/processed_clean/dify_import/unity_docs_chunk_76c7a9549a6d566d.md,493,2026-05-27T13:13:29.238673+00:00
chunk_d0bc280bb7ff0200,unity_106ae04cef2fa76f,unity_docs,official_documentation,ScriptReference,,VisualElement .Insert,https://docs.unity3d.com/6000.4/Documentation/ScriptReference/UIElements.VisualElement.Insert.html,unity_docs_incremental_260527_002,1,E:/系统/桌面/工作区/本学期/大三下/IT项目管理/大作业/Data/KnowledgeBase/processed_clean/dify_import/unity_docs_chunk_d0bc280bb7ff0200.md,351,2026-05-27T13:13:29.240042+00:00
chunk_94fa6a99c0cf14f4,unity_008ccd87cbb78e43,unity_docs,official_documentation,ScriptReference,,VisualElement .IsMarkedForRepaint,https://docs.unity3d.com/6000.4/Documentation/ScriptReference/UIElements.VisualElement.IsMarkedForRepaint.html,unity_docs_incremental_260527_002,1,E:/系统/桌面/工作区/本学期/大三下/IT项目管理/大作业/Data/KnowledgeBase/processed_clean/dify_import/unity_docs_chunk_94fa6a99c0cf14f4.md,364,2026-05-27T13:13:29.241171+00:00
chunk_6165877eb7e60eb5,unity_f1092f303356bbf8,unity_docs,official_documentation,ScriptReference,,VisualElement .MarkDirtyRepaint,https://docs.unity3d.com/6000.4/Documentation/ScriptReference/UIElements.VisualElement.MarkDirtyRepaint.html,unity_docs_incremental_260527_002,1,E:/系统/桌面/工作区/本学期/大三下/IT项目管理/大作业/Data/KnowledgeBase/processed_clean/dify_import/unity_docs_chunk_6165877eb7e60eb5.md,664,2026-05-27T13:13:29.242221+00:00
chunk_8f5e5d58d6bb7985,unity_78f9cc5956d71dec,unity_docs,official_documentation,ScriptReference,,VisualElement .PlaceBehind,https://docs.unity3d.com/6000.4/Documentation/ScriptReference/UIElements.VisualElement.PlaceBehind.html,unity_docs_incremental_260527_002,1,E:/系统/桌面/工作区/本学期/大三下/IT项目管理/大作业/Data/KnowledgeBase/processed_clean/dify_import/unity_docs_chunk_8f5e5d58d6bb7985.md,587,2026-05-27T13:13:29.243448+00:00
chunk_7ad4c7297d9a9afe,unity_abf1ebb574599a25,unity_docs,official_documentation,ScriptReference,,VisualElement .PlaceInFront,https://docs.unity3d.com/6000.4/Documentation/ScriptReference/UIElements.VisualElement.PlaceInFront.html,unity_docs_incremental_260527_002,1,E:/系统/桌面/工作区/本学期/大三下/IT项目管理/大作业/Data/KnowledgeBase/processed_clean/dify_import/unity_docs_chunk_7ad4c7297d9a9afe.md,592,2026-05-27T13:13:29.245047+00:00
chunk_167d3ee0dc674bd6,unity_a77bc127302ab4e9,unity_docs,official_documentation,ScriptReference,,VisualElement .Remove,https://docs.unity3d.com/6000.4/Documentation/ScriptReference/UIElements.VisualElement.Remove.html,unity_docs_incremental_260527_002,1,E:/系统/桌面/工作区/本学期/大三下/IT项目管理/大作业/Data/KnowledgeBase/processed_clean/dify_import/unity_docs_chunk_167d3ee0dc674bd6.md,499,2026-05-27T13:13:29.246247+00:00
chunk_9f63063965cfd8a3,unity_dfcaba9f4012d30a,unity_docs,official_documentation,ScriptReference,,VisualElement .RemoveAt,https://docs.unity3d.com/6000.4/Documentation/ScriptReference/UIElements.VisualElement.RemoveAt.html,unity_docs_incremental_260527_002,1,E:/系统/桌面/工作区/本学期/大三下/IT项目管理/大作业/Data/KnowledgeBase/processed_clean/dify_import/unity_docs_chunk_9f63063965cfd8a3.md,800,2026-05-27T13:13:29.247667+00:00
chunk_7c43c5fe49f65213,unity_5059cc13374e70dd,unity_docs,official_documentation,ScriptReference,,VisualElement .RemoveFromClassList,https://docs.unity3d.com/6000.4/Documentation/ScriptReference/UIElements.VisualElement.RemoveFromClassList.html,unity_docs_incremental_260527_002,1,E:/系统/桌面/工作区/本学期/大三下/IT项目管理/大作业/Data/KnowledgeBase/processed_clean/dify_import/unity_docs_chunk_7c43c5fe49f65213.md,473,2026-05-27T13:13:29.249342+00:00
chunk_14b04d8ea57099f9,unity_f78de62799474df7,unity_docs,official_documentation,ScriptReference,,VisualElement .RemoveFromHierarchy,https://docs.unity3d.com/6000.4/Documentation/ScriptReference/UIElements.VisualElement.RemoveFromHierarchy.html,unity_docs_incremental_260527_002,1,E:/系统/桌面/工作区/本学期/大三下/IT项目管理/大作业/Data/KnowledgeBase/processed_clean/dify_import/unity_docs_chunk_14b04d8ea57099f9.md,357,2026-05-27T13:13:29.250822+00:00
chunk_8a88333e581df460,unity_18c39bf7360cff7a,unity_docs,official_documentation,ScriptReference,,VisualElement .SendEvent,https://docs.unity3d.com/6000.4/Documentation/ScriptReference/UIElements.VisualElement.SendEvent.html,unity_docs_incremental_260527_002,1,E:/系统/桌面/工作区/本学期/大三下/IT项目管理/大作业/Data/KnowledgeBase/processed_clean/dify_import/unity_docs_chunk_8a88333e581df460.md,592,2026-05-27T13:13:29.252321+00:00
chunk_3b5659e573078a9f,unity_5be32e6fc59a3efa,unity_docs,official_documentation,ScriptReference,,VisualElement .SendToBack,https://docs.unity3d.com/6000.4/Documentation/ScriptReference/UIElements.VisualElement.SendToBack.html,unity_docs_incremental_260527_002,1,E:/系统/桌面/工作区/本学期/大三下/IT项目管理/大作业/Data/KnowledgeBase/processed_clean/dify_import/unity_docs_chunk_3b5659e573078a9f.md,408,2026-05-27T13:13:29.253642+00:00
chunk_e48b592bb70101d1,unity_5f841ebaac17132b,unity_docs,official_documentation,ScriptReference,,VisualElement .SetActivePseudoState,https://docs.unity3d.com/6000.4/Documentation/ScriptReference/UIElements.VisualElement.SetActivePseudoState.html,unity_docs_incremental_260527_002,1,E:/系统/桌面/工作区/本学期/大三下/IT项目管理/大作业/Data/KnowledgeBase/processed_clean/dify_import/unity_docs_chunk_e48b592bb70101d1.md,688,2026-05-27T13:13:29.255292+00:00
chunk_eae5f62b92360611,unity_76a8932f863fbcfd,unity_docs,official_documentation,ScriptReference,,VisualElement .SetBinding,https://docs.unity3d.com/6000.4/Documentation/ScriptReference/UIElements.VisualElement.SetBinding.html,unity_docs_incremental_260527_002,1,E:/系统/桌面/工作区/本学期/大三下/IT项目管理/大作业/Data/KnowledgeBase/processed_clean/dify_import/unity_docs_chunk_eae5f62b92360611.md,521,2026-05-27T13:13:29.256255+00:00
chunk_22b8571cb3a98020,unity_31555f19a1c500fd,unity_docs,official_documentation,ScriptReference,,VisualElement .SetCheckedPseudoState,https://docs.unity3d.com/6000.4/Documentation/ScriptReference/UIElements.VisualElement.SetCheckedPseudoState.html,unity_docs_incremental_260527_002,1,E:/系统/桌面/工作区/本学期/大三下/IT项目管理/大作业/Data/KnowledgeBase/processed_clean/dify_import/unity_docs_chunk_22b8571cb3a98020.md,694,2026-05-27T13:13:29.257241+00:00
chunk_992388ea90921119,unity_36027a9bd4b727f5,unity_docs,official_documentation,ScriptReference,,VisualElement .SetEnabled,https://docs.unity3d.com/6000.4/Documentation/ScriptReference/UIElements.VisualElement.SetEnabled.html,unity_docs_incremental_260527_002,1,E:/系统/桌面/工作区/本学期/大三下/IT项目管理/大作业/Data/KnowledgeBase/processed_clean/dify_import/unity_docs_chunk_992388ea90921119.md,918,2026-05-27T13:13:29.258300+00:00
chunk_6741cc84aa921d20,unity_b2dd6d0ec30c3301,unity_docs,official_documentation,ScriptReference,,VisualElement .Sort,https://docs.unity3d.com/6000.4/Documentation/ScriptReference/UIElements.VisualElement.Sort.html,unity_docs_incremental_260527_002,1,E:/系统/桌面/工作区/本学期/大三下/IT项目管理/大作业/Data/KnowledgeBase/processed_clean/dify_import/unity_docs_chunk_6741cc84aa921d20.md,413,2026-05-27T13:13:29.259938+00:00
chunk_7b8d131693ef43f9,unity_3a8df16b174db50f,unity_docs,official_documentation,ScriptReference,,VisualElement .ToggleInClassList,https://docs.unity3d.com/6000.4/Documentation/ScriptReference/UIElements.VisualElement.ToggleInClassList.html,unity_docs_incremental_260527_002,1,E:/系统/桌面/工作区/本学期/大三下/IT项目管理/大作业/Data/KnowledgeBase/processed_clean/dify_import/unity_docs_chunk_7b8d131693ef43f9.md,697,2026-05-27T13:13:29.261227+00:00
chunk_c5fc380d13e1c3f7,unity_088ef901bad5b2e4,unity_docs,official_documentation,ScriptReference,,VisualElement .TryGetBinding,https://docs.unity3d.com/6000.4/Documentation/ScriptReference/UIElements.VisualElement.TryGetBinding.html,unity_docs_incremental_260527_002,1,E:/系统/桌面/工作区/本学期/大三下/IT项目管理/大作业/Data/KnowledgeBase/processed_clean/dify_import/unity_docs_chunk_c5fc380d13e1c3f7.md,657,2026-05-27T13:13:29.262665+00:00
chunk_56b49e84efd54249,unity_92b23e31f6591265,unity_docs,official_documentation,ScriptReference,,VisualElement .TryGetDataSourceContext,https://docs.unity3d.com/6000.4/Documentation/ScriptReference/UIElements.VisualElement.TryGetDataSourceContext.html,unity_docs_incremental_260527_002,1,E:/系统/桌面/工作区/本学期/大三下/IT项目管理/大作业/Data/KnowledgeBase/processed_clean/dify_import/unity_docs_chunk_56b49e84efd54249.md,675,2026-05-27T13:13:29.264118+00:00
chunk_bdc33af96062c3ba,unity_0bb4c758012cd3c7,unity_docs,official_documentation,ScriptReference,,VisualElement .TryGetLastBindingToSourceResult,https://docs.unity3d.com/6000.4/Documentation/ScriptReference/UIElements.VisualElement.TryGetLastBindingToSourceResult.html,unity_docs_incremental_260527_002,1,E:/系统/桌面/工作区/本学期/大三下/IT项目管理/大作业/Data/KnowledgeBase/processed_clean/dify_import/unity_docs_chunk_bdc33af96062c3ba.md,727,2026-05-27T13:13:29.266010+00:00
chunk_39ee3e8cc317da69,unity_a3ec1f5f96183e94,unity_docs,official_documentation,ScriptReference,,VisualElement .TryGetLastBindingToUIResult,https://docs.unity3d.com/6000.4/Documentation/ScriptReference/UIElements.VisualElement.TryGetLastBindingToUIResult.html,unity_docs_incremental_260527_002,1,E:/系统/桌面/工作区/本学期/大三下/IT项目管理/大作业/Data/KnowledgeBase/processed_clean/dify_import/unity_docs_chunk_39ee3e8cc317da69.md,702,2026-05-27T13:13:29.267710+00:00
chunk_76212d6357a0599a,unity_1ad49ecbcffed254,unity_docs,official_documentation,ScriptReference,,Focusable .canGrabFocus,https://docs.unity3d.com/6000.4/Documentation/ScriptReference/UIElements.Focusable-canGrabFocus.html,unity_docs_incremental_260527_002,1,E:/系统/桌面/工作区/本学期/大三下/IT项目管理/大作业/Data/KnowledgeBase/processed_clean/dify_import/unity_docs_chunk_76212d6357a0599a.md,671,2026-05-27T13:13:29.269300+00:00
chunk_0e68167a87e062bd,unity_9bfde6602abcb604,unity_docs,official_documentation,ScriptReference,,Focusable .delegatesFocus,https://docs.unity3d.com/6000.4/Documentation/ScriptReference/UIElements.Focusable-delegatesFocus.html,unity_docs_incremental_260527_002,1,E:/系统/桌面/工作区/本学期/大三下/IT项目管理/大作业/Data/KnowledgeBase/processed_clean/dify_import/unity_docs_chunk_0e68167a87e062bd.md,1009,2026-05-27T13:13:29.271024+00:00
chunk_67575aca6f03dc75,unity_6aaf2622061c6574,unity_docs,official_documentation,ScriptReference,,Focusable .focusable,https://docs.unity3d.com/6000.4/Documentation/ScriptReference/UIElements.Focusable-focusable.html,unity_docs_incremental_260527_002,1,E:/系统/桌面/工作区/本学期/大三下/IT项目管理/大作业/Data/KnowledgeBase/processed_clean/dify_import/unity_docs_chunk_67575aca6f03dc75.md,475,2026-05-27T13:13:29.273032+00:00
chunk_211e529006362dcf,unity_3f902f3221a1f918,unity_docs,official_documentation,ScriptReference,,Focusable .focusController,https://docs.unity3d.com/6000.4/Documentation/ScriptReference/UIElements.Focusable-focusController.html,unity_docs_incremental_260527_002,1,E:/系统/桌面/工作区/本学期/大三下/IT项目管理/大作业/Data/KnowledgeBase/processed_clean/dify_import/unity_docs_chunk_211e529006362dcf.md,325,2026-05-27T13:13:29.274331+00:00
chunk_a2b6df413e7b269d,unity_4d9516e099f8037a,unity_docs,official_documentation,ScriptReference,,Focusable .tabIndex,https://docs.unity3d.com/6000.4/Documentation/ScriptReference/UIElements.Focusable-tabIndex.html,unity_docs_incremental_260527_002,1,E:/系统/桌面/工作区/本学期/大三下/IT项目管理/大作业/Data/KnowledgeBase/processed_clean/dify_import/unity_docs_chunk_a2b6df413e7b269d.md,466,2026-05-27T13:13:29.275224+00:00
chunk_7f8abbb6416ff21f,unity_6ce19239d005c92f,unity_docs,official_documentation,ScriptReference,,CallbackEventHandler .HasBubbleUpHandlers,https://docs.unity3d.com/6000.4/Documentation/ScriptReference/UIElements.CallbackEventHandler.HasBubbleUpHandlers.html,unity_docs_incremental_260527_002,1,E:/系统/桌面/工作区/本学期/大三下/IT项目管理/大作业/Data/KnowledgeBase/processed_clean/dify_import/unity_docs_chunk_7f8abbb6416ff21f.md,514,2026-05-27T13:13:29.276302+00:00
chunk_a1ce220d794dec67,unity_c0abef7fa380a496,unity_docs,official_documentation,ScriptReference,,CallbackEventHandler .HasTrickleDownHandlers,https://docs.unity3d.com/6000.4/Documentation/ScriptReference/UIElements.CallbackEventHandler.HasTrickleDownHandlers.html,unity_docs_incremental_260527_002,1,E:/系统/桌面/工作区/本学期/大三下/IT项目管理/大作业/Data/KnowledgeBase/processed_clean/dify_import/unity_docs_chunk_a1ce220d794dec67.md,529,2026-05-27T13:13:29.277318+00:00
chunk_1865729944332807,unity_b1c82e847fabb913,unity_docs,official_documentation,ScriptReference,,CallbackEventHandler .RegisterCallback,https://docs.unity3d.com/6000.4/Documentation/ScriptReference/UIElements.CallbackEventHandler.RegisterCallback.html,unity_docs_incremental_260527_002,1,E:/系统/桌面/工作区/本学期/大三下/IT项目管理/大作业/Data/KnowledgeBase/processed_clean/dify_import/unity_docs_chunk_1865729944332807.md,1775,2026-05-27T13:13:29.278617+00:00
chunk_7ee1a119f451ea3b,unity_b1c82e847fabb913,unity_docs,official_documentation,ScriptReference,,CallbackEventHandler .RegisterCallback,https://docs.unity3d.com/6000.4/Documentation/ScriptReference/UIElements.CallbackEventHandler.RegisterCallback.html,unity_docs_incremental_260527_002,2,E:/系统/桌面/工作区/本学期/大三下/IT项目管理/大作业/Data/KnowledgeBase/processed_clean/dify_import/unity_docs_chunk_7ee1a119f451ea3b.md,1699,2026-05-27T13:13:29.279458+00:00
chunk_e0a37c65994a58f8,unity_b1c82e847fabb913,unity_docs,official_documentation,ScriptReference,,CallbackEventHandler .RegisterCallback,https://docs.unity3d.com/6000.4/Documentation/ScriptReference/UIElements.CallbackEventHandler.RegisterCallback.html,unity_docs_incremental_260527_002,3,E:/系统/桌面/工作区/本学期/大三下/IT项目管理/大作业/Data/KnowledgeBase/processed_clean/dify_import/unity_docs_chunk_e0a37c65994a58f8.md,267,2026-05-27T13:13:29.280324+00:00
chunk_2507973f7da91343,unity_278b8a6d106946ca,unity_docs,official_documentation,ScriptReference,,CallbackEventHandler .RegisterCallbackOnce,https://docs.unity3d.com/6000.4/Documentation/ScriptReference/UIElements.CallbackEventHandler.RegisterCallbackOnce.html,unity_docs_incremental_260527_002,1,E:/系统/桌面/工作区/本学期/大三下/IT项目管理/大作业/Data/KnowledgeBase/processed_clean/dify_import/unity_docs_chunk_2507973f7da91343.md,1758,2026-05-27T13:13:29.282585+00:00
chunk_ec400cf596af72d3,unity_278b8a6d106946ca,unity_docs,official_documentation,ScriptReference,,CallbackEventHandler .RegisterCallbackOnce,https://docs.unity3d.com/6000.4/Documentation/ScriptReference/UIElements.CallbackEventHandler.RegisterCallbackOnce.html,unity_docs_incremental_260527_002,2,E:/系统/桌面/工作区/本学期/大三下/IT项目管理/大作业/Data/KnowledgeBase/processed_clean/dify_import/unity_docs_chunk_ec400cf596af72d3.md,234,2026-05-27T13:13:29.283408+00:00
chunk_808015c4239ea9b0,unity_f8c783b47b42bf2c,unity_docs,official_documentation,ScriptReference,,CallbackEventHandler .UnregisterAllRemovableCallbacks,https://docs.unity3d.com/6000.4/Documentation/ScriptReference/UIElements.CallbackEventHandler.UnregisterAllRemovableCallbacks.html,unity_docs_incremental_260527_002,1,E:/系统/桌面/工作区/本学期/大三下/IT项目管理/大作业/Data/KnowledgeBase/processed_clean/dify_import/unity_docs_chunk_808015c4239ea9b0.md,599,2026-05-27T13:13:29.284845+00:00
chunk_437c658f43b6bfda,unity_88865f5fcb026102,unity_docs,official_documentation,ScriptReference,,CallbackEventHandler .UnregisterCallback,https://docs.unity3d.com/6000.4/Documentation/ScriptReference/UIElements.CallbackEventHandler.UnregisterCallback.html,unity_docs_incremental_260527_002,1,E:/系统/桌面/工作区/本学期/大三下/IT项目管理/大作业/Data/KnowledgeBase/processed_clean/dify_import/unity_docs_chunk_437c658f43b6bfda.md,1769,2026-05-27T13:13:29.287164+00:00
chunk_9e1a28fb85551514,unity_88865f5fcb026102,unity_docs,official_documentation,ScriptReference,,CallbackEventHandler .UnregisterCallback,https://docs.unity3d.com/6000.4/Documentation/ScriptReference/UIElements.CallbackEventHandler.UnregisterCallback.html,unity_docs_incremental_260527_002,2,E:/系统/桌面/工作区/本学期/大三下/IT项目管理/大作业/Data/KnowledgeBase/processed_clean/dify_import/unity_docs_chunk_9e1a28fb85551514.md,640,2026-05-27T13:13:29.288321+00:00
chunk_fd4ca9daaf739f15,unity_0246dc44c231654e,unity_docs,official_documentation,ScriptReference,,Focusable .Blur,https://docs.unity3d.com/6000.4/Documentation/ScriptReference/UIElements.Focusable.Blur.html,unity_docs_incremental_260527_002,1,E:/系统/桌面/工作区/本学期/大三下/IT项目管理/大作业/Data/KnowledgeBase/processed_clean/dify_import/unity_docs_chunk_fd4ca9daaf739f15.md,393,2026-05-27T13:13:29.289520+00:00
chunk_f3fbe5a734adaa30,unity_1b1b00fd7a352236,unity_docs,official_documentation,ScriptReference,,Focusable .Focus,https://docs.unity3d.com/6000.4/Documentation/ScriptReference/UIElements.Focusable.Focus.html,unity_docs_incremental_260527_002,1,E:/系统/桌面/工作区/本学期/大三下/IT项目管理/大作业/Data/KnowledgeBase/processed_clean/dify_import/unity_docs_chunk_f3fbe5a734adaa30.md,1785,2026-05-27T13:13:29.290629+00:00
chunk_e5bc34cb68367203,unity_b820dc3541bfb458,unity_docs,official_documentation,ScriptReference,,CallbackEventHandler .HandleEventBubbleUp,https://docs.unity3d.com/6000.4/Documentation/ScriptReference/UIElements.CallbackEventHandler.HandleEventBubbleUp.html,unity_docs_incremental_260527_002,1,E:/系统/桌面/工作区/本学期/大三下/IT项目管理/大作业/Data/KnowledgeBase/processed_clean/dify_import/unity_docs_chunk_e5bc34cb68367203.md,1732,2026-05-27T13:13:29.291958+00:00
chunk_655e1f0437825b6b,unity_b820dc3541bfb458,unity_docs,official_documentation,ScriptReference,,CallbackEventHandler .HandleEventBubbleUp,https://docs.unity3d.com/6000.4/Documentation/ScriptReference/UIElements.CallbackEventHandler.HandleEventBubbleUp.html,unity_docs_incremental_260527_002,2,E:/系统/桌面/工作区/本学期/大三下/IT项目管理/大作业/Data/KnowledgeBase/processed_clean/dify_import/unity_docs_chunk_655e1f0437825b6b.md,1299,2026-05-27T13:13:29.292739+00:00
chunk_21bce758c2e6c16d,unity_c73c838443621388,unity_docs,official_documentation,ScriptReference,,CallbackEventHandler .HandleEventTrickleDown,https://docs.unity3d.com/6000.4/Documentation/ScriptReference/UIElements.CallbackEventHandler.HandleEventTrickleDown.html,unity_docs_incremental_260527_002,1,E:/系统/桌面/工作区/本学期/大三下/IT项目管理/大作业/Data/KnowledgeBase/processed_clean/dify_import/unity_docs_chunk_21bce758c2e6c16d.md,1749,2026-05-27T13:13:29.294513+00:00
chunk_7155a3f0d7608a81,unity_c73c838443621388,unity_docs,official_documentation,ScriptReference,,CallbackEventHandler .HandleEventTrickleDown,https://docs.unity3d.com/6000.4/Documentation/ScriptReference/UIElements.CallbackEventHandler.HandleEventTrickleDown.html,unity_docs_incremental_260527_002,2,E:/系统/桌面/工作区/本学期/大三下/IT项目管理/大作业/Data/KnowledgeBase/processed_clean/dify_import/unity_docs_chunk_7155a3f0d7608a81.md,1299,2026-05-27T13:13:29.295196+00:00
chunk_2b5975615db1cf1b,unity_87aa90bc87d70f53,unity_docs,official_documentation,ScriptReference,,CallbackEventHandler .NotifyPropertyChanged,https://docs.unity3d.com/6000.4/Documentation/ScriptReference/UIElements.CallbackEventHandler.NotifyPropertyChanged.html,unity_docs_incremental_260527_002,1,E:/系统/桌面/工作区/本学期/大三下/IT项目管理/大作业/Data/KnowledgeBase/processed_clean/dify_import/unity_docs_chunk_2b5975615db1cf1b.md,518,2026-05-27T13:13:29.296447+00:00
chunk_41d59ed3e491d4c0,unity_3c77341d2d484963,unity_docs,official_documentation,Manual,,The visual tree,https://docs.unity3d.com/6000.4/Documentation/Manual/UIE-VisualTree-landing.html,unity_docs_incremental_260527_002,1,E:/系统/桌面/工作区/本学期/大三下/IT项目管理/大作业/Data/KnowledgeBase/processed_clean/dify_import/unity_docs_chunk_41d59ed3e491d4c0.md,1094,2026-05-27T13:13:29.297930+00:00
chunk_f1e3bfe4ba08b750,unity_e46a9a29927421df,unity_docs,official_documentation,Manual,,Panels,https://docs.unity3d.com/6000.4/Documentation/Manual/UIE-panels.html,unity_docs_incremental_260527_002,1,E:/系统/桌面/工作区/本学期/大三下/IT项目管理/大作业/Data/KnowledgeBase/processed_clean/dify_import/unity_docs_chunk_f1e3bfe4ba08b750.md,1336,2026-05-27T13:13:29.299206+00:00
chunk_0807ee603913ff7b,unity_1b4c06a2669d61e6,unity_docs,official_documentation,Manual,,Structure UI with UXML,https://docs.unity3d.com/6000.4/Documentation/Manual/UIE-UXML.html,unity_docs_incremental_260527_002,1,E:/系统/桌面/工作区/本学期/大三下/IT项目管理/大作业/Data/KnowledgeBase/processed_clean/dify_import/unity_docs_chunk_0807ee603913ff7b.md,1159,2026-05-27T13:13:29.300924+00:00
chunk_d76f57bcb88df17e,unity_25f3ad3046021f6d,unity_docs,official_documentation,Manual,,Structure UI with C# scripts,https://docs.unity3d.com/6000.4/Documentation/Manual/UIE-Controls.html,unity_docs_incremental_260527_002,1,E:/系统/桌面/工作区/本学期/大三下/IT项目管理/大作业/Data/KnowledgeBase/processed_clean/dify_import/unity_docs_chunk_d76f57bcb88df17e.md,1753,2026-05-27T13:13:29.302848+00:00
chunk_758a6afb35589d37,unity_25f3ad3046021f6d,unity_docs,official_documentation,Manual,,Structure UI with C# scripts,https://docs.unity3d.com/6000.4/Documentation/Manual/UIE-Controls.html,unity_docs_incremental_260527_002,2,E:/系统/桌面/工作区/本学期/大三下/IT项目管理/大作业/Data/KnowledgeBase/processed_clean/dify_import/unity_docs_chunk_758a6afb35589d37.md,1743,2026-05-27T13:13:29.303763+00:00
chunk_751d961307198119,unity_25f3ad3046021f6d,unity_docs,official_documentation,Manual,,Structure UI with C# scripts,https://docs.unity3d.com/6000.4/Documentation/Manual/UIE-Controls.html,unity_docs_incremental_260527_002,3,E:/系统/桌面/工作区/本学期/大三下/IT项目管理/大作业/Data/KnowledgeBase/processed_clean/dify_import/unity_docs_chunk_751d961307198119.md,1503,2026-05-27T13:13:29.304421+00:00
chunk_0237013eac01937c,unity_448e7547318a8e1e,unity_docs,official_documentation,Manual,,Web introduction,https://docs.unity3d.com/6000.4/Documentation/Manual/webgl-intro.html,unity_docs_incremental_260527_002,1,E:/系统/桌面/工作区/本学期/大三下/IT项目管理/大作业/Data/KnowledgeBase/processed_clean/dify_import/unity_docs_chunk_0237013eac01937c.md,1344,2026-05-27T13:13:29.305794+00:00
chunk_5da9745ce1cf2d2a,unity_652412b6feaecf18,unity_docs,official_documentation,Manual,,Web development,https://docs.unity3d.com/6000.4/Documentation/Manual/webgl-develop.html,unity_docs_incremental_260527_002,1,E:/系统/桌面/工作区/本学期/大三下/IT项目管理/大作业/Data/KnowledgeBase/processed_clean/dify_import/unity_docs_chunk_5da9745ce1cf2d2a.md,1793,2026-05-27T13:13:29.307525+00:00
chunk_eb593b75f45ad3c4,unity_652412b6feaecf18,unity_docs,official_documentation,Manual,,Web development,https://docs.unity3d.com/6000.4/Documentation/Manual/webgl-develop.html,unity_docs_incremental_260527_002,2,E:/系统/桌面/工作区/本学期/大三下/IT项目管理/大作业/Data/KnowledgeBase/processed_clean/dify_import/unity_docs_chunk_eb593b75f45ad3c4.md,1166,2026-05-27T13:13:29.308386+00:00
chunk_0b5e6ada293a4d8d,unity_0d0f49203ca7ac32,unity_docs,official_documentation,Manual,,Build and distribute a Web application,https://docs.unity3d.com/6000.4/Documentation/Manual/webgl-building-distribution.html,unity_docs_incremental_260527_002,1,E:/系统/桌面/工作区/本学期/大三下/IT项目管理/大作业/Data/KnowledgeBase/processed_clean/dify_import/unity_docs_chunk_0b5e6ada293a4d8d.md,1595,2026-05-27T13:13:29.309975+00:00
chunk_e758b634d294dc58,unity_2df051669384c0e6,unity_docs,official_documentation,Manual,,Create a car with Wheel colliders,https://docs.unity3d.com/6000.4/Documentation/Manual/WheelColliderTutorial.html,unity_docs_incremental_260527_002,1,E:/系统/桌面/工作区/本学期/大三下/IT项目管理/大作业/Data/KnowledgeBase/processed_clean/dify_import/unity_docs_chunk_e758b634d294dc58.md,1608,2026-05-27T13:13:29.314026+00:00
chunk_f5353086cac580a6,unity_2df051669384c0e6,unity_docs,official_documentation,Manual,,Create a car with Wheel colliders,https://docs.unity3d.com/6000.4/Documentation/Manual/WheelColliderTutorial.html,unity_docs_incremental_260527_002,2,E:/系统/桌面/工作区/本学期/大三下/IT项目管理/大作业/Data/KnowledgeBase/processed_clean/dify_import/unity_docs_chunk_f5353086cac580a6.md,1664,2026-05-27T13:13:29.315013+00:00
chunk_a53627371420d1f6,unity_2df051669384c0e6,unity_docs,official_documentation,Manual,,Create a car with Wheel colliders,https://docs.unity3d.com/6000.4/Documentation/Manual/WheelColliderTutorial.html,unity_docs_incremental_260527_002,3,E:/系统/桌面/工作区/本学期/大三下/IT项目管理/大作业/Data/KnowledgeBase/processed_clean/dify_import/unity_docs_chunk_a53627371420d1f6.md,1796,2026-05-27T13:13:29.315807+00:00
chunk_93beb23a359ea821,unity_2df051669384c0e6,unity_docs,official_documentation,Manual,,Create a car with Wheel colliders,https://docs.unity3d.com/6000.4/Documentation/Manual/WheelColliderTutorial.html,unity_docs_incremental_260527_002,4,E:/系统/桌面/工作区/本学期/大三下/IT项目管理/大作业/Data/KnowledgeBase/processed_clean/dify_import/unity_docs_chunk_93beb23a359ea821.md,1770,2026-05-27T13:13:29.316598+00:00
chunk_2618d130a8846b77,unity_2df051669384c0e6,unity_docs,official_documentation,Manual,,Create a car with Wheel colliders,https://docs.unity3d.com/6000.4/Documentation/Manual/WheelColliderTutorial.html,unity_docs_incremental_260527_002,5,E:/系统/桌面/工作区/本学期/大三下/IT项目管理/大作业/Data/KnowledgeBase/processed_clean/dify_import/unity_docs_chunk_2618d130a8846b77.md,1728,2026-05-27T13:13:29.317540+00:00
chunk_b67981787f6f10a4,unity_2df051669384c0e6,unity_docs,official_documentation,Manual,,Create a car with Wheel colliders,https://docs.unity3d.com/6000.4/Documentation/Manual/WheelColliderTutorial.html,unity_docs_incremental_260527_002,6,E:/系统/桌面/工作区/本学期/大三下/IT项目管理/大作业/Data/KnowledgeBase/processed_clean/dify_import/unity_docs_chunk_b67981787f6f10a4.md,1757,2026-05-27T13:13:29.318195+00:00
chunk_9696f48d741b829d,unity_2df051669384c0e6,unity_docs,official_documentation,Manual,,Create a car with Wheel colliders,https://docs.unity3d.com/6000.4/Documentation/Manual/WheelColliderTutorial.html,unity_docs_incremental_260527_002,7,E:/系统/桌面/工作区/本学期/大三下/IT项目管理/大作业/Data/KnowledgeBase/processed_clean/dify_import/unity_docs_chunk_9696f48d741b829d.md,1700,2026-05-27T13:13:29.319084+00:00
chunk_f1cb46f651fd5766,unity_2df051669384c0e6,unity_docs,official_documentation,Manual,,Create a car with Wheel colliders,https://docs.unity3d.com/6000.4/Documentation/Manual/WheelColliderTutorial.html,unity_docs_incremental_260527_002,8,E:/系统/桌面/工作区/本学期/大三下/IT项目管理/大作业/Data/KnowledgeBase/processed_clean/dify_import/unity_docs_chunk_f1cb46f651fd5766.md,1779,2026-05-27T13:13:29.319803+00:00
chunk_264894f7376035d6,unity_2df051669384c0e6,unity_docs,official_documentation,Manual,,Create a car with Wheel colliders,https://docs.unity3d.com/6000.4/Documentation/Manual/WheelColliderTutorial.html,unity_docs_incremental_260527_002,9,E:/系统/桌面/工作区/本学期/大三下/IT项目管理/大作业/Data/KnowledgeBase/processed_clean/dify_import/unity_docs_chunk_264894f7376035d6.md,1798,2026-05-27T13:13:29.320464+00:00
chunk_be015cfc357dde82,unity_2df051669384c0e6,unity_docs,official_documentation,Manual,,Create a car with Wheel colliders,https://docs.unity3d.com/6000.4/Documentation/Manual/WheelColliderTutorial.html,unity_docs_incremental_260527_002,10,E:/系统/桌面/工作区/本学期/大三下/IT项目管理/大作业/Data/KnowledgeBase/processed_clean/dify_import/unity_docs_chunk_be015cfc357dde82.md,1779,2026-05-27T13:13:29.321447+00:00
chunk_e34ecfadb9997c88,unity_2df051669384c0e6,unity_docs,official_documentation,Manual,,Create a car with Wheel colliders,https://docs.unity3d.com/6000.4/Documentation/Manual/WheelColliderTutorial.html,unity_docs_incremental_260527_002,11,E:/系统/桌面/工作区/本学期/大三下/IT项目管理/大作业/Data/KnowledgeBase/processed_clean/dify_import/unity_docs_chunk_e34ecfadb9997c88.md,1794,2026-05-27T13:13:29.322401+00:00
chunk_0d53d3f87b88d57e,unity_2df051669384c0e6,unity_docs,official_documentation,Manual,,Create a car with Wheel colliders,https://docs.unity3d.com/6000.4/Documentation/Manual/WheelColliderTutorial.html,unity_docs_incremental_260527_002,12,E:/系统/桌面/工作区/本学期/大三下/IT项目管理/大作业/Data/KnowledgeBase/processed_clean/dify_import/unity_docs_chunk_0d53d3f87b88d57e.md,1736,2026-05-27T13:13:29.323094+00:00
chunk_b5a11f3610086213,unity_2df051669384c0e6,unity_docs,official_documentation,Manual,,Create a car with Wheel colliders,https://docs.unity3d.com/6000.4/Documentation/Manual/WheelColliderTutorial.html,unity_docs_incremental_260527_002,13,E:/系统/桌面/工作区/本学期/大三下/IT项目管理/大作业/Data/KnowledgeBase/processed_clean/dify_import/unity_docs_chunk_b5a11f3610086213.md,1001,2026-05-27T13:13:29.323882+00:00
chunk_04a8bf85a9b221de,unity_c199396db3d8c5c9,unity_docs,official_documentation,ScriptReference,,WheelCollider,https://docs.unity3d.com/6000.4/Documentation/ScriptReference/WheelCollider.html,unity_docs_incremental_260527_002,1,E:/系统/桌面/工作区/本学期/大三下/IT项目管理/大作业/Data/KnowledgeBase/processed_clean/dify_import/unity_docs_chunk_04a8bf85a9b221de.md,1779,2026-05-27T13:13:29.325703+00:00
chunk_ea5d39d2e254488a,unity_c199396db3d8c5c9,unity_docs,official_documentation,ScriptReference,,WheelCollider,https://docs.unity3d.com/6000.4/Documentation/ScriptReference/WheelCollider.html,unity_docs_incremental_260527_002,2,E:/系统/桌面/工作区/本学期/大三下/IT项目管理/大作业/Data/KnowledgeBase/processed_clean/dify_import/unity_docs_chunk_ea5d39d2e254488a.md,1793,2026-05-27T13:13:29.326356+00:00
chunk_674516b9bd90262c,unity_c199396db3d8c5c9,unity_docs,official_documentation,ScriptReference,,WheelCollider,https://docs.unity3d.com/6000.4/Documentation/ScriptReference/WheelCollider.html,unity_docs_incremental_260527_002,3,E:/系统/桌面/工作区/本学期/大三下/IT项目管理/大作业/Data/KnowledgeBase/processed_clean/dify_import/unity_docs_chunk_674516b9bd90262c.md,1714,2026-05-27T13:13:29.327368+00:00
chunk_e5b16f4f5a3020b9,unity_c199396db3d8c5c9,unity_docs,official_documentation,ScriptReference,,WheelCollider,https://docs.unity3d.com/6000.4/Documentation/ScriptReference/WheelCollider.html,unity_docs_incremental_260527_002,4,E:/系统/桌面/工作区/本学期/大三下/IT项目管理/大作业/Data/KnowledgeBase/processed_clean/dify_import/unity_docs_chunk_e5b16f4f5a3020b9.md,1755,2026-05-27T13:13:29.328667+00:00
chunk_734334d3f7ae05a0,unity_c199396db3d8c5c9,unity_docs,official_documentation,ScriptReference,,WheelCollider,https://docs.unity3d.com/6000.4/Documentation/ScriptReference/WheelCollider.html,unity_docs_incremental_260527_002,5,E:/系统/桌面/工作区/本学期/大三下/IT项目管理/大作业/Data/KnowledgeBase/processed_clean/dify_import/unity_docs_chunk_734334d3f7ae05a0.md,1357,2026-05-27T13:13:29.329352+00:00
chunk_be4c30ebd24e27ed,unity_3331f404f71c40cf,unity_docs,official_documentation,Manual,,Wheel collider suspension,https://docs.unity3d.com/6000.4/Documentation/Manual/wheel-colliders-suspension.html,unity_docs_incremental_260527_002,1,E:/系统/桌面/工作区/本学期/大三下/IT项目管理/大作业/Data/KnowledgeBase/processed_clean/dify_import/unity_docs_chunk_be4c30ebd24e27ed.md,1657,2026-05-27T13:13:29.331765+00:00
chunk_550a8305431c603b,unity_3331f404f71c40cf,unity_docs,official_documentation,Manual,,Wheel collider suspension,https://docs.unity3d.com/6000.4/Documentation/Manual/wheel-colliders-suspension.html,unity_docs_incremental_260527_002,2,E:/系统/桌面/工作区/本学期/大三下/IT项目管理/大作业/Data/KnowledgeBase/processed_clean/dify_import/unity_docs_chunk_550a8305431c603b.md,1683,2026-05-27T13:13:29.332755+00:00
chunk_9724cd27ce9c4de4,unity_3331f404f71c40cf,unity_docs,official_documentation,Manual,,Wheel collider suspension,https://docs.unity3d.com/6000.4/Documentation/Manual/wheel-colliders-suspension.html,unity_docs_incremental_260527_002,3,E:/系统/桌面/工作区/本学期/大三下/IT项目管理/大作业/Data/KnowledgeBase/processed_clean/dify_import/unity_docs_chunk_9724cd27ce9c4de4.md,1713,2026-05-27T13:13:29.333644+00:00
chunk_93db7fd5df761257,unity_3331f404f71c40cf,unity_docs,official_documentation,Manual,,Wheel collider suspension,https://docs.unity3d.com/6000.4/Documentation/Manual/wheel-colliders-suspension.html,unity_docs_incremental_260527_002,4,E:/系统/桌面/工作区/本学期/大三下/IT项目管理/大作业/Data/KnowledgeBase/processed_clean/dify_import/unity_docs_chunk_93db7fd5df761257.md,1158,2026-05-27T13:13:29.334506+00:00
chunk_2fc0d5efa49a24fb,unity_ed31d7aa63671dd4,unity_docs,official_documentation,Manual,,Wheel collider friction,https://docs.unity3d.com/6000.4/Documentation/Manual/wheel-colliders-friction.html,unity_docs_incremental_260527_002,1,E:/系统/桌面/工作区/本学期/大三下/IT项目管理/大作业/Data/KnowledgeBase/processed_clean/dify_import/unity_docs_chunk_2fc0d5efa49a24fb.md,1379,2026-05-27T13:13:29.336723+00:00
chunk_ee8e6e8674e28c25,unity_ed31d7aa63671dd4,unity_docs,official_documentation,Manual,,Wheel collider friction,https://docs.unity3d.com/6000.4/Documentation/Manual/wheel-colliders-friction.html,unity_docs_incremental_260527_002,2,E:/系统/桌面/工作区/本学期/大三下/IT项目管理/大作业/Data/KnowledgeBase/processed_clean/dify_import/unity_docs_chunk_ee8e6e8674e28c25.md,1691,2026-05-27T13:13:29.337608+00:00
chunk_042d11c53fd6d3fa,unity_ed31d7aa63671dd4,unity_docs,official_documentation,Manual,,Wheel collider friction,https://docs.unity3d.com/6000.4/Documentation/Manual/wheel-colliders-friction.html,unity_docs_incremental_260527_002,3,E:/系统/桌面/工作区/本学期/大三下/IT项目管理/大作业/Data/KnowledgeBase/processed_clean/dify_import/unity_docs_chunk_042d11c53fd6d3fa.md,596,2026-05-27T13:13:29.338400+00:00
chunk_260b11201291e785,unity_ab1a45f1335cfc19,unity_docs,official_documentation,Manual,,Animate trees with Wind Zones,https://docs.unity3d.com/6000.4/Documentation/Manual/terrain-trees-wind-zones.html,unity_docs_incremental_260527_002,1,E:/系统/桌面/工作区/本学期/大三下/IT项目管理/大作业/Data/KnowledgeBase/processed_clean/dify_import/unity_docs_chunk_260b11201291e785.md,1384,2026-05-27T13:13:29.339953+00:00
chunk_3ee143112356595e,unity_a2a886c163c72176,unity_docs,official_documentation,Manual,,Wind reference,https://docs.unity3d.com/6000.4/Documentation/Manual/terrain-Wind-Reference.html,unity_docs_incremental_260527_002,1,E:/系统/桌面/工作区/本学期/大三下/IT项目管理/大作业/Data/KnowledgeBase/processed_clean/dify_import/unity_docs_chunk_3ee143112356595e.md,1720,2026-05-27T13:13:29.341980+00:00
chunk_d6364bc13dc6327b,unity_a2a886c163c72176,unity_docs,official_documentation,Manual,,Wind reference,https://docs.unity3d.com/6000.4/Documentation/Manual/terrain-Wind-Reference.html,unity_docs_incremental_260527_002,2,E:/系统/桌面/工作区/本学期/大三下/IT项目管理/大作业/Data/KnowledgeBase/processed_clean/dify_import/unity_docs_chunk_d6364bc13dc6327b.md,374,2026-05-27T13:13:29.342923+00:00
chunk_bf29594f0ffe2d2e,unity_0cdf9754cd96e4f7,unity_docs,official_documentation,ScriptReference,,WindZone,https://docs.unity3d.com/6000.4/Documentation/ScriptReference/WindZone.html,unity_docs_incremental_260527_002,1,E:/系统/桌面/工作区/本学期/大三下/IT项目管理/大作业/Data/KnowledgeBase/processed_clean/dify_import/unity_docs_chunk_bf29594f0ffe2d2e.md,1728,2026-05-27T13:13:29.344583+00:00
chunk_a4cddccae9628543,unity_0cdf9754cd96e4f7,unity_docs,official_documentation,ScriptReference,,WindZone,https://docs.unity3d.com/6000.4/Documentation/ScriptReference/WindZone.html,unity_docs_incremental_260527_002,2,E:/系统/桌面/工作区/本学期/大三下/IT项目管理/大作业/Data/KnowledgeBase/processed_clean/dify_import/unity_docs_chunk_a4cddccae9628543.md,1800,2026-05-27T13:13:29.345213+00:00
chunk_d7164dab32a3999b,unity_2b44105d80421673,unity_docs,official_documentation,Manual,,External Forces module reference,https://docs.unity3d.com/6000.4/Documentation/Manual/PartSysExtForceModule.html,unity_docs_incremental_260527_002,1,E:/系统/桌面/工作区/本学期/大三下/IT项目管理/大作业/Data/KnowledgeBase/processed_clean/dify_import/unity_docs_chunk_d7164dab32a3999b.md,1793,2026-05-27T13:13:29.346724+00:00
chunk_ba68ea2aeb34b56a,unity_2b44105d80421673,unity_docs,official_documentation,Manual,,External Forces module reference,https://docs.unity3d.com/6000.4/Documentation/Manual/PartSysExtForceModule.html,unity_docs_incremental_260527_002,2,E:/系统/桌面/工作区/本学期/大三下/IT项目管理/大作业/Data/KnowledgeBase/processed_clean/dify_import/unity_docs_chunk_ba68ea2aeb34b56a.md,538,2026-05-27T13:13:29.347513+00:00
chunk_2f671e3c8f6f0815,unity_1f328e6e5ea31cf0,unity_docs,official_documentation,Manual,,Video and cutscenes,https://docs.unity3d.com/6000.4/Documentation/Manual/Video.html,unity_docs_incremental_260527_002,1,E:/系统/桌面/工作区/本学期/大三下/IT项目管理/大作业/Data/KnowledgeBase/processed_clean/dify_import/unity_docs_chunk_2f671e3c8f6f0815.md,1565,2026-05-27T13:13:29.349106+00:00
chunk_66f3de42578a0317,unity_68b79aa20753bd93,unity_docs,official_documentation,Manual,,Set up your 3D panoramic video,https://docs.unity3d.com/6000.4/Documentation/Manual/VideoPanoramic-3D.html,unity_docs_incremental_260527_002,1,E:/系统/桌面/工作区/本学期/大三下/IT项目管理/大作业/Data/KnowledgeBase/processed_clean/dify_import/unity_docs_chunk_66f3de42578a0317.md,1764,2026-05-27T13:13:29.350808+00:00
chunk_e08142e197370b77,unity_68b79aa20753bd93,unity_docs,official_documentation,Manual,,Set up your 3D panoramic video,https://docs.unity3d.com/6000.4/Documentation/Manual/VideoPanoramic-3D.html,unity_docs_incremental_260527_002,2,E:/系统/桌面/工作区/本学期/大三下/IT项目管理/大作业/Data/KnowledgeBase/processed_clean/dify_import/unity_docs_chunk_e08142e197370b77.md,1034,2026-05-27T13:13:29.351837+00:00
chunk_8b00372b63e53e47,unity_65145f5b959ab12d,unity_docs,official_documentation,Manual,,Video Clip Importer reference,https://docs.unity3d.com/6000.4/Documentation/Manual/class-VideoClip.html,unity_docs_incremental_260527_002,1,E:/系统/桌面/工作区/本学期/大三下/IT项目管理/大作业/Data/KnowledgeBase/processed_clean/dify_import/unity_docs_chunk_8b00372b63e53e47.md,1792,2026-05-27T13:13:29.353949+00:00
chunk_0bb57fadbeda18b0,unity_65145f5b959ab12d,unity_docs,official_documentation,Manual,,Video Clip Importer reference,https://docs.unity3d.com/6000.4/Documentation/Manual/class-VideoClip.html,unity_docs_incremental_260527_002,2,E:/系统/桌面/工作区/本学期/大三下/IT项目管理/大作业/Data/KnowledgeBase/processed_clean/dify_import/unity_docs_chunk_0bb57fadbeda18b0.md,1789,2026-05-27T13:13:29.354641+00:00
chunk_9a9115ea5fa536dd,unity_65145f5b959ab12d,unity_docs,official_documentation,Manual,,Video Clip Importer reference,https://docs.unity3d.com/6000.4/Documentation/Manual/class-VideoClip.html,unity_docs_incremental_260527_002,3,E:/系统/桌面/工作区/本学期/大三下/IT项目管理/大作业/Data/KnowledgeBase/processed_clean/dify_import/unity_docs_chunk_9a9115ea5fa536dd.md,1664,2026-05-27T13:13:29.355520+00:00
chunk_e23d901244f9115d,unity_65145f5b959ab12d,unity_docs,official_documentation,Manual,,Video Clip Importer reference,https://docs.unity3d.com/6000.4/Documentation/Manual/class-VideoClip.html,unity_docs_incremental_260527_002,4,E:/系统/桌面/工作区/本学期/大三下/IT项目管理/大作业/Data/KnowledgeBase/processed_clean/dify_import/unity_docs_chunk_e23d901244f9115d.md,1427,2026-05-27T13:13:29.356531+00:00
chunk_90ee376dbde44c08,unity_2feca83718815ba3,unity_docs,official_documentation,Manual,,Rendering paths in URP,https://docs.unity3d.com/6000.4/Documentation/Manual/urp/rendering-paths-landing.html,unity_docs_incremental_260527_002,1,E:/系统/桌面/工作区/本学期/大三下/IT项目管理/大作业/Data/KnowledgeBase/processed_clean/dify_import/unity_docs_chunk_90ee376dbde44c08.md,1631,2026-05-27T13:13:29.357689+00:00
chunk_78b2a13e9fc71cec,unity_2feca83718815ba3,unity_docs,official_documentation,Manual,,Rendering paths in URP,https://docs.unity3d.com/6000.4/Documentation/Manual/urp/rendering-paths-landing.html,unity_docs_incremental_260527_002,2,E:/系统/桌面/工作区/本学期/大三下/IT项目管理/大作业/Data/KnowledgeBase/processed_clean/dify_import/unity_docs_chunk_78b2a13e9fc71cec.md,402,2026-05-27T13:13:29.358595+00:00
chunk_119ba637abcf8aa6,unity_f0074f5d2ae0b87d,unity_docs,official_documentation,Manual,,Introduction to lighting in the Universal Render Pipeline,https://docs.unity3d.com/6000.4/Documentation/Manual/urp/lighting/lighting-in-urp.html,unity_docs_incremental_260527_002,1,E:/系统/桌面/工作区/本学期/大三下/IT项目管理/大作业/Data/KnowledgeBase/processed_clean/dify_import/unity_docs_chunk_119ba637abcf8aa6.md,947,2026-05-27T13:13:29.360041+00:00
chunk_14a40033e95a7e56,unity_0a4079ae57e11f2c,unity_docs,official_documentation,Manual,,Add light emission to a material,https://docs.unity3d.com/6000.4/Documentation/Manual/StandardShaderMaterialParameterEmission.html,unity_docs_incremental_260527_002,1,E:/系统/桌面/工作区/本学期/大三下/IT项目管理/大作业/Data/KnowledgeBase/processed_clean/dify_import/unity_docs_chunk_14a40033e95a7e56.md,1785,2026-05-27T13:13:29.361751+00:00
chunk_73fb3a3de0897457,unity_0a4079ae57e11f2c,unity_docs,official_documentation,Manual,,Add light emission to a material,https://docs.unity3d.com/6000.4/Documentation/Manual/StandardShaderMaterialParameterEmission.html,unity_docs_incremental_260527_002,2,E:/系统/桌面/工作区/本学期/大三下/IT项目管理/大作业/Data/KnowledgeBase/processed_clean/dify_import/unity_docs_chunk_73fb3a3de0897457.md,1487,2026-05-27T13:13:29.362581+00:00
chunk_c7607b6c0351d304,unity_96f158114197a1c8,unity_docs,official_documentation,Manual,,View and control a light from its perspective in URP,https://docs.unity3d.com/6000.4/Documentation/Manual/urp/lights-placement-tool.html,unity_docs_incremental_260527_002,1,E:/系统/桌面/工作区/本学期/大三下/IT项目管理/大作业/Data/KnowledgeBase/processed_clean/dify_import/unity_docs_chunk_c7607b6c0351d304.md,1721,2026-05-27T13:13:29.364720+00:00
chunk_336a5a3452e7c8f4,unity_96f158114197a1c8,unity_docs,official_documentation,Manual,,View and control a light from its perspective in URP,https://docs.unity3d.com/6000.4/Documentation/Manual/urp/lights-placement-tool.html,unity_docs_incremental_260527_002,2,E:/系统/桌面/工作区/本学期/大三下/IT项目管理/大作业/Data/KnowledgeBase/processed_clean/dify_import/unity_docs_chunk_336a5a3452e7c8f4.md,1792,2026-05-27T13:13:29.365590+00:00
chunk_c54e0027264fed73,unity_81927c084b109a09,unity_docs,official_documentation,Manual,,Emit light from a GameObject in the Built-In Render Pipeline,https://docs.unity3d.com/6000.4/Documentation/Manual/lighting-emissive-materials.html,unity_docs_incremental_260527_002,1,E:/系统/桌面/工作区/本学期/大三下/IT项目管理/大作业/Data/KnowledgeBase/processed_clean/dify_import/unity_docs_chunk_c54e0027264fed73.md,1620,2026-05-27T13:13:29.367645+00:00
chunk_966797ce76be3efc,unity_81927c084b109a09,unity_docs,official_documentation,Manual,,Emit light from a GameObject in the Built-In Render Pipeline,https://docs.unity3d.com/6000.4/Documentation/Manual/lighting-emissive-materials.html,unity_docs_incremental_260527_002,2,E:/系统/桌面/工作区/本学期/大三下/IT项目管理/大作业/Data/KnowledgeBase/processed_clean/dify_import/unity_docs_chunk_966797ce76be3efc.md,1788,2026-05-27T13:13:29.368736+00:00
chunk_52e7818d28160f30,unity_750b3712f97b7c4e,unity_docs,official_documentation,Manual,,Light component Inspector window reference for URP,https://docs.unity3d.com/6000.4/Documentation/Manual/urp/light-component.html,unity_docs_incremental_260527_002,1,E:/系统/桌面/工作区/本学期/大三下/IT项目管理/大作业/Data/KnowledgeBase/processed_clean/dify_import/unity_docs_chunk_52e7818d28160f30.md,1796,2026-05-27T13:13:29.372168+00:00
chunk_1551a8b57f0b7437,unity_750b3712f97b7c4e,unity_docs,official_documentation,Manual,,Light component Inspector window reference for URP,https://docs.unity3d.com/6000.4/Documentation/Manual/urp/light-component.html,unity_docs_incremental_260527_002,2,E:/系统/桌面/工作区/本学期/大三下/IT项目管理/大作业/Data/KnowledgeBase/processed_clean/dify_import/unity_docs_chunk_1551a8b57f0b7437.md,1727,2026-05-27T13:13:29.372743+00:00
chunk_dda6cd62def52487,unity_750b3712f97b7c4e,unity_docs,official_documentation,Manual,,Light component Inspector window reference for URP,https://docs.unity3d.com/6000.4/Documentation/Manual/urp/light-component.html,unity_docs_incremental_260527_002,3,E:/系统/桌面/工作区/本学期/大三下/IT项目管理/大作业/Data/KnowledgeBase/processed_clean/dify_import/unity_docs_chunk_dda6cd62def52487.md,1758,2026-05-27T13:13:29.373483+00:00
chunk_8ccd2fe3718c1921,unity_750b3712f97b7c4e,unity_docs,official_documentation,Manual,,Light component Inspector window reference for URP,https://docs.unity3d.com/6000.4/Documentation/Manual/urp/light-component.html,unity_docs_incremental_260527_002,4,E:/系统/桌面/工作区/本学期/大三下/IT项目管理/大作业/Data/KnowledgeBase/processed_clean/dify_import/unity_docs_chunk_8ccd2fe3718c1921.md,1773,2026-05-27T13:13:29.373994+00:00
chunk_1411459406cdc8a7,unity_750b3712f97b7c4e,unity_docs,official_documentation,Manual,,Light component Inspector window reference for URP,https://docs.unity3d.com/6000.4/Documentation/Manual/urp/light-component.html,unity_docs_incremental_260527_002,5,E:/系统/桌面/工作区/本学期/大三下/IT项目管理/大作业/Data/KnowledgeBase/processed_clean/dify_import/unity_docs_chunk_1411459406cdc8a7.md,1650,2026-05-27T13:13:29.374502+00:00
chunk_0fc1a7decc366cfd,unity_03fabb9bdf328352,unity_docs,official_documentation,Manual,,Apply a cookie,https://docs.unity3d.com/6000.4/Documentation/Manual/Cookies-apply.html,unity_docs_incremental_260527_002,1,E:/系统/桌面/工作区/本学期/大三下/IT项目管理/大作业/Data/KnowledgeBase/processed_clean/dify_import/unity_docs_chunk_0fc1a7decc366cfd.md,798,2026-05-27T13:13:29.375763+00:00
chunk_321c1b587ca0dbb1,unity_cdb1051c0c1f28d0,unity_docs,official_documentation,Manual,,Save and load lighting settings with Lightmap Parameters Assets,https://docs.unity3d.com/6000.4/Documentation/Manual/configure-with-lightmap-parameters-asset.html,unity_docs_incremental_260527_002,1,E:/系统/桌面/工作区/本学期/大三下/IT项目管理/大作业/Data/KnowledgeBase/processed_clean/dify_import/unity_docs_chunk_321c1b587ca0dbb1.md,1645,2026-05-27T13:13:29.377713+00:00
chunk_c33a4916a8f5fbe6,unity_cdb1051c0c1f28d0,unity_docs,official_documentation,Manual,,Save and load lighting settings with Lightmap Parameters Assets,https://docs.unity3d.com/6000.4/Documentation/Manual/configure-with-lightmap-parameters-asset.html,unity_docs_incremental_260527_002,2,E:/系统/桌面/工作区/本学期/大三下/IT项目管理/大作业/Data/KnowledgeBase/processed_clean/dify_import/unity_docs_chunk_c33a4916a8f5fbe6.md,1786,2026-05-27T13:13:29.378363+00:00
chunk_f6c2c8da1fb192a8,unity_df6cbf7a684da062,unity_docs,official_documentation,Manual,,Types of Reflection Probe,https://docs.unity3d.com/6000.4/Documentation/Manual/RefProbeTypes.html,unity_docs_incremental_260527_002,1,E:/系统/桌面/工作区/本学期/大三下/IT项目管理/大作业/Data/KnowledgeBase/processed_clean/dify_import/unity_docs_chunk_f6c2c8da1fb192a8.md,1606,2026-05-27T13:13:29.380205+00:00
chunk_7bfac1cf4100cb2f,unity_df6cbf7a684da062,unity_docs,official_documentation,Manual,,Types of Reflection Probe,https://docs.unity3d.com/6000.4/Documentation/Manual/RefProbeTypes.html,unity_docs_incremental_260527_002,2,E:/系统/桌面/工作区/本学期/大三下/IT项目管理/大作业/Data/KnowledgeBase/processed_clean/dify_import/unity_docs_chunk_7bfac1cf4100cb2f.md,1755,2026-05-27T13:13:29.380994+00:00
chunk_cd47910d374a5f23,unity_df6cbf7a684da062,unity_docs,official_documentation,Manual,,Types of Reflection Probe,https://docs.unity3d.com/6000.4/Documentation/Manual/RefProbeTypes.html,unity_docs_incremental_260527_002,3,E:/系统/桌面/工作区/本学期/大三下/IT项目管理/大作业/Data/KnowledgeBase/processed_clean/dify_import/unity_docs_chunk_cd47910d374a5f23.md,1376,2026-05-27T13:13:29.381774+00:00
chunk_228980a9fe9cc193,unity_648ce06ef11ac9d8,unity_docs,official_documentation,Manual,,Add GameObjects to reflections,https://docs.unity3d.com/6000.4/Documentation/Manual/ReflectionProbes-set-gameobjects.html,unity_docs_incremental_260527_002,1,E:/系统/桌面/工作区/本学期/大三下/IT项目管理/大作业/Data/KnowledgeBase/processed_clean/dify_import/unity_docs_chunk_228980a9fe9cc193.md,1795,2026-05-27T13:13:29.383538+00:00
chunk_d67e408b61ed4b6b,unity_648ce06ef11ac9d8,unity_docs,official_documentation,Manual,,Add GameObjects to reflections,https://docs.unity3d.com/6000.4/Documentation/Manual/ReflectionProbes-set-gameobjects.html,unity_docs_incremental_260527_002,2,E:/系统/桌面/工作区/本学期/大三下/IT项目管理/大作业/Data/KnowledgeBase/processed_clean/dify_import/unity_docs_chunk_d67e408b61ed4b6b.md,1750,2026-05-27T13:13:29.384160+00:00
chunk_35100cabbfd9f75d,unity_648ce06ef11ac9d8,unity_docs,official_documentation,Manual,,Add GameObjects to reflections,https://docs.unity3d.com/6000.4/Documentation/Manual/ReflectionProbes-set-gameobjects.html,unity_docs_incremental_260527_002,3,E:/系统/桌面/工作区/本学期/大三下/IT项目管理/大作业/Data/KnowledgeBase/processed_clean/dify_import/unity_docs_chunk_35100cabbfd9f75d.md,338,2026-05-27T13:13:29.384693+00:00
chunk_3deb5f7db5af47e6,unity_fffade237c1576ad,unity_docs,official_documentation,Manual,,Set GameObjects to use Reflection Probes,https://docs.unity3d.com/6000.4/Documentation/Manual/ReflectionProbes-set-gameobjects-use.html,unity_docs_incremental_260527_002,1,E:/系统/桌面/工作区/本学期/大三下/IT项目管理/大作业/Data/KnowledgeBase/processed_clean/dify_import/unity_docs_chunk_3deb5f7db5af47e6.md,1642,2026-05-27T13:13:29.386197+00:00
chunk_9cc5b5724ed74dd2,unity_fffade237c1576ad,unity_docs,official_documentation,Manual,,Set GameObjects to use Reflection Probes,https://docs.unity3d.com/6000.4/Documentation/Manual/ReflectionProbes-set-gameobjects-use.html,unity_docs_incremental_260527_002,2,E:/系统/桌面/工作区/本学期/大三下/IT项目管理/大作业/Data/KnowledgeBase/processed_clean/dify_import/unity_docs_chunk_9cc5b5724ed74dd2.md,498,2026-05-27T13:13:29.386780+00:00
chunk_6ec9f8d1c6d791ce,unity_38af574df3ff911c,unity_docs,official_documentation,Manual,,Enable reflections of reflections,https://docs.unity3d.com/6000.4/Documentation/Manual/ReflectionProbes-EnableReflectionsOfReflections.html,unity_docs_incremental_260527_002,1,E:/系统/桌面/工作区/本学期/大三下/IT项目管理/大作业/Data/KnowledgeBase/processed_clean/dify_import/unity_docs_chunk_6ec9f8d1c6d791ce.md,1750,2026-05-27T13:13:29.388061+00:00
chunk_29a5eb3c4821a0b0,unity_38af574df3ff911c,unity_docs,official_documentation,Manual,,Enable reflections of reflections,https://docs.unity3d.com/6000.4/Documentation/Manual/ReflectionProbes-EnableReflectionsOfReflections.html,unity_docs_incremental_260527_002,2,E:/系统/桌面/工作区/本学期/大三下/IT项目管理/大作业/Data/KnowledgeBase/processed_clean/dify_import/unity_docs_chunk_29a5eb3c4821a0b0.md,312,2026-05-27T13:13:29.388669+00:00
chunk_679207277eff944c,unity_05fd213c5c2fac8d,unity_docs,official_documentation,Manual,,Optimize reflections,https://docs.unity3d.com/6000.4/Documentation/Manual/RefProbePerformance.html,unity_docs_incremental_260527_002,1,E:/系统/桌面/工作区/本学期/大三下/IT项目管理/大作业/Data/KnowledgeBase/processed_clean/dify_import/unity_docs_chunk_679207277eff944c.md,1799,2026-05-27T13:13:29.391314+00:00
chunk_762befc6e187af33,unity_05fd213c5c2fac8d,unity_docs,official_documentation,Manual,,Optimize reflections,https://docs.unity3d.com/6000.4/Documentation/Manual/RefProbePerformance.html,unity_docs_incremental_260527_002,2,E:/系统/桌面/工作区/本学期/大三下/IT项目管理/大作业/Data/KnowledgeBase/processed_clean/dify_import/unity_docs_chunk_762befc6e187af33.md,1676,2026-05-27T13:13:29.391830+00:00
chunk_653150ec75932892,unity_05fd213c5c2fac8d,unity_docs,official_documentation,Manual,,Optimize reflections,https://docs.unity3d.com/6000.4/Documentation/Manual/RefProbePerformance.html,unity_docs_incremental_260527_002,3,E:/系统/桌面/工作区/本学期/大三下/IT项目管理/大作业/Data/KnowledgeBase/processed_clean/dify_import/unity_docs_chunk_653150ec75932892.md,1669,2026-05-27T13:13:29.392360+00:00
chunk_867cc01483446e6f,unity_05fd213c5c2fac8d,unity_docs,official_documentation,Manual,,Optimize reflections,https://docs.unity3d.com/6000.4/Documentation/Manual/RefProbePerformance.html,unity_docs_incremental_260527_002,4,E:/系统/桌面/工作区/本学期/大三下/IT项目管理/大作业/Data/KnowledgeBase/processed_clean/dify_import/unity_docs_chunk_867cc01483446e6f.md,1494,2026-05-27T13:13:29.392898+00:00
chunk_38e88ef028467e0c,unity_b72f4bccd109322a,unity_docs,official_documentation,Manual,,Light limits in URP,https://docs.unity3d.com/6000.4/Documentation/Manual/urp/lighting/light-limits-in-urp.html,unity_docs_incremental_260527_002,1,E:/系统/桌面/工作区/本学期/大三下/IT项目管理/大作业/Data/KnowledgeBase/processed_clean/dify_import/unity_docs_chunk_38e88ef028467e0c.md,1713,2026-05-27T13:13:29.394454+00:00
chunk_04b924db9f91c8fc,unity_b72f4bccd109322a,unity_docs,official_documentation,Manual,,Light limits in URP,https://docs.unity3d.com/6000.4/Documentation/Manual/urp/lighting/light-limits-in-urp.html,unity_docs_incremental_260527_002,2,E:/系统/桌面/工作区/本学期/大三下/IT项目管理/大作业/Data/KnowledgeBase/processed_clean/dify_import/unity_docs_chunk_04b924db9f91c8fc.md,603,2026-05-27T13:13:29.395065+00:00
chunk_93f84645314e4001,unity_d3103d9ff319977b,unity_docs,official_documentation,Manual,,Shadows in URP,https://docs.unity3d.com/6000.4/Documentation/Manual/urp/Shadows-in-URP.html,unity_docs_incremental_260527_002,1,E:/系统/桌面/工作区/本学期/大三下/IT项目管理/大作业/Data/KnowledgeBase/processed_clean/dify_import/unity_docs_chunk_93f84645314e4001.md,1706,2026-05-27T13:13:29.396302+00:00
chunk_c7abcc9b304fcaa4,unity_59c5e5497a95b575,unity_docs,official_documentation,Manual,,Universal Additional Light Data component in URP,https://docs.unity3d.com/6000.4/Documentation/Manual/urp/universal-additional-light-data.html,unity_docs_incremental_260527_002,1,E:/系统/桌面/工作区/本学期/大三下/IT项目管理/大作业/Data/KnowledgeBase/processed_clean/dify_import/unity_docs_chunk_c7abcc9b304fcaa4.md,1327,2026-05-27T13:13:29.397769+00:00
chunk_8689e22dd18f372d,unity_f78a614aa9a24dfe,unity_docs,official_documentation,Manual,,Troubleshooting lights flickering or disappearing,https://docs.unity3d.com/6000.4/Documentation/Manual/urp/ts-lights-flicker-disappear.html,unity_docs_incremental_260527_002,1,E:/系统/桌面/工作区/本学期/大三下/IT项目管理/大作业/Data/KnowledgeBase/processed_clean/dify_import/unity_docs_chunk_8689e22dd18f372d.md,1744,2026-05-27T13:13:29.399256+00:00
chunk_d930ae937d4cad4a,unity_f78a614aa9a24dfe,unity_docs,official_documentation,Manual,,Troubleshooting lights flickering or disappearing,https://docs.unity3d.com/6000.4/Documentation/Manual/urp/ts-lights-flicker-disappear.html,unity_docs_incremental_260527_002,2,E:/系统/桌面/工作区/本学期/大三下/IT项目管理/大作业/Data/KnowledgeBase/processed_clean/dify_import/unity_docs_chunk_d930ae937d4cad4a.md,1649,2026-05-27T13:13:29.399677+00:00
chunk_6832863f87fe4c6b,unity_f78a614aa9a24dfe,unity_docs,official_documentation,Manual,,Troubleshooting lights flickering or disappearing,https://docs.unity3d.com/6000.4/Documentation/Manual/urp/ts-lights-flicker-disappear.html,unity_docs_incremental_260527_002,3,E:/系统/桌面/工作区/本学期/大三下/IT项目管理/大作业/Data/KnowledgeBase/processed_clean/dify_import/unity_docs_chunk_6832863f87fe4c6b.md,1150,2026-05-27T13:13:29.400092+00:00
chunk_9b82de650f7eff46,unity_3ce491cddb6f1214,unity_docs,official_documentation,Manual,,Custom lighting in URP,https://docs.unity3d.com/6000.4/Documentation/Manual/urp/lighting/custom-lighting-landing.html,unity_docs_incremental_260527_002,1,E:/系统/桌面/工作区/本学期/大三下/IT项目管理/大作业/Data/KnowledgeBase/processed_clean/dify_import/unity_docs_chunk_9b82de650f7eff46.md,1519,2026-05-27T13:13:29.400917+00:00
chunk_bff8061473232075,unity_9ec4ab070656bc80,unity_docs,official_documentation,Manual,,Configure for better performance in URP,https://docs.unity3d.com/6000.4/Documentation/Manual/urp/configure-for-better-performance.html,unity_docs_incremental_260527_002,1,E:/系统/桌面/工作区/本学期/大三下/IT项目管理/大作业/Data/KnowledgeBase/processed_clean/dify_import/unity_docs_chunk_bff8061473232075.md,1755,2026-05-27T13:13:29.402733+00:00
chunk_0c5cbaf4b500be9e,unity_9ec4ab070656bc80,unity_docs,official_documentation,Manual,,Configure for better performance in URP,https://docs.unity3d.com/6000.4/Documentation/Manual/urp/configure-for-better-performance.html,unity_docs_incremental_260527_002,2,E:/系统/桌面/工作区/本学期/大三下/IT项目管理/大作业/Data/KnowledgeBase/processed_clean/dify_import/unity_docs_chunk_0c5cbaf4b500be9e.md,1743,2026-05-27T13:13:29.403227+00:00
chunk_e1cadea33b54dfc6,unity_9ec4ab070656bc80,unity_docs,official_documentation,Manual,,Configure for better performance in URP,https://docs.unity3d.com/6000.4/Documentation/Manual/urp/configure-for-better-performance.html,unity_docs_incremental_260527_002,3,E:/系统/桌面/工作区/本学期/大三下/IT项目管理/大作业/Data/KnowledgeBase/processed_clean/dify_import/unity_docs_chunk_e1cadea33b54dfc6.md,1790,2026-05-27T13:13:29.403725+00:00
chunk_880c5457f30c8bcc,unity_9ec4ab070656bc80,unity_docs,official_documentation,Manual,,Configure for better performance in URP,https://docs.unity3d.com/6000.4/Documentation/Manual/urp/configure-for-better-performance.html,unity_docs_incremental_260527_002,4,E:/系统/桌面/工作区/本学期/大三下/IT项目管理/大作业/Data/KnowledgeBase/processed_clean/dify_import/unity_docs_chunk_880c5457f30c8bcc.md,1793,2026-05-27T13:13:29.404639+00:00
chunk_d632ee0e2bef7efc,unity_9ec4ab070656bc80,unity_docs,official_documentation,Manual,,Configure for better performance in URP,https://docs.unity3d.com/6000.4/Documentation/Manual/urp/configure-for-better-performance.html,unity_docs_incremental_260527_002,5,E:/系统/桌面/工作区/本学期/大三下/IT项目管理/大作业/Data/KnowledgeBase/processed_clean/dify_import/unity_docs_chunk_d632ee0e2bef7efc.md,1785,2026-05-27T13:13:29.405510+00:00
chunk_1c2c20563a7e276d,unity_9ec4ab070656bc80,unity_docs,official_documentation,Manual,,Configure for better performance in URP,https://docs.unity3d.com/6000.4/Documentation/Manual/urp/configure-for-better-performance.html,unity_docs_incremental_260527_002,6,E:/系统/桌面/工作区/本学期/大三下/IT项目管理/大作业/Data/KnowledgeBase/processed_clean/dify_import/unity_docs_chunk_1c2c20563a7e276d.md,325,2026-05-27T13:13:29.405982+00:00
chunk_546f7cb8536ef21f,unity_37c6981ab9f97c7c,unity_docs,official_documentation,Manual,,Create cookies in the Built-In Render Pipeline,https://docs.unity3d.com/6000.4/Documentation/Manual/creating-cookies-built-in-render-pipeline.html,unity_docs_incremental_260527_002,1,E:/系统/桌面/工作区/本学期/大三下/IT项目管理/大作业/Data/KnowledgeBase/processed_clean/dify_import/unity_docs_chunk_546f7cb8536ef21f.md,1776,2026-05-27T13:13:29.410856+00:00
chunk_d8bacd2afbfa80ce,unity_37c6981ab9f97c7c,unity_docs,official_documentation,Manual,,Create cookies in the Built-In Render Pipeline,https://docs.unity3d.com/6000.4/Documentation/Manual/creating-cookies-built-in-render-pipeline.html,unity_docs_incremental_260527_002,2,E:/系统/桌面/工作区/本学期/大三下/IT项目管理/大作业/Data/KnowledgeBase/processed_clean/dify_import/unity_docs_chunk_d8bacd2afbfa80ce.md,1702,2026-05-27T13:13:29.411754+00:00
chunk_f4e338658b5f98b2,unity_37c6981ab9f97c7c,unity_docs,official_documentation,Manual,,Create cookies in the Built-In Render Pipeline,https://docs.unity3d.com/6000.4/Documentation/Manual/creating-cookies-built-in-render-pipeline.html,unity_docs_incremental_260527_002,3,E:/系统/桌面/工作区/本学期/大三下/IT项目管理/大作业/Data/KnowledgeBase/processed_clean/dify_import/unity_docs_chunk_f4e338658b5f98b2.md,419,2026-05-27T13:13:29.412606+00:00
chunk_bf51ec07509b9b89,unity_fe1e7085a03f3d5f,unity_docs,official_documentation,Manual,,Shadows in the Built-In Render Pipeline,https://docs.unity3d.com/6000.4/Documentation/Manual/shadows-in-birp.html,unity_docs_incremental_260527_002,1,E:/系统/桌面/工作区/本学期/大三下/IT项目管理/大作业/Data/KnowledgeBase/processed_clean/dify_import/unity_docs_chunk_bf51ec07509b9b89.md,796,2026-05-27T13:13:29.413744+00:00
chunk_dbb4c8343c52916b,unity_f289071fa621db82,unity_docs,official_documentation,Manual,,Blend Reflection Probes in the Built-In Render Pipeline,https://docs.unity3d.com/6000.4/Documentation/Manual/blend-reflection-probes-birp.html,unity_docs_incremental_260527_002,1,E:/系统/桌面/工作区/本学期/大三下/IT项目管理/大作业/Data/KnowledgeBase/processed_clean/dify_import/unity_docs_chunk_dbb4c8343c52916b.md,1724,2026-05-27T13:13:29.415231+00:00
chunk_b67896b43ebfa772,unity_f289071fa621db82,unity_docs,official_documentation,Manual,,Blend Reflection Probes in the Built-In Render Pipeline,https://docs.unity3d.com/6000.4/Documentation/Manual/blend-reflection-probes-birp.html,unity_docs_incremental_260527_002,2,E:/系统/桌面/工作区/本学期/大三下/IT项目管理/大作业/Data/KnowledgeBase/processed_clean/dify_import/unity_docs_chunk_b67896b43ebfa772.md,1240,2026-05-27T13:13:29.415927+00:00
chunk_5d07164e49c58766,unity_f289071fa621db82,unity_docs,official_documentation,Manual,,Blend Reflection Probes in the Built-In Render Pipeline,https://docs.unity3d.com/6000.4/Documentation/Manual/blend-reflection-probes-birp.html,unity_docs_incremental_260527_002,3,E:/系统/桌面/工作区/本学期/大三下/IT项目管理/大作业/Data/KnowledgeBase/processed_clean/dify_import/unity_docs_chunk_5d07164e49c58766.md,950,2026-05-27T13:13:29.416761+00:00
chunk_137b01b08241b3e5,unity_8e6d3e0df4718a9c,unity_docs,official_documentation,Manual,,Pass tags in ShaderLab reference,https://docs.unity3d.com/6000.4/Documentation/Manual/SL-PassTags.html,unity_docs_incremental_260527_002,1,E:/系统/桌面/工作区/本学期/大三下/IT项目管理/大作业/Data/KnowledgeBase/processed_clean/dify_import/unity_docs_chunk_137b01b08241b3e5.md,1788,2026-05-27T13:13:29.418586+00:00
chunk_43b66c924e59dc0d,unity_8e6d3e0df4718a9c,unity_docs,official_documentation,Manual,,Pass tags in ShaderLab reference,https://docs.unity3d.com/6000.4/Documentation/Manual/SL-PassTags.html,unity_docs_incremental_260527_002,2,E:/系统/桌面/工作区/本学期/大三下/IT项目管理/大作业/Data/KnowledgeBase/processed_clean/dify_import/unity_docs_chunk_43b66c924e59dc0d.md,1705,2026-05-27T13:13:29.419307+00:00
chunk_9c601e6301f1359f,unity_8e6d3e0df4718a9c,unity_docs,official_documentation,Manual,,Pass tags in ShaderLab reference,https://docs.unity3d.com/6000.4/Documentation/Manual/SL-PassTags.html,unity_docs_incremental_260527_002,3,E:/系统/桌面/工作区/本学期/大三下/IT项目管理/大作业/Data/KnowledgeBase/processed_clean/dify_import/unity_docs_chunk_9c601e6301f1359f.md,1784,2026-05-27T13:13:29.420009+00:00
chunk_325c9f1c438cc003,unity_8e6d3e0df4718a9c,unity_docs,official_documentation,Manual,,Pass tags in ShaderLab reference,https://docs.unity3d.com/6000.4/Documentation/Manual/SL-PassTags.html,unity_docs_incremental_260527_002,4,E:/系统/桌面/工作区/本学期/大三下/IT项目管理/大作业/Data/KnowledgeBase/processed_clean/dify_import/unity_docs_chunk_325c9f1c438cc003.md,370,2026-05-27T13:13:29.420819+00:00
chunk_2615449e8617677c,unity_f24470514f7decb2,unity_docs,official_documentation,Manual,,Configure lightmapping with a Lighting Settings Asset,https://docs.unity3d.com/6000.4/Documentation/Manual/global-illumination-configure.html,unity_docs_incremental_260527_002,1,E:/系统/桌面/工作区/本学期/大三下/IT项目管理/大作业/Data/KnowledgeBase/processed_clean/dify_import/unity_docs_chunk_2615449e8617677c.md,1759,2026-05-27T13:13:29.422152+00:00
chunk_05a00a9fbaee6f29,unity_f24470514f7decb2,unity_docs,official_documentation,Manual,,Configure lightmapping with a Lighting Settings Asset,https://docs.unity3d.com/6000.4/Documentation/Manual/global-illumination-configure.html,unity_docs_incremental_260527_002,2,E:/系统/桌面/工作区/本学期/大三下/IT项目管理/大作业/Data/KnowledgeBase/processed_clean/dify_import/unity_docs_chunk_05a00a9fbaee6f29.md,1791,2026-05-27T13:13:29.422587+00:00
chunk_0658d6a500be66e3,unity_f24470514f7decb2,unity_docs,official_documentation,Manual,,Configure lightmapping with a Lighting Settings Asset,https://docs.unity3d.com/6000.4/Documentation/Manual/global-illumination-configure.html,unity_docs_incremental_260527_002,3,E:/系统/桌面/工作区/本学期/大三下/IT项目管理/大作业/Data/KnowledgeBase/processed_clean/dify_import/unity_docs_chunk_0658d6a500be66e3.md,1689,2026-05-27T13:13:29.422996+00:00
chunk_e5b88a594e9d6a80,unity_415065335967adc0,unity_docs,official_documentation,Manual,,Lightmapping settings in the Lighting Settings Asset reference,https://docs.unity3d.com/6000.4/Documentation/Manual/Lightmaps-reference.html,unity_docs_incremental_260527_002,1,E:/系统/桌面/工作区/本学期/大三下/IT项目管理/大作业/Data/KnowledgeBase/processed_clean/dify_import/unity_docs_chunk_e5b88a594e9d6a80.md,1797,2026-05-27T13:13:29.425291+00:00
chunk_b7cd3bf49c88d964,unity_415065335967adc0,unity_docs,official_documentation,Manual,,Lightmapping settings in the Lighting Settings Asset reference,https://docs.unity3d.com/6000.4/Documentation/Manual/Lightmaps-reference.html,unity_docs_incremental_260527_002,2,E:/系统/桌面/工作区/本学期/大三下/IT项目管理/大作业/Data/KnowledgeBase/processed_clean/dify_import/unity_docs_chunk_b7cd3bf49c88d964.md,1581,2026-05-27T13:13:29.425791+00:00
chunk_b2c20cd340579494,unity_415065335967adc0,unity_docs,official_documentation,Manual,,Lightmapping settings in the Lighting Settings Asset reference,https://docs.unity3d.com/6000.4/Documentation/Manual/Lightmaps-reference.html,unity_docs_incremental_260527_002,3,E:/系统/桌面/工作区/本学期/大三下/IT项目管理/大作业/Data/KnowledgeBase/processed_clean/dify_import/unity_docs_chunk_b2c20cd340579494.md,1706,2026-05-27T13:13:29.426183+00:00
chunk_59d3b91b58d41860,unity_415065335967adc0,unity_docs,official_documentation,Manual,,Lightmapping settings in the Lighting Settings Asset reference,https://docs.unity3d.com/6000.4/Documentation/Manual/Lightmaps-reference.html,unity_docs_incremental_260527_002,4,E:/系统/桌面/工作区/本学期/大三下/IT项目管理/大作业/Data/KnowledgeBase/processed_clean/dify_import/unity_docs_chunk_59d3b91b58d41860.md,1751,2026-05-27T13:13:29.426550+00:00
chunk_18d3e64298163f8b,unity_415065335967adc0,unity_docs,official_documentation,Manual,,Lightmapping settings in the Lighting Settings Asset reference,https://docs.unity3d.com/6000.4/Documentation/Manual/Lightmaps-reference.html,unity_docs_incremental_260527_002,5,E:/系统/桌面/工作区/本学期/大三下/IT项目管理/大作业/Data/KnowledgeBase/processed_clean/dify_import/unity_docs_chunk_18d3e64298163f8b.md,1616,2026-05-27T13:13:29.427118+00:00
chunk_393feb0220e60e07,unity_415065335967adc0,unity_docs,official_documentation,Manual,,Lightmapping settings in the Lighting Settings Asset reference,https://docs.unity3d.com/6000.4/Documentation/Manual/Lightmaps-reference.html,unity_docs_incremental_260527_002,6,E:/系统/桌面/工作区/本学期/大三下/IT项目管理/大作业/Data/KnowledgeBase/processed_clean/dify_import/unity_docs_chunk_393feb0220e60e07.md,1711,2026-05-27T13:13:29.427588+00:00
chunk_0b184023662d8f17,unity_415065335967adc0,unity_docs,official_documentation,Manual,,Lightmapping settings in the Lighting Settings Asset reference,https://docs.unity3d.com/6000.4/Documentation/Manual/Lightmaps-reference.html,unity_docs_incremental_260527_002,7,E:/系统/桌面/工作区/本学期/大三下/IT项目管理/大作业/Data/KnowledgeBase/processed_clean/dify_import/unity_docs_chunk_0b184023662d8f17.md,1751,2026-05-27T13:13:29.427981+00:00
chunk_0ebb9a9cd61950a7,unity_415065335967adc0,unity_docs,official_documentation,Manual,,Lightmapping settings in the Lighting Settings Asset reference,https://docs.unity3d.com/6000.4/Documentation/Manual/Lightmaps-reference.html,unity_docs_incremental_260527_002,8,E:/系统/桌面/工作区/本学期/大三下/IT项目管理/大作业/Data/KnowledgeBase/processed_clean/dify_import/unity_docs_chunk_0ebb9a9cd61950a7.md,1795,2026-05-27T13:13:29.428397+00:00
chunk_061dbe39e221eafa,unity_415065335967adc0,unity_docs,official_documentation,Manual,,Lightmapping settings in the Lighting Settings Asset reference,https://docs.unity3d.com/6000.4/Documentation/Manual/Lightmaps-reference.html,unity_docs_incremental_260527_002,9,E:/系统/桌面/工作区/本学期/大三下/IT项目管理/大作业/Data/KnowledgeBase/processed_clean/dify_import/unity_docs_chunk_061dbe39e221eafa.md,1684,2026-05-27T13:13:29.428962+00:00
chunk_d31480dd00b2482c,unity_415065335967adc0,unity_docs,official_documentation,Manual,,Lightmapping settings in the Lighting Settings Asset reference,https://docs.unity3d.com/6000.4/Documentation/Manual/Lightmaps-reference.html,unity_docs_incremental_260527_002,10,E:/系统/桌面/工作区/本学期/大三下/IT项目管理/大作业/Data/KnowledgeBase/processed_clean/dify_import/unity_docs_chunk_d31480dd00b2482c.md,1212,2026-05-27T13:13:29.429530+00:00
chunk_982bc935b91eb61d,unity_a66e775a1e2e03b0,unity_docs,official_documentation,ScriptReference,,ShaderImporter,https://docs.unity3d.com/6000.4/Documentation/ScriptReference/ShaderImporter.html,unity_docs_incremental_260527_002,1,E:/系统/桌面/工作区/本学期/大三下/IT项目管理/大作业/Data/KnowledgeBase/processed_clean/dify_import/unity_docs_chunk_982bc935b91eb61d.md,1765,2026-05-27T13:13:29.430829+00:00
chunk_5e1d3c76c19ffb07,unity_a66e775a1e2e03b0,unity_docs,official_documentation,ScriptReference,,ShaderImporter,https://docs.unity3d.com/6000.4/Documentation/ScriptReference/ShaderImporter.html,unity_docs_incremental_260527_002,2,E:/系统/桌面/工作区/本学期/大三下/IT项目管理/大作业/Data/KnowledgeBase/processed_clean/dify_import/unity_docs_chunk_5e1d3c76c19ffb07.md,1299,2026-05-27T13:13:29.431363+00:00
chunk_030f4d57ad9f408d,unity_4a1357d553476159,unity_docs,official_documentation,Manual,,Shader compilation,https://docs.unity3d.com/6000.4/Documentation/Manual/shader-compilation.html,unity_docs_incremental_260527_002,1,E:/系统/桌面/工作区/本学期/大三下/IT项目管理/大作业/Data/KnowledgeBase/processed_clean/dify_import/unity_docs_chunk_030f4d57ad9f408d.md,1640,2026-05-27T13:13:29.433108+00:00
chunk_7e6820da6ed3f894,unity_4a1357d553476159,unity_docs,official_documentation,Manual,,Shader compilation,https://docs.unity3d.com/6000.4/Documentation/Manual/shader-compilation.html,unity_docs_incremental_260527_002,2,E:/系统/桌面/工作区/本学期/大三下/IT项目管理/大作业/Data/KnowledgeBase/processed_clean/dify_import/unity_docs_chunk_7e6820da6ed3f894.md,1725,2026-05-27T13:13:29.433702+00:00
chunk_f5180200a734b28b,unity_4a1357d553476159,unity_docs,official_documentation,Manual,,Shader compilation,https://docs.unity3d.com/6000.4/Documentation/Manual/shader-compilation.html,unity_docs_incremental_260527_002,3,E:/系统/桌面/工作区/本学期/大三下/IT项目管理/大作业/Data/KnowledgeBase/processed_clean/dify_import/unity_docs_chunk_f5180200a734b28b.md,881,2026-05-27T13:13:29.434249+00:00
chunk_5036dbe5c0b12dd2,unity_69f3315bfe361af9,unity_docs,official_documentation,Manual,,Set the render pipeline and render order for a shader,https://docs.unity3d.com/6000.4/Documentation/Manual/writing-shader-tags-introduction.html,unity_docs_incremental_260527_002,1,E:/系统/桌面/工作区/本学期/大三下/IT项目管理/大作业/Data/KnowledgeBase/processed_clean/dify_import/unity_docs_chunk_5036dbe5c0b12dd2.md,1733,2026-05-27T13:13:29.436794+00:00
chunk_1bee6a942f026ed4,unity_69f3315bfe361af9,unity_docs,official_documentation,Manual,,Set the render pipeline and render order for a shader,https://docs.unity3d.com/6000.4/Documentation/Manual/writing-shader-tags-introduction.html,unity_docs_incremental_260527_002,2,E:/系统/桌面/工作区/本学期/大三下/IT项目管理/大作业/Data/KnowledgeBase/processed_clean/dify_import/unity_docs_chunk_1bee6a942f026ed4.md,1783,2026-05-27T13:13:29.437699+00:00
chunk_3ae6531efb675c4e,unity_69f3315bfe361af9,unity_docs,official_documentation,Manual,,Set the render pipeline and render order for a shader,https://docs.unity3d.com/6000.4/Documentation/Manual/writing-shader-tags-introduction.html,unity_docs_incremental_260527_002,3,E:/系统/桌面/工作区/本学期/大三下/IT项目管理/大作业/Data/KnowledgeBase/processed_clean/dify_import/unity_docs_chunk_3ae6531efb675c4e.md,1232,2026-05-27T13:13:29.438363+00:00
chunk_76885d276942ed77,unity_5b92ba60ab44d973,unity_docs,official_documentation,Manual,,Scriptable Render Pipeline (SRP) Batcher in URP,https://docs.unity3d.com/6000.4/Documentation/Manual/SRPBatcher-landing.html,unity_docs_incremental_260527_002,1,E:/系统/桌面/工作区/本学期/大三下/IT项目管理/大作业/Data/KnowledgeBase/processed_clean/dify_import/unity_docs_chunk_76885d276942ed77.md,1738,2026-05-27T13:13:29.439772+00:00
chunk_4eb69382afe09848,unity_33e21a2d707f7a42,unity_docs,official_documentation,Manual,,Changing how shaders work using keywords,https://docs.unity3d.com/6000.4/Documentation/Manual/SL-MultipleProgramVariants.html,unity_docs_incremental_260527_002,1,E:/系统/桌面/工作区/本学期/大三下/IT项目管理/大作业/Data/KnowledgeBase/processed_clean/dify_import/unity_docs_chunk_4eb69382afe09848.md,1604,2026-05-27T13:13:29.440915+00:00
chunk_367ba00b18d41006,unity_570f1211170ac9f0,unity_docs,official_documentation,Manual,,Unity - Manual: Choosing your particle system solution,https://docs.unity3d.com/6000.4/Documentation/Manual/ChoosingYourParticleSystem.html,unity_docs_incremental_260527_002,1,E:/系统/桌面/工作区/本学期/大三下/IT项目管理/大作业/Data/KnowledgeBase/processed_clean/dify_import/unity_docs_chunk_367ba00b18d41006.md,1745,2026-05-27T13:13:29.442520+00:00
chunk_cd531d9a0174132d,unity_570f1211170ac9f0,unity_docs,official_documentation,Manual,,Unity - Manual: Choosing your particle system solution,https://docs.unity3d.com/6000.4/Documentation/Manual/ChoosingYourParticleSystem.html,unity_docs_incremental_260527_002,2,E:/系统/桌面/工作区/本学期/大三下/IT项目管理/大作业/Data/KnowledgeBase/processed_clean/dify_import/unity_docs_chunk_cd531d9a0174132d.md,1689,2026-05-27T13:13:29.443068+00:00
chunk_a053600d97c27c0b,unity_570f1211170ac9f0,unity_docs,official_documentation,Manual,,Unity - Manual: Choosing your particle system solution,https://docs.unity3d.com/6000.4/Documentation/Manual/ChoosingYourParticleSystem.html,unity_docs_incremental_260527_002,3,E:/系统/桌面/工作区/本学期/大三下/IT项目管理/大作业/Data/KnowledgeBase/processed_clean/dify_import/unity_docs_chunk_a053600d97c27c0b.md,1039,2026-05-27T13:13:29.443582+00:00
chunk_4d2cc200a8cbc8a1,unity_56f4bcbf0effdedb,unity_docs,official_documentation,Manual,,Create and view a Particle System,https://docs.unity3d.com/6000.4/Documentation/Manual/PartSysUsage.html,unity_docs_incremental_260527_002,1,E:/系统/桌面/工作区/本学期/大三下/IT项目管理/大作业/Data/KnowledgeBase/processed_clean/dify_import/unity_docs_chunk_4d2cc200a8cbc8a1.md,1654,2026-05-27T13:13:29.444972+00:00
chunk_a4c3e664af7ebff1,unity_56f4bcbf0effdedb,unity_docs,official_documentation,Manual,,Create and view a Particle System,https://docs.unity3d.com/6000.4/Documentation/Manual/PartSysUsage.html,unity_docs_incremental_260527_002,2,E:/系统/桌面/工作区/本学期/大三下/IT项目管理/大作业/Data/KnowledgeBase/processed_clean/dify_import/unity_docs_chunk_a4c3e664af7ebff1.md,1571,2026-05-27T13:13:29.445978+00:00
chunk_9c6c688327feaf3b,unity_8ded87e538177f42,unity_docs,official_documentation,Manual,,Configuring particles,https://docs.unity3d.com/6000.4/Documentation/Manual/configuring-particles.html,unity_docs_incremental_260527_002,1,E:/系统/桌面/工作区/本学期/大三下/IT项目管理/大作业/Data/KnowledgeBase/processed_clean/dify_import/unity_docs_chunk_9c6c688327feaf3b.md,1631,2026-05-27T13:13:29.447407+00:00
chunk_b42bd8ddb3c50772,unity_2eefca3d2cae358a,unity_docs,official_documentation,Manual,,Optimize the Particle System with the C# Job System,https://docs.unity3d.com/6000.4/Documentation/Manual/particle-system-job-system-integration.html,unity_docs_incremental_260527_002,1,E:/系统/桌面/工作区/本学期/大三下/IT项目管理/大作业/Data/KnowledgeBase/processed_clean/dify_import/unity_docs_chunk_b42bd8ddb3c50772.md,1797,2026-05-27T13:13:29.448858+00:00
chunk_b2eab45397f8b213,unity_2eefca3d2cae358a,unity_docs,official_documentation,Manual,,Optimize the Particle System with the C# Job System,https://docs.unity3d.com/6000.4/Documentation/Manual/particle-system-job-system-integration.html,unity_docs_incremental_260527_002,2,E:/系统/桌面/工作区/本学期/大三下/IT项目管理/大作业/Data/KnowledgeBase/processed_clean/dify_import/unity_docs_chunk_b2eab45397f8b213.md,805,2026-05-27T13:13:29.449488+00:00
chunk_ecc144c6c42d25ad,unity_0f68ed27dc745a1b,unity_docs,official_documentation,Manual,,Particle System Force Field component reference,https://docs.unity3d.com/6000.4/Documentation/Manual/class-ParticleSystemForceField.html,unity_docs_incremental_260527_002,1,E:/系统/桌面/工作区/本学期/大三下/IT项目管理/大作业/Data/KnowledgeBase/processed_clean/dify_import/unity_docs_chunk_ecc144c6c42d25ad.md,1683,2026-05-27T13:13:29.451425+00:00
chunk_04e09503dafee2be,unity_0f68ed27dc745a1b,unity_docs,official_documentation,Manual,,Particle System Force Field component reference,https://docs.unity3d.com/6000.4/Documentation/Manual/class-ParticleSystemForceField.html,unity_docs_incremental_260527_002,2,E:/系统/桌面/工作区/本学期/大三下/IT项目管理/大作业/Data/KnowledgeBase/processed_clean/dify_import/unity_docs_chunk_04e09503dafee2be.md,1795,2026-05-27T13:13:29.452142+00:00
chunk_da8a1662a97087c4,unity_0f68ed27dc745a1b,unity_docs,official_documentation,Manual,,Particle System Force Field component reference,https://docs.unity3d.com/6000.4/Documentation/Manual/class-ParticleSystemForceField.html,unity_docs_incremental_260527_002,3,E:/系统/桌面/工作区/本学期/大三下/IT项目管理/大作业/Data/KnowledgeBase/processed_clean/dify_import/unity_docs_chunk_da8a1662a97087c4.md,612,2026-05-27T13:13:29.452902+00:00
chunk_51865bcbe371a250,unity_cb85d144dace2c63,unity_docs,official_documentation,Manual,,Introduction to decals and projection,https://docs.unity3d.com/6000.4/Documentation/Manual/introduction-decals-projection.html,unity_docs_incremental_260527_002,1,E:/系统/桌面/工作区/本学期/大三下/IT项目管理/大作业/Data/KnowledgeBase/processed_clean/dify_import/unity_docs_chunk_51865bcbe371a250.md,1046,2026-05-27T13:13:29.454280+00:00
chunk_c54c0c58161281c2,unity_efee80b913303e60,unity_docs,official_documentation,Manual,,Decals in URP,https://docs.unity3d.com/6000.4/Documentation/Manual/urp/renderer-feature-decal-landing.html,unity_docs_incremental_260527_002,1,E:/系统/桌面/工作区/本学期/大三下/IT项目管理/大作业/Data/KnowledgeBase/processed_clean/dify_import/unity_docs_chunk_c54c0c58161281c2.md,1500,2026-05-27T13:13:29.455700+00:00
chunk_697148b433ae9982,unity_d01203b2e0e69cb7,unity_docs,official_documentation,Manual,,Decals in the Built-In Render Pipeline,https://docs.unity3d.com/6000.4/Documentation/Manual/decals-birp.html,unity_docs_incremental_260527_002,1,E:/系统/桌面/工作区/本学期/大三下/IT项目管理/大作业/Data/KnowledgeBase/processed_clean/dify_import/unity_docs_chunk_697148b433ae9982.md,1021,2026-05-27T13:13:29.456499+00:00
chunk_bb903d53b8a092fa,unity_6b044be4376a63c9,unity_docs,official_documentation,Manual,,Projector component reference for the Built-In Render Pipeline,https://docs.unity3d.com/6000.4/Documentation/Manual/class-Projector.html,unity_docs_incremental_260527_002,1,E:/系统/桌面/工作区/本学期/大三下/IT项目管理/大作业/Data/KnowledgeBase/processed_clean/dify_import/unity_docs_chunk_bb903d53b8a092fa.md,1420,2026-05-27T13:13:29.457615+00:00
chunk_c71bc7646e1cdaff,unity_a0ea2cfd8cfb5ec7,unity_docs,official_documentation,Manual,,Introduction to decals in URP,https://docs.unity3d.com/6000.4/Documentation/Manual/urp/renderer-feature-decal.html,unity_docs_incremental_260527_002,1,E:/系统/桌面/工作区/本学期/大三下/IT项目管理/大作业/Data/KnowledgeBase/processed_clean/dify_import/unity_docs_chunk_c71bc7646e1cdaff.md,1591,2026-05-27T13:13:29.458844+00:00
chunk_d46b76561265e167,unity_a0ea2cfd8cfb5ec7,unity_docs,official_documentation,Manual,,Introduction to decals in URP,https://docs.unity3d.com/6000.4/Documentation/Manual/urp/renderer-feature-decal.html,unity_docs_incremental_260527_002,2,E:/系统/桌面/工作区/本学期/大三下/IT项目管理/大作业/Data/KnowledgeBase/processed_clean/dify_import/unity_docs_chunk_d46b76561265e167.md,913,2026-05-27T13:13:29.459595+00:00
chunk_a4d069eecb250419,unity_9759bba54b20671c,unity_docs,official_documentation,Manual,,Introduction to lens flare effects,https://docs.unity3d.com/6000.4/Documentation/Manual/lens-flare-introduction.html,unity_docs_incremental_260527_002,1,E:/系统/桌面/工作区/本学期/大三下/IT项目管理/大作业/Data/KnowledgeBase/processed_clean/dify_import/unity_docs_chunk_a4d069eecb250419.md,1704,2026-05-27T13:13:29.460882+00:00
chunk_aa4d1bde768e83ca,unity_9759bba54b20671c,unity_docs,official_documentation,Manual,,Introduction to lens flare effects,https://docs.unity3d.com/6000.4/Documentation/Manual/lens-flare-introduction.html,unity_docs_incremental_260527_002,2,E:/系统/桌面/工作区/本学期/大三下/IT项目管理/大作业/Data/KnowledgeBase/processed_clean/dify_import/unity_docs_chunk_aa4d1bde768e83ca.md,271,2026-05-27T13:13:29.461431+00:00
chunk_e54e6db38b56eb11,unity_115d6d6a4aa74a70,unity_docs,official_documentation,Manual,,Lens flares in URP,https://docs.unity3d.com/6000.4/Documentation/Manual/urp/shared/lens-flare/lens-flare.html,unity_docs_incremental_260527_002,1,E:/系统/桌面/工作区/本学期/大三下/IT项目管理/大作业/Data/KnowledgeBase/processed_clean/dify_import/unity_docs_chunk_e54e6db38b56eb11.md,1771,2026-05-27T13:13:29.462954+00:00
chunk_d810c956b94b411b,unity_90e95591d2737d87,unity_docs,official_documentation,Manual,,Lens Flare (SRP) Data Asset in URP,https://docs.unity3d.com/6000.4/Documentation/Manual/urp/shared/lens-flare/lens-flare-asset.html,unity_docs_incremental_260527_002,1,E:/系统/桌面/工作区/本学期/大三下/IT项目管理/大作业/Data/KnowledgeBase/processed_clean/dify_import/unity_docs_chunk_d810c956b94b411b.md,1780,2026-05-27T13:13:29.465344+00:00
chunk_fe20852c010411c8,unity_90e95591d2737d87,unity_docs,official_documentation,Manual,,Lens Flare (SRP) Data Asset in URP,https://docs.unity3d.com/6000.4/Documentation/Manual/urp/shared/lens-flare/lens-flare-asset.html,unity_docs_incremental_260527_002,2,E:/系统/桌面/工作区/本学期/大三下/IT项目管理/大作业/Data/KnowledgeBase/processed_clean/dify_import/unity_docs_chunk_fe20852c010411c8.md,1761,2026-05-27T13:13:29.466094+00:00
chunk_9455217508ef628c,unity_90e95591d2737d87,unity_docs,official_documentation,Manual,,Lens Flare (SRP) Data Asset in URP,https://docs.unity3d.com/6000.4/Documentation/Manual/urp/shared/lens-flare/lens-flare-asset.html,unity_docs_incremental_260527_002,3,E:/系统/桌面/工作区/本学期/大三下/IT项目管理/大作业/Data/KnowledgeBase/processed_clean/dify_import/unity_docs_chunk_9455217508ef628c.md,1794,2026-05-27T13:13:29.467089+00:00
chunk_0e72a26a56e145dd,unity_90e95591d2737d87,unity_docs,official_documentation,Manual,,Lens Flare (SRP) Data Asset in URP,https://docs.unity3d.com/6000.4/Documentation/Manual/urp/shared/lens-flare/lens-flare-asset.html,unity_docs_incremental_260527_002,4,E:/系统/桌面/工作区/本学期/大三下/IT项目管理/大作业/Data/KnowledgeBase/processed_clean/dify_import/unity_docs_chunk_0e72a26a56e145dd.md,1729,2026-05-27T13:13:29.467923+00:00
chunk_d68b6773cb028a6a,unity_90e95591d2737d87,unity_docs,official_documentation,Manual,,Lens Flare (SRP) Data Asset in URP,https://docs.unity3d.com/6000.4/Documentation/Manual/urp/shared/lens-flare/lens-flare-asset.html,unity_docs_incremental_260527_002,5,E:/系统/桌面/工作区/本学期/大三下/IT项目管理/大作业/Data/KnowledgeBase/processed_clean/dify_import/unity_docs_chunk_d68b6773cb028a6a.md,1770,2026-05-27T13:13:29.468817+00:00
chunk_cebd0671bebb7c7c,unity_90e95591d2737d87,unity_docs,official_documentation,Manual,,Lens Flare (SRP) Data Asset in URP,https://docs.unity3d.com/6000.4/Documentation/Manual/urp/shared/lens-flare/lens-flare-asset.html,unity_docs_incremental_260527_002,6,E:/系统/桌面/工作区/本学期/大三下/IT项目管理/大作业/Data/KnowledgeBase/processed_clean/dify_import/unity_docs_chunk_cebd0671bebb7c7c.md,1391,2026-05-27T13:13:29.469308+00:00
chunk_cc109af172abce1d,unity_d32af6e1f124944b,unity_docs,official_documentation,Manual,,Add lens flares in URP,https://docs.unity3d.com/6000.4/Documentation/Manual/urp/shared/lens-flare/lens-flare-component.html,unity_docs_incremental_260527_002,1,E:/系统/桌面/工作区/本学期/大三下/IT项目管理/大作业/Data/KnowledgeBase/processed_clean/dify_import/unity_docs_chunk_cc109af172abce1d.md,1729,2026-05-27T13:13:29.470420+00:00
chunk_05df706693d9fd84,unity_d32af6e1f124944b,unity_docs,official_documentation,Manual,,Add lens flares in URP,https://docs.unity3d.com/6000.4/Documentation/Manual/urp/shared/lens-flare/lens-flare-component.html,unity_docs_incremental_260527_002,2,E:/系统/桌面/工作区/本学期/大三下/IT项目管理/大作业/Data/KnowledgeBase/processed_clean/dify_import/unity_docs_chunk_05df706693d9fd84.md,1513,2026-05-27T13:13:29.470837+00:00
chunk_5fdfea57fe484333,unity_bdd0558552691a98,unity_docs,official_documentation,Manual,,Add screen space lens flares in URP,https://docs.unity3d.com/6000.4/Documentation/Manual/urp/shared/lens-flare/post-processing-screen-space-lens-flare.html,unity_docs_incremental_260527_002,1,E:/系统/桌面/工作区/本学期/大三下/IT项目管理/大作业/Data/KnowledgeBase/processed_clean/dify_import/unity_docs_chunk_5fdfea57fe484333.md,1737,2026-05-27T13:13:29.472468+00:00
chunk_d00d5cc126b4a8fd,unity_bdd0558552691a98,unity_docs,official_documentation,Manual,,Add screen space lens flares in URP,https://docs.unity3d.com/6000.4/Documentation/Manual/urp/shared/lens-flare/post-processing-screen-space-lens-flare.html,unity_docs_incremental_260527_002,2,E:/系统/桌面/工作区/本学期/大三下/IT项目管理/大作业/Data/KnowledgeBase/processed_clean/dify_import/unity_docs_chunk_d00d5cc126b4a8fd.md,1623,2026-05-27T13:13:29.472992+00:00
chunk_c247e674ec3388af,unity_bdd0558552691a98,unity_docs,official_documentation,Manual,,Add screen space lens flares in URP,https://docs.unity3d.com/6000.4/Documentation/Manual/urp/shared/lens-flare/post-processing-screen-space-lens-flare.html,unity_docs_incremental_260527_002,3,E:/系统/桌面/工作区/本学期/大三下/IT项目管理/大作业/Data/KnowledgeBase/processed_clean/dify_import/unity_docs_chunk_c247e674ec3388af.md,863,2026-05-27T13:13:29.473680+00:00
chunk_f32d97b0fc2b8d1a,unity_151430573a162fc2,unity_docs,official_documentation,Manual,,VFX Project Settings,https://docs.unity3d.com/6000.4/Documentation/Manual/class-VFXManager.html,unity_docs_incremental_260527_002,1,E:/系统/桌面/工作区/本学期/大三下/IT项目管理/大作业/Data/KnowledgeBase/processed_clean/dify_import/unity_docs_chunk_f32d97b0fc2b8d1a.md,793,2026-05-27T13:13:29.474815+00:00
chunk_cb92690cf31dc066,unity_0b2b40ac6ea933a0,unity_docs,official_documentation,Manual,,Visual Effect Graph asset,https://docs.unity3d.com/6000.4/Documentation/Manual/class-VisualEffectAsset.html,unity_docs_incremental_260527_002,1,E:/系统/桌面/工作区/本学期/大三下/IT项目管理/大作业/Data/KnowledgeBase/processed_clean/dify_import/unity_docs_chunk_cb92690cf31dc066.md,774,2026-05-27T13:13:29.476034+00:00
chunk_a6d80ecbfc47207f,unity_f10926c694fe73c2,unity_docs,official_documentation,Manual,,Block Subgraph asset,https://docs.unity3d.com/6000.4/Documentation/Manual/class-VisualEffectSubgraphBlock.html,unity_docs_incremental_260527_002,1,E:/系统/桌面/工作区/本学期/大三下/IT项目管理/大作业/Data/KnowledgeBase/processed_clean/dify_import/unity_docs_chunk_a6d80ecbfc47207f.md,820,2026-05-27T13:13:29.476826+00:00
chunk_f49e92ae1609d6b6,unity_adae6235439266db,unity_docs,official_documentation,Manual,,Operator Subgraph asset,https://docs.unity3d.com/6000.4/Documentation/Manual/class-VisualEffectSubgraphOperator.html,unity_docs_incremental_260527_002,1,E:/系统/桌面/工作区/本学期/大三下/IT项目管理/大作业/Data/KnowledgeBase/processed_clean/dify_import/unity_docs_chunk_f49e92ae1609d6b6.md,846,2026-05-27T13:13:29.477622+00:00
chunk_1f752ad6ed6f3bb8,unity_87b14c4fcc4f7920,unity_docs,official_documentation,Manual,,Audio spatializers in XR,https://docs.unity3d.com/6000.4/Documentation/Manual/VRAudioSpatializer.html,unity_docs_incremental_260527_002,1,E:/系统/桌面/工作区/本学期/大三下/IT项目管理/大作业/Data/KnowledgeBase/processed_clean/dify_import/unity_docs_chunk_1f752ad6ed6f3bb8.md,1796,2026-05-27T13:13:29.478831+00:00
chunk_03ebe68832bc2f22,unity_87b14c4fcc4f7920,unity_docs,official_documentation,Manual,,Audio spatializers in XR,https://docs.unity3d.com/6000.4/Documentation/Manual/VRAudioSpatializer.html,unity_docs_incremental_260527_002,2,E:/系统/桌面/工作区/本学期/大三下/IT项目管理/大作业/Data/KnowledgeBase/processed_clean/dify_import/unity_docs_chunk_03ebe68832bc2f22.md,1780,2026-05-27T13:13:29.479434+00:00
chunk_d78752b018bc8a27,unity_87b14c4fcc4f7920,unity_docs,official_documentation,Manual,,Audio spatializers in XR,https://docs.unity3d.com/6000.4/Documentation/Manual/VRAudioSpatializer.html,unity_docs_incremental_260527_002,3,E:/系统/桌面/工作区/本学期/大三下/IT项目管理/大作业/Data/KnowledgeBase/processed_clean/dify_import/unity_docs_chunk_d78752b018bc8a27.md,223,2026-05-27T13:13:29.479852+00:00
chunk_97107f4562b5d688,unity_5e5ead79d8d7d338,unity_docs,official_documentation,Manual,,Using Unity as a Library in other applications,https://docs.unity3d.com/6000.4/Documentation/Manual/UnityasaLibrary.html,unity_docs_incremental_260527_002,1,E:/系统/桌面/工作区/本学期/大三下/IT项目管理/大作业/Data/KnowledgeBase/processed_clean/dify_import/unity_docs_chunk_97107f4562b5d688.md,1723,2026-05-27T13:13:29.481355+00:00
chunk_549d21c3ad0a44f9,unity_5e5ead79d8d7d338,unity_docs,official_documentation,Manual,,Using Unity as a Library in other applications,https://docs.unity3d.com/6000.4/Documentation/Manual/UnityasaLibrary.html,unity_docs_incremental_260527_002,2,E:/系统/桌面/工作区/本学期/大三下/IT项目管理/大作业/Data/KnowledgeBase/processed_clean/dify_import/unity_docs_chunk_549d21c3ad0a44f9.md,1057,2026-05-27T13:13:29.482126+00:00
chunk_c92aab32f5fa7074,unity_ab1db3b5b7734b53,unity_docs,official_documentation,Manual,,Deep linking,https://docs.unity3d.com/6000.4/Documentation/Manual/deep-linking.html,unity_docs_incremental_260527_002,1,E:/系统/桌面/工作区/本学期/大三下/IT项目管理/大作业/Data/KnowledgeBase/processed_clean/dify_import/unity_docs_chunk_c92aab32f5fa7074.md,1789,2026-05-27T13:13:29.483823+00:00
chunk_c6a32dae117f9c76,unity_ab1db3b5b7734b53,unity_docs,official_documentation,Manual,,Deep linking,https://docs.unity3d.com/6000.4/Documentation/Manual/deep-linking.html,unity_docs_incremental_260527_002,2,E:/系统/桌面/工作区/本学期/大三下/IT项目管理/大作业/Data/KnowledgeBase/processed_clean/dify_import/unity_docs_chunk_c6a32dae117f9c76.md,1759,2026-05-27T13:13:29.484453+00:00
chunk_37acdf00aae12c0a,unity_ab1db3b5b7734b53,unity_docs,official_documentation,Manual,,Deep linking,https://docs.unity3d.com/6000.4/Documentation/Manual/deep-linking.html,unity_docs_incremental_260527_002,3,E:/系统/桌面/工作区/本学期/大三下/IT项目管理/大作业/Data/KnowledgeBase/processed_clean/dify_import/unity_docs_chunk_37acdf00aae12c0a.md,387,2026-05-27T13:13:29.485051+00:00
chunk_2b1f2df2d94daa4e,unity_2b0b38bfa626ac48,unity_docs,official_documentation,Manual,,Xcode frame debugger Unity integration,https://docs.unity3d.com/6000.4/Documentation/Manual/XcodeFrameDebuggerIntegration.html,unity_docs_incremental_260527_002,1,E:/系统/桌面/工作区/本学期/大三下/IT项目管理/大作业/Data/KnowledgeBase/processed_clean/dify_import/unity_docs_chunk_2b1f2df2d94daa4e.md,1789,2026-05-27T13:13:29.486990+00:00
chunk_5d125c36df9784ed,unity_2b0b38bfa626ac48,unity_docs,official_documentation,Manual,,Xcode frame debugger Unity integration,https://docs.unity3d.com/6000.4/Documentation/Manual/XcodeFrameDebuggerIntegration.html,unity_docs_incremental_260527_002,2,E:/系统/桌面/工作区/本学期/大三下/IT项目管理/大作业/Data/KnowledgeBase/processed_clean/dify_import/unity_docs_chunk_5d125c36df9784ed.md,1767,2026-05-27T13:13:29.487880+00:00
chunk_ff33c77512fd2eba,unity_2b0b38bfa626ac48,unity_docs,official_documentation,Manual,,Xcode frame debugger Unity integration,https://docs.unity3d.com/6000.4/Documentation/Manual/XcodeFrameDebuggerIntegration.html,unity_docs_incremental_260527_002,3,E:/系统/桌面/工作区/本学期/大三下/IT项目管理/大作业/Data/KnowledgeBase/processed_clean/dify_import/unity_docs_chunk_ff33c77512fd2eba.md,1700,2026-05-27T13:13:29.488445+00:00
chunk_6804bb24bf235f56,unity_2b0b38bfa626ac48,unity_docs,official_documentation,Manual,,Xcode frame debugger Unity integration,https://docs.unity3d.com/6000.4/Documentation/Manual/XcodeFrameDebuggerIntegration.html,unity_docs_incremental_260527_002,4,E:/系统/桌面/工作区/本学期/大三下/IT项目管理/大作业/Data/KnowledgeBase/processed_clean/dify_import/unity_docs_chunk_6804bb24bf235f56.md,1798,2026-05-27T13:13:29.489058+00:00
chunk_b3acddb83020080f,unity_66d6a7ff3692418a,unity_docs,official_documentation,Manual,,Extending the device simulator,https://docs.unity3d.com/6000.4/Documentation/Manual/device-simulator-plugins.html,unity_docs_incremental_260527_002,1,E:/系统/桌面/工作区/本学期/大三下/IT项目管理/大作业/Data/KnowledgeBase/processed_clean/dify_import/unity_docs_chunk_b3acddb83020080f.md,1773,2026-05-27T13:13:29.490234+00:00
chunk_bf99dc2bc896a5e0,unity_66d6a7ff3692418a,unity_docs,official_documentation,Manual,,Extending the device simulator,https://docs.unity3d.com/6000.4/Documentation/Manual/device-simulator-plugins.html,unity_docs_incremental_260527_002,2,E:/系统/桌面/工作区/本学期/大三下/IT项目管理/大作业/Data/KnowledgeBase/processed_clean/dify_import/unity_docs_chunk_bf99dc2bc896a5e0.md,386,2026-05-27T13:13:29.490945+00:00
chunk_a51f578a4b0e6eba,unity_301c03d31ac0aa83,unity_docs,official_documentation,Manual,,Developing for Android,https://docs.unity3d.com/6000.4/Documentation/Manual/android-developing.html,unity_docs_incremental_260527_002,1,E:/系统/桌面/工作区/本学期/大三下/IT项目管理/大作业/Data/KnowledgeBase/processed_clean/dify_import/unity_docs_chunk_a51f578a4b0e6eba.md,1760,2026-05-27T13:13:29.492088+00:00
chunk_e103432fab941a29,unity_301c03d31ac0aa83,unity_docs,official_documentation,Manual,,Developing for Android,https://docs.unity3d.com/6000.4/Documentation/Manual/android-developing.html,unity_docs_incremental_260527_002,2,E:/系统/桌面/工作区/本学期/大三下/IT项目管理/大作业/Data/KnowledgeBase/processed_clean/dify_import/unity_docs_chunk_e103432fab941a29.md,433,2026-05-27T13:13:29.492761+00:00
chunk_a193a70934dc4e87,unity_f16168da72c2dfa3,unity_docs,official_documentation,Manual,,Google Play delivery considerations,https://docs.unity3d.com/6000.4/Documentation/Manual/google-play-delivery-considerations.html,unity_docs_incremental_260527_002,1,E:/系统/桌面/工作区/本学期/大三下/IT项目管理/大作业/Data/KnowledgeBase/processed_clean/dify_import/unity_docs_chunk_a193a70934dc4e87.md,1780,2026-05-27T13:13:29.494070+00:00
chunk_3cd08d4fa7a5858c,unity_6d2c18384ac08687,unity_docs,official_documentation,Manual,,Introduction to Dedicated Server,https://docs.unity3d.com/6000.4/Documentation/Manual/dedicated-server-introduction.html,unity_docs_incremental_260527_002,1,E:/系统/桌面/工作区/本学期/大三下/IT项目管理/大作业/Data/KnowledgeBase/processed_clean/dify_import/unity_docs_chunk_3cd08d4fa7a5858c.md,1353,2026-05-27T13:13:29.495870+00:00
chunk_d063bf9cb68711b7,unity_891ec1ef3203ac77,unity_docs,official_documentation,Manual,,Get started with Dedicated Server,https://docs.unity3d.com/6000.4/Documentation/Manual/dedicated-server-get-started.html,unity_docs_incremental_260527_002,1,E:/系统/桌面/工作区/本学期/大三下/IT项目管理/大作业/Data/KnowledgeBase/processed_clean/dify_import/unity_docs_chunk_d063bf9cb68711b7.md,1036,2026-05-27T13:13:29.497000+00:00
chunk_f9900114f04dac3b,unity_f2f304ad193f5f0f,unity_docs,official_documentation,Manual,,Build your application for Dedicated Server,https://docs.unity3d.com/6000.4/Documentation/Manual/dedicated-server-build.html,unity_docs_incremental_260527_002,1,E:/系统/桌面/工作区/本学期/大三下/IT项目管理/大作业/Data/KnowledgeBase/processed_clean/dify_import/unity_docs_chunk_f9900114f04dac3b.md,1732,2026-05-27T13:13:29.498573+00:00
chunk_9658bf3f9ae55c02,unity_f2f304ad193f5f0f,unity_docs,official_documentation,Manual,,Build your application for Dedicated Server,https://docs.unity3d.com/6000.4/Documentation/Manual/dedicated-server-build.html,unity_docs_incremental_260527_002,2,E:/系统/桌面/工作区/本学期/大三下/IT项目管理/大作业/Data/KnowledgeBase/processed_clean/dify_import/unity_docs_chunk_9658bf3f9ae55c02.md,669,2026-05-27T13:13:29.499493+00:00
chunk_65f9805836ccc636,unity_568b8264111a2997,unity_docs,official_documentation,Manual,,Dedicated Server AssetBundles,https://docs.unity3d.com/6000.4/Documentation/Manual/dedicated-server-assetbundles.html,unity_docs_incremental_260527_002,1,E:/系统/桌面/工作区/本学期/大三下/IT项目管理/大作业/Data/KnowledgeBase/processed_clean/dify_import/unity_docs_chunk_65f9805836ccc636.md,1723,2026-05-27T13:13:29.501209+00:00
chunk_2c644cfab12b6789,unity_3f51d4463ac9e8c4,unity_docs,official_documentation,Manual,,Desktop headless mode,https://docs.unity3d.com/6000.4/Documentation/Manual/desktop-headless-mode.html,unity_docs_incremental_260527_002,1,E:/系统/桌面/工作区/本学期/大三下/IT项目管理/大作业/Data/KnowledgeBase/processed_clean/dify_import/unity_docs_chunk_2c644cfab12b6789.md,1209,2026-05-27T13:13:29.502664+00:00
chunk_d284d1fdfef2c3a4,unity_95cf70b44094538e,unity_docs,official_documentation,Manual,,Configurations for embedded platforms,https://docs.unity3d.com/6000.4/Documentation/Manual/embedded-platforms-configurations.html,unity_docs_incremental_260527_002,1,E:/系统/桌面/工作区/本学期/大三下/IT项目管理/大作业/Data/KnowledgeBase/processed_clean/dify_import/unity_docs_chunk_d284d1fdfef2c3a4.md,1790,2026-05-27T13:13:29.504318+00:00
chunk_e9a9a0527f5f64e1,unity_95cf70b44094538e,unity_docs,official_documentation,Manual,,Configurations for embedded platforms,https://docs.unity3d.com/6000.4/Documentation/Manual/embedded-platforms-configurations.html,unity_docs_incremental_260527_002,2,E:/系统/桌面/工作区/本学期/大三下/IT项目管理/大作业/Data/KnowledgeBase/processed_clean/dify_import/unity_docs_chunk_e9a9a0527f5f64e1.md,1023,2026-05-27T13:13:29.504903+00:00
chunk_e2882a161197aadd,unity_b237f33ac86afc8a,unity_docs,official_documentation,Manual,,Logging in embedded platforms,https://docs.unity3d.com/6000.4/Documentation/Manual/embedded-platforms-logging.html,unity_docs_incremental_260527_002,1,E:/系统/桌面/工作区/本学期/大三下/IT项目管理/大作业/Data/KnowledgeBase/processed_clean/dify_import/unity_docs_chunk_e2882a161197aadd.md,1277,2026-05-27T13:13:29.506189+00:00
chunk_032c64a4a96aa31a,unity_f37cab2507b5fed6,unity_docs,official_documentation,Manual,,Create a minimal URP setup for embedded platforms,https://docs.unity3d.com/6000.4/Documentation/Manual/embedded-platforms-minimal-urp-setup.html,unity_docs_incremental_260527_002,1,E:/系统/桌面/工作区/本学期/大三下/IT项目管理/大作业/Data/KnowledgeBase/processed_clean/dify_import/unity_docs_chunk_032c64a4a96aa31a.md,1800,2026-05-27T13:13:29.508185+00:00
chunk_3a2eb430fbd39ead,unity_f37cab2507b5fed6,unity_docs,official_documentation,Manual,,Create a minimal URP setup for embedded platforms,https://docs.unity3d.com/6000.4/Documentation/Manual/embedded-platforms-minimal-urp-setup.html,unity_docs_incremental_260527_002,2,E:/系统/桌面/工作区/本学期/大三下/IT项目管理/大作业/Data/KnowledgeBase/processed_clean/dify_import/unity_docs_chunk_3a2eb430fbd39ead.md,1756,2026-05-27T13:13:29.509074+00:00
chunk_518627a278349e91,unity_f37cab2507b5fed6,unity_docs,official_documentation,Manual,,Create a minimal URP setup for embedded platforms,https://docs.unity3d.com/6000.4/Documentation/Manual/embedded-platforms-minimal-urp-setup.html,unity_docs_incremental_260527_002,3,E:/系统/桌面/工作区/本学期/大三下/IT项目管理/大作业/Data/KnowledgeBase/processed_clean/dify_import/unity_docs_chunk_518627a278349e91.md,1520,2026-05-27T13:13:29.509723+00:00
chunk_a15e6023182d9100,unity_8fbf214c339c4968,unity_docs,official_documentation,Manual,,Embedded Linux,https://docs.unity3d.com/6000.4/Documentation/Manual/embedded-linux.html,unity_docs_incremental_260527_002,1,E:/系统/桌面/工作区/本学期/大三下/IT项目管理/大作业/Data/KnowledgeBase/processed_clean/dify_import/unity_docs_chunk_a15e6023182d9100.md,1395,2026-05-27T13:13:29.511178+00:00
chunk_b75443aaf8c01ae0,unity_856afa7ad6bd7ecf,unity_docs,official_documentation,Manual,,QNX,https://docs.unity3d.com/6000.4/Documentation/Manual/qnx.html,unity_docs_incremental_260527_002,1,E:/系统/桌面/工作区/本学期/大三下/IT项目管理/大作业/Data/KnowledgeBase/processed_clean/dify_import/unity_docs_chunk_b75443aaf8c01ae0.md,1206,2026-05-27T13:13:29.512364+00:00
chunk_a4cf0496fb01e9e7,unity_5c5ac8a09558f90c,unity_docs,official_documentation,Manual,,Introducing iOS,https://docs.unity3d.com/6000.4/Documentation/Manual/ios-introducing.html,unity_docs_incremental_260527_002,1,E:/系统/桌面/工作区/本学期/大三下/IT项目管理/大作业/Data/KnowledgeBase/processed_clean/dify_import/unity_docs_chunk_a4cf0496fb01e9e7.md,990,2026-05-27T13:13:29.513777+00:00
chunk_104b088e89aebc5c,unity_95ed4e861f6488d9,unity_docs,official_documentation,Manual,,Getting started with iOS,https://docs.unity3d.com/6000.4/Documentation/Manual/iphone-GettingStarted.html,unity_docs_incremental_260527_002,1,E:/系统/桌面/工作区/本学期/大三下/IT项目管理/大作业/Data/KnowledgeBase/processed_clean/dify_import/unity_docs_chunk_104b088e89aebc5c.md,653,2026-05-27T13:13:29.515151+00:00
chunk_0d55d6f513d52cec,unity_201978c428357a3d,unity_docs,official_documentation,Manual,,Encryption export regulations,https://docs.unity3d.com/6000.4/Documentation/Manual/ios-encryption-export-regulations.html,unity_docs_incremental_260527_002,1,E:/系统/桌面/工作区/本学期/大三下/IT项目管理/大作业/Data/KnowledgeBase/processed_clean/dify_import/unity_docs_chunk_0d55d6f513d52cec.md,1787,2026-05-27T13:13:29.516583+00:00
chunk_a6d95b58d64b25b8,unity_201978c428357a3d,unity_docs,official_documentation,Manual,,Encryption export regulations,https://docs.unity3d.com/6000.4/Documentation/Manual/ios-encryption-export-regulations.html,unity_docs_incremental_260527_002,2,E:/系统/桌面/工作区/本学期/大三下/IT项目管理/大作业/Data/KnowledgeBase/processed_clean/dify_import/unity_docs_chunk_a6d95b58d64b25b8.md,277,2026-05-27T13:13:29.517300+00:00
chunk_60704453f09d02ab,unity_d96375823ac63993,unity_docs,official_documentation,Manual,,Linux build settings reference,https://docs.unity3d.com/6000.4/Documentation/Manual/Buildsettings-linux.html,unity_docs_incremental_260527_002,1,E:/系统/桌面/工作区/本学期/大三下/IT项目管理/大作业/Data/KnowledgeBase/processed_clean/dify_import/unity_docs_chunk_60704453f09d02ab.md,1757,2026-05-27T13:13:29.518837+00:00
chunk_f964303b220d5a76,unity_d96375823ac63993,unity_docs,official_documentation,Manual,,Linux build settings reference,https://docs.unity3d.com/6000.4/Documentation/Manual/Buildsettings-linux.html,unity_docs_incremental_260527_002,2,E:/系统/桌面/工作区/本学期/大三下/IT项目管理/大作业/Data/KnowledgeBase/processed_clean/dify_import/unity_docs_chunk_f964303b220d5a76.md,1790,2026-05-27T13:13:29.519565+00:00
chunk_b98836f6f1e713c2,unity_97b31b9d416afc2a,unity_docs,official_documentation,Manual,,Build a Linux application,https://docs.unity3d.com/6000.4/Documentation/Manual/build-for-linux.html,unity_docs_incremental_260527_002,1,E:/系统/桌面/工作区/本学期/大三下/IT项目管理/大作业/Data/KnowledgeBase/processed_clean/dify_import/unity_docs_chunk_b98836f6f1e713c2.md,1794,2026-05-27T13:13:29.521139+00:00
chunk_587cb244c62fc63e,unity_97b31b9d416afc2a,unity_docs,official_documentation,Manual,,Build a Linux application,https://docs.unity3d.com/6000.4/Documentation/Manual/build-for-linux.html,unity_docs_incremental_260527_002,2,E:/系统/桌面/工作区/本学期/大三下/IT项目管理/大作业/Data/KnowledgeBase/processed_clean/dify_import/unity_docs_chunk_587cb244c62fc63e.md,1671,2026-05-27T13:13:29.521687+00:00
chunk_91b4ebc12f3e4ccb,unity_97b31b9d416afc2a,unity_docs,official_documentation,Manual,,Build a Linux application,https://docs.unity3d.com/6000.4/Documentation/Manual/build-for-linux.html,unity_docs_incremental_260527_002,3,E:/系统/桌面/工作区/本学期/大三下/IT项目管理/大作业/Data/KnowledgeBase/processed_clean/dify_import/unity_docs_chunk_91b4ebc12f3e4ccb.md,505,2026-05-27T13:13:29.522347+00:00
chunk_0748036500a2f6a6,unity_d75727d9ce61b64e,unity_docs,official_documentation,Manual,,macOS requirements and compatibility,https://docs.unity3d.com/6000.4/Documentation/Manual/macos-requirements-and-compatibility.html,unity_docs_incremental_260527_002,1,E:/系统/桌面/工作区/本学期/大三下/IT项目管理/大作业/Data/KnowledgeBase/processed_clean/dify_import/unity_docs_chunk_0748036500a2f6a6.md,1477,2026-05-27T13:13:29.523755+00:00
chunk_ed3753b80a4c79be,unity_0065b2d389cf1d73,unity_docs,official_documentation,Manual,,Developing for macOS,https://docs.unity3d.com/6000.4/Documentation/Manual/macosdevelopment.html,unity_docs_incremental_260527_002,1,E:/系统/桌面/工作区/本学期/大三下/IT项目管理/大作业/Data/KnowledgeBase/processed_clean/dify_import/unity_docs_chunk_ed3753b80a4c79be.md,938,2026-05-27T13:13:29.525038+00:00
chunk_2a8998993965d755,unity_30cd21b47c52e776,unity_docs,official_documentation,Manual,,Building and delivering for macOS,https://docs.unity3d.com/6000.4/Documentation/Manual/macos-delivery.html,unity_docs_incremental_260527_002,1,E:/系统/桌面/工作区/本学期/大三下/IT项目管理/大作业/Data/KnowledgeBase/processed_clean/dify_import/unity_docs_chunk_2a8998993965d755.md,758,2026-05-27T13:13:29.525987+00:00
chunk_3cdfc15bb473fd6d,unity_40c82b4e68f961d8,unity_docs,official_documentation,Manual,,Deliver applications to the Mac App Store,https://docs.unity3d.com/6000.4/Documentation/Manual/macos-distribution-mac-app-store.html,unity_docs_incremental_260527_002,1,E:/系统/桌面/工作区/本学期/大三下/IT项目管理/大作业/Data/KnowledgeBase/processed_clean/dify_import/unity_docs_chunk_3cdfc15bb473fd6d.md,1784,2026-05-27T13:13:29.527043+00:00
chunk_0d2fa06ae18512e2,unity_70d00da6d8eb0403,unity_docs,official_documentation,Manual,,Requirements and compatibility,https://docs.unity3d.com/6000.4/Documentation/Manual/tvos-requirements-and-compatibility.html,unity_docs_incremental_260527_002,1,E:/系统/桌面/工作区/本学期/大三下/IT项目管理/大作业/Data/KnowledgeBase/processed_clean/dify_import/unity_docs_chunk_0d2fa06ae18512e2.md,1630,2026-05-27T13:13:29.528295+00:00
chunk_9db963ee79238b27,unity_70d00da6d8eb0403,unity_docs,official_documentation,Manual,,Requirements and compatibility,https://docs.unity3d.com/6000.4/Documentation/Manual/tvos-requirements-and-compatibility.html,unity_docs_incremental_260527_002,2,E:/系统/桌面/工作区/本学期/大三下/IT项目管理/大作业/Data/KnowledgeBase/processed_clean/dify_import/unity_docs_chunk_9db963ee79238b27.md,1000,2026-05-27T13:13:29.529069+00:00
chunk_5c22d34b0773e2cb,unity_90ac30211c1fbe4f,unity_docs,official_documentation,Manual,,Developing for tvOS,https://docs.unity3d.com/6000.4/Documentation/Manual/tvOS-developing.html,unity_docs_incremental_260527_002,1,E:/系统/桌面/工作区/本学期/大三下/IT项目管理/大作业/Data/KnowledgeBase/processed_clean/dify_import/unity_docs_chunk_5c22d34b0773e2cb.md,711,2026-05-27T13:13:29.530703+00:00
chunk_e3754cf58521acae,unity_f322ff645eb1b403,unity_docs,official_documentation,Manual,,Build your application for tvOS,https://docs.unity3d.com/6000.4/Documentation/Manual/tvos-building-your-application.html,unity_docs_incremental_260527_002,1,E:/系统/桌面/工作区/本学期/大三下/IT项目管理/大作业/Data/KnowledgeBase/processed_clean/dify_import/unity_docs_chunk_e3754cf58521acae.md,1798,2026-05-27T13:13:29.532345+00:00
chunk_c1d3c972f8065b6a,unity_0811716d2c7b6009,unity_docs,official_documentation,Manual,,Introduction to Universal Windows Platform,https://docs.unity3d.com/6000.4/Documentation/Manual/uwp-introducing.html,unity_docs_incremental_260527_002,1,E:/系统/桌面/工作区/本学期/大三下/IT项目管理/大作业/Data/KnowledgeBase/processed_clean/dify_import/unity_docs_chunk_c1d3c972f8065b6a.md,717,2026-05-27T13:13:29.533371+00:00
chunk_f5a15f25c244c62b,unity_033566e99b3b9675,unity_docs,official_documentation,Manual,,Get started with Universal Windows Platform,https://docs.unity3d.com/6000.4/Documentation/Manual/uwp-getting-started.html,unity_docs_incremental_260527_002,1,E:/系统/桌面/工作区/本学期/大三下/IT项目管理/大作业/Data/KnowledgeBase/processed_clean/dify_import/unity_docs_chunk_f5a15f25c244c62b.md,759,2026-05-27T13:13:29.535158+00:00
chunk_40b62953476590f7,unity_c913cd9c5b6b10ca,unity_docs,official_documentation,Manual,,Develop for Universal Windows Platform,https://docs.unity3d.com/6000.4/Documentation/Manual/uwp-developing.html,unity_docs_incremental_260527_002,1,E:/系统/桌面/工作区/本学期/大三下/IT项目管理/大作业/Data/KnowledgeBase/processed_clean/dify_import/unity_docs_chunk_40b62953476590f7.md,1735,2026-05-27T13:13:29.536471+00:00
chunk_066f900ebe965cd5,unity_0edd4221047142cc,unity_docs,official_documentation,Manual,,Build and deliver for Universal Windows Platform,https://docs.unity3d.com/6000.4/Documentation/Manual/uwp-building-and-delivering.html,unity_docs_incremental_260527_002,1,E:/系统/桌面/工作区/本学期/大三下/IT项目管理/大作业/Data/KnowledgeBase/processed_clean/dify_import/unity_docs_chunk_066f900ebe965cd5.md,961,2026-05-27T13:13:29.537786+00:00
chunk_4d86bcaba1d1166a,unity_0606d367b4c7f1fd,unity_docs,official_documentation,Manual,,Deploy a Windows or UWP app with the Windows Device Portal,https://docs.unity3d.com/6000.4/Documentation/Manual/windowsstore-deviceportal.html,unity_docs_incremental_260527_002,1,E:/系统/桌面/工作区/本学期/大三下/IT项目管理/大作业/Data/KnowledgeBase/processed_clean/dify_import/unity_docs_chunk_4d86bcaba1d1166a.md,1797,2026-05-27T13:13:29.539046+00:00
chunk_b21e5c1129670f18,unity_0606d367b4c7f1fd,unity_docs,official_documentation,Manual,,Deploy a Windows or UWP app with the Windows Device Portal,https://docs.unity3d.com/6000.4/Documentation/Manual/windowsstore-deviceportal.html,unity_docs_incremental_260527_002,2,E:/系统/桌面/工作区/本学期/大三下/IT项目管理/大作业/Data/KnowledgeBase/processed_clean/dify_import/unity_docs_chunk_b21e5c1129670f18.md,908,2026-05-27T13:13:29.540267+00:00
chunk_2395955cd9dd934a,unity_852000e1d3cf4b5a,unity_docs,official_documentation,Manual,,Set up your Node.js server configuration for Web builds,https://docs.unity3d.com/6000.4/Documentation/Manual/web-server-config-nodejs.html,unity_docs_incremental_260527_002,1,E:/系统/桌面/工作区/本学期/大三下/IT项目管理/大作业/Data/KnowledgeBase/processed_clean/dify_import/unity_docs_chunk_2395955cd9dd934a.md,1785,2026-05-27T13:13:29.544238+00:00
chunk_0b47fcc9be2fb674,unity_852000e1d3cf4b5a,unity_docs,official_documentation,Manual,,Set up your Node.js server configuration for Web builds,https://docs.unity3d.com/6000.4/Documentation/Manual/web-server-config-nodejs.html,unity_docs_incremental_260527_002,2,E:/系统/桌面/工作区/本学期/大三下/IT项目管理/大作业/Data/KnowledgeBase/processed_clean/dify_import/unity_docs_chunk_0b47fcc9be2fb674.md,1750,2026-05-27T13:13:29.545239+00:00
chunk_70d56e96dca498a7,unity_852000e1d3cf4b5a,unity_docs,official_documentation,Manual,,Set up your Node.js server configuration for Web builds,https://docs.unity3d.com/6000.4/Documentation/Manual/web-server-config-nodejs.html,unity_docs_incremental_260527_002,3,E:/系统/桌面/工作区/本学期/大三下/IT项目管理/大作业/Data/KnowledgeBase/processed_clean/dify_import/unity_docs_chunk_70d56e96dca498a7.md,1294,2026-05-27T13:13:29.546224+00:00
chunk_030a05352a3127d6,unity_cdf794c0141c28ec,unity_docs,official_documentation,Manual,,Windows requirements and compatibility,https://docs.unity3d.com/6000.4/Documentation/Manual/windows-requirements-and-compatibility.html,unity_docs_incremental_260527_002,1,E:/系统/桌面/工作区/本学期/大三下/IT项目管理/大作业/Data/KnowledgeBase/processed_clean/dify_import/unity_docs_chunk_030a05352a3127d6.md,1462,2026-05-27T13:13:29.548604+00:00
chunk_bb4210dff76d72e5,unity_39208ff02b234817,unity_docs,official_documentation,Manual,,Integrate Unity into Windows applications,https://docs.unity3d.com/6000.4/Documentation/Manual/UnityasaLibrary-Windows.html,unity_docs_incremental_260527_002,1,E:/系统/桌面/工作区/本学期/大三下/IT项目管理/大作业/Data/KnowledgeBase/processed_clean/dify_import/unity_docs_chunk_bb4210dff76d72e5.md,1737,2026-05-27T13:13:29.550766+00:00
chunk_3683dcd0b98c94d1,unity_23dcc05cd1835d72,unity_docs,official_documentation,Manual,,Develop for Windows,https://docs.unity3d.com/6000.4/Documentation/Manual/windows-develop.html,unity_docs_incremental_260527_002,1,E:/系统/桌面/工作区/本学期/大三下/IT项目管理/大作业/Data/KnowledgeBase/processed_clean/dify_import/unity_docs_chunk_3683dcd0b98c94d1.md,1772,2026-05-27T13:13:29.551843+00:00
chunk_f8b4de479119f5b7,unity_e9a74e5c9fc1cbb1,unity_docs,official_documentation,Manual,,Develop Xbox games for Windows with Microsoft GDK,https://docs.unity3d.com/6000.4/Documentation/Manual/xbox-on-windows-develop.html,unity_docs_incremental_260527_002,1,E:/系统/桌面/工作区/本学期/大三下/IT项目管理/大作业/Data/KnowledgeBase/processed_clean/dify_import/unity_docs_chunk_f8b4de479119f5b7.md,1201,2026-05-27T13:13:29.555202+00:00
chunk_a3d1e84544213c14,unity_f523fd7d660e35c9,unity_docs,official_documentation,Manual,,Windows build settings reference,https://docs.unity3d.com/6000.4/Documentation/Manual/WindowsStandaloneBinaries.html,unity_docs_incremental_260527_002,1,E:/系统/桌面/工作区/本学期/大三下/IT项目管理/大作业/Data/KnowledgeBase/processed_clean/dify_import/unity_docs_chunk_a3d1e84544213c14.md,1794,2026-05-27T13:13:29.581767+00:00
chunk_5e38d9aabd82eacc,unity_f523fd7d660e35c9,unity_docs,official_documentation,Manual,,Windows build settings reference,https://docs.unity3d.com/6000.4/Documentation/Manual/WindowsStandaloneBinaries.html,unity_docs_incremental_260527_002,2,E:/系统/桌面/工作区/本学期/大三下/IT项目管理/大作业/Data/KnowledgeBase/processed_clean/dify_import/unity_docs_chunk_5e38d9aabd82eacc.md,1635,2026-05-27T13:13:29.582695+00:00
chunk_d72f9eb235827084,unity_f523fd7d660e35c9,unity_docs,official_documentation,Manual,,Windows build settings reference,https://docs.unity3d.com/6000.4/Documentation/Manual/WindowsStandaloneBinaries.html,unity_docs_incremental_260527_002,3,E:/系统/桌面/工作区/本学期/大三下/IT项目管理/大作业/Data/KnowledgeBase/processed_clean/dify_import/unity_docs_chunk_d72f9eb235827084.md,1715,2026-05-27T13:13:29.583888+00:00
chunk_9b31895004d384b0,unity_f523fd7d660e35c9,unity_docs,official_documentation,Manual,,Windows build settings reference,https://docs.unity3d.com/6000.4/Documentation/Manual/WindowsStandaloneBinaries.html,unity_docs_incremental_260527_002,4,E:/系统/桌面/工作区/本学期/大三下/IT项目管理/大作业/Data/KnowledgeBase/processed_clean/dify_import/unity_docs_chunk_9b31895004d384b0.md,1734,2026-05-27T13:13:29.585157+00:00
chunk_456bde424b635781,unity_f523fd7d660e35c9,unity_docs,official_documentation,Manual,,Windows build settings reference,https://docs.unity3d.com/6000.4/Documentation/Manual/WindowsStandaloneBinaries.html,unity_docs_incremental_260527_002,5,E:/系统/桌面/工作区/本学期/大三下/IT项目管理/大作业/Data/KnowledgeBase/processed_clean/dify_import/unity_docs_chunk_456bde424b635781.md,702,2026-05-27T13:13:29.586285+00:00
chunk_0abd49feedd0bc73,unity_b4348a89140ab2c1,unity_docs,official_documentation,Manual,,3D GameObjects in 2D URP scenes,https://docs.unity3d.com/6000.4/Documentation/Manual/urp/2d-renderer-urp-features-landing.html,unity_docs_incremental_260527_002,1,E:/系统/桌面/工作区/本学期/大三下/IT项目管理/大作业/Data/KnowledgeBase/processed_clean/dify_import/unity_docs_chunk_0abd49feedd0bc73.md,1792,2026-05-27T13:13:29.588394+00:00
chunk_7d5b66e891a8f53e,unity_b4348a89140ab2c1,unity_docs,official_documentation,Manual,,3D GameObjects in 2D URP scenes,https://docs.unity3d.com/6000.4/Documentation/Manual/urp/2d-renderer-urp-features-landing.html,unity_docs_incremental_260527_002,2,E:/系统/桌面/工作区/本学期/大三下/IT项目管理/大作业/Data/KnowledgeBase/processed_clean/dify_import/unity_docs_chunk_7d5b66e891a8f53e.md,530,2026-05-27T13:13:29.589647+00:00
chunk_698d292a9b65c1fa,unity_7c2ab6d5b0e46800,unity_docs,official_documentation,Manual,,Set 3D GameObjects to interact with Sprite masks,https://docs.unity3d.com/6000.4/Documentation/Manual/urp/2d-renderer-urp-sprite-mask-interaction.html,unity_docs_incremental_260527_002,1,E:/系统/桌面/工作区/本学期/大三下/IT项目管理/大作业/Data/KnowledgeBase/processed_clean/dify_import/unity_docs_chunk_698d292a9b65c1fa.md,1791,2026-05-27T13:13:29.592073+00:00
chunk_e1caec1c37898e12,unity_7c2ab6d5b0e46800,unity_docs,official_documentation,Manual,,Set 3D GameObjects to interact with Sprite masks,https://docs.unity3d.com/6000.4/Documentation/Manual/urp/2d-renderer-urp-sprite-mask-interaction.html,unity_docs_incremental_260527_002,2,E:/系统/桌面/工作区/本学期/大三下/IT项目管理/大作业/Data/KnowledgeBase/processed_clean/dify_import/unity_docs_chunk_e1caec1c37898e12.md,1583,2026-05-27T13:13:29.593291+00:00
chunk_d32eb5c88ce9d9b2,unity_7c2ab6d5b0e46800,unity_docs,official_documentation,Manual,,Set 3D GameObjects to interact with Sprite masks,https://docs.unity3d.com/6000.4/Documentation/Manual/urp/2d-renderer-urp-sprite-mask-interaction.html,unity_docs_incremental_260527_002,3,E:/系统/桌面/工作区/本学期/大三下/IT项目管理/大作业/Data/KnowledgeBase/processed_clean/dify_import/unity_docs_chunk_d32eb5c88ce9d9b2.md,733,2026-05-27T13:13:29.595116+00:00
chunk_47eb381ffb806a11,unity_d81a3328ccdd1b79,unity_docs,official_documentation,Manual,,Memory in Unity,https://docs.unity3d.com/6000.4/Documentation/Manual/performance-memory.html,unity_docs_incremental_260527_002,1,E:/系统/桌面/工作区/本学期/大三下/IT项目管理/大作业/Data/KnowledgeBase/processed_clean/dify_import/unity_docs_chunk_47eb381ffb806a11.md,768,2026-05-27T13:13:29.597083+00:00
chunk_23a1cacbe907c94c,unity_3699b9c5dad01019,unity_docs,official_documentation,Manual,,Runtime performance scaling,https://docs.unity3d.com/6000.4/Documentation/Manual/runtime-performance-scaling.html,unity_docs_incremental_260527_002,1,E:/系统/桌面/工作区/本学期/大三下/IT项目管理/大作业/Data/KnowledgeBase/processed_clean/dify_import/unity_docs_chunk_23a1cacbe907c94c.md,857,2026-05-27T13:13:29.598021+00:00
chunk_edeaf338d44e4243,unity_c06cbc7c85bae7e4,unity_docs,official_documentation,Manual,,Build Profiles Profiler settings,https://docs.unity3d.com/6000.4/Documentation/Manual/profiler-build-settings-reference.html,unity_docs_incremental_260527_002,1,E:/系统/桌面/工作区/本学期/大三下/IT项目管理/大作业/Data/KnowledgeBase/processed_clean/dify_import/unity_docs_chunk_edeaf338d44e4243.md,1680,2026-05-27T13:13:29.604305+00:00
chunk_fbcb7379b78589e2,unity_c06cbc7c85bae7e4,unity_docs,official_documentation,Manual,,Build Profiles Profiler settings,https://docs.unity3d.com/6000.4/Documentation/Manual/profiler-build-settings-reference.html,unity_docs_incremental_260527_002,2,E:/系统/桌面/工作区/本学期/大三下/IT项目管理/大作业/Data/KnowledgeBase/processed_clean/dify_import/unity_docs_chunk_fbcb7379b78589e2.md,645,2026-05-27T13:13:29.605976+00:00
chunk_48616dd8ad45d8c9,unity_5da3f30b9bb5fbc3,unity_docs,official_documentation,ScriptReference,,Camera .layerCullDistances,https://docs.unity3d.com/6000.4/Documentation/ScriptReference/Camera-layerCullDistances.html,unity_docs_incremental_260527_002,1,E:/系统/桌面/工作区/本学期/大三下/IT项目管理/大作业/Data/KnowledgeBase/processed_clean/dify_import/unity_docs_chunk_48616dd8ad45d8c9.md,1227,2026-05-27T13:13:29.607740+00:00
chunk_0dd5daee9189900a,unity_0a48ad89a0920a24,unity_docs,official_documentation,Manual,,Draw Modes overlay reference,https://docs.unity3d.com/6000.4/Documentation/Manual/overlays-reference-draw-modes.html,unity_docs_incremental_260527_002,1,E:/系统/桌面/工作区/本学期/大三下/IT项目管理/大作业/Data/KnowledgeBase/processed_clean/dify_import/unity_docs_chunk_0dd5daee9189900a.md,1799,2026-05-27T13:13:29.610527+00:00
chunk_d6cfb688480819bc,unity_0a48ad89a0920a24,unity_docs,official_documentation,Manual,,Draw Modes overlay reference,https://docs.unity3d.com/6000.4/Documentation/Manual/overlays-reference-draw-modes.html,unity_docs_incremental_260527_002,2,E:/系统/桌面/工作区/本学期/大三下/IT项目管理/大作业/Data/KnowledgeBase/processed_clean/dify_import/unity_docs_chunk_d6cfb688480819bc.md,375,2026-05-27T13:13:29.611872+00:00
chunk_e7641d62cad8c357,unity_ddf87a08299ce527,unity_docs,official_documentation,ScriptReference,,OnDemandRendering,https://docs.unity3d.com/6000.4/Documentation/ScriptReference/Rendering.OnDemandRendering.html,unity_docs_incremental_260527_002,1,E:/系统/桌面/工作区/本学期/大三下/IT项目管理/大作业/Data/KnowledgeBase/processed_clean/dify_import/unity_docs_chunk_e7641d62cad8c357.md,1639,2026-05-27T13:13:29.614146+00:00
chunk_3c411ca005162e19,unity_ddf87a08299ce527,unity_docs,official_documentation,ScriptReference,,OnDemandRendering,https://docs.unity3d.com/6000.4/Documentation/ScriptReference/Rendering.OnDemandRendering.html,unity_docs_incremental_260527_002,2,E:/系统/桌面/工作区/本学期/大三下/IT项目管理/大作业/Data/KnowledgeBase/processed_clean/dify_import/unity_docs_chunk_3c411ca005162e19.md,232,2026-05-27T13:13:29.614838+00:00
chunk_0ff726e26565b415,unity_8b355029ea22a707,unity_docs,official_documentation,Manual,,Access properties in combined meshes,https://docs.unity3d.com/6000.4/Documentation/Manual/DrawCallBatching-Properties.html,unity_docs_incremental_260527_002,1,E:/系统/桌面/工作区/本学期/大三下/IT项目管理/大作业/Data/KnowledgeBase/processed_clean/dify_import/unity_docs_chunk_0ff726e26565b415.md,1467,2026-05-27T13:13:29.616642+00:00
chunk_2ca3d3508eca5dc7,unity_4f702beab06f3e48,unity_docs,official_documentation,Manual,,Types of mesh data compression,https://docs.unity3d.com/6000.4/Documentation/Manual/types-of-mesh-data-compression.html,unity_docs_incremental_260527_002,1,E:/系统/桌面/工作区/本学期/大三下/IT项目管理/大作业/Data/KnowledgeBase/processed_clean/dify_import/unity_docs_chunk_2ca3d3508eca5dc7.md,1795,2026-05-27T13:13:29.619144+00:00
chunk_d53284f178d90351,unity_4f702beab06f3e48,unity_docs,official_documentation,Manual,,Types of mesh data compression,https://docs.unity3d.com/6000.4/Documentation/Manual/types-of-mesh-data-compression.html,unity_docs_incremental_260527_002,2,E:/系统/桌面/工作区/本学期/大三下/IT项目管理/大作业/Data/KnowledgeBase/processed_clean/dify_import/unity_docs_chunk_d53284f178d90351.md,1567,2026-05-27T13:13:29.620566+00:00
chunk_f13011c5244d3e7a,unity_4f702beab06f3e48,unity_docs,official_documentation,Manual,,Types of mesh data compression,https://docs.unity3d.com/6000.4/Documentation/Manual/types-of-mesh-data-compression.html,unity_docs_incremental_260527_002,3,E:/系统/桌面/工作区/本学期/大三下/IT项目管理/大作业/Data/KnowledgeBase/processed_clean/dify_import/unity_docs_chunk_f13011c5244d3e7a.md,1140,2026-05-27T13:13:29.621508+00:00
chunk_77ef0fcf4439b3a8,unity_fd59adaedbe25e22,unity_docs,official_documentation,Manual,,Configure vertex compression,https://docs.unity3d.com/6000.4/Documentation/Manual/configure-vertex-compression.html,unity_docs_incremental_260527_002,1,E:/系统/桌面/工作区/本学期/大三下/IT项目管理/大作业/Data/KnowledgeBase/processed_clean/dify_import/unity_docs_chunk_77ef0fcf4439b3a8.md,1800,2026-05-27T13:13:29.623557+00:00
chunk_7a5cc5b36ed44f60,unity_fd59adaedbe25e22,unity_docs,official_documentation,Manual,,Configure vertex compression,https://docs.unity3d.com/6000.4/Documentation/Manual/configure-vertex-compression.html,unity_docs_incremental_260527_002,2,E:/系统/桌面/工作区/本学期/大三下/IT项目管理/大作业/Data/KnowledgeBase/processed_clean/dify_import/unity_docs_chunk_7a5cc5b36ed44f60.md,1485,2026-05-27T13:13:29.624887+00:00
chunk_acb55f766abc08b6,unity_5dea4c139287f5f1,unity_docs,official_documentation,Manual,,Texture and mesh loading,https://docs.unity3d.com/6000.4/Documentation/Manual/LoadingTextureandMeshData.html,unity_docs_incremental_260527_002,1,E:/系统/桌面/工作区/本学期/大三下/IT项目管理/大作业/Data/KnowledgeBase/processed_clean/dify_import/unity_docs_chunk_acb55f766abc08b6.md,1524,2026-05-27T13:13:29.627534+00:00
chunk_48d6a1aeeffaae3c,unity_5dea4c139287f5f1,unity_docs,official_documentation,Manual,,Texture and mesh loading,https://docs.unity3d.com/6000.4/Documentation/Manual/LoadingTextureandMeshData.html,unity_docs_incremental_260527_002,2,E:/系统/桌面/工作区/本学期/大三下/IT项目管理/大作业/Data/KnowledgeBase/processed_clean/dify_import/unity_docs_chunk_48d6a1aeeffaae3c.md,1567,2026-05-27T13:13:29.628629+00:00
chunk_04d857800eaa0a42,unity_126cca7e14f1e727,unity_docs,official_documentation,Manual,,Check whether a mesh uses the asynchronous upload pipeline,https://docs.unity3d.com/6000.4/Documentation/Manual/identify-mesh-upload-pipeline.html,unity_docs_incremental_260527_002,1,E:/系统/桌面/工作区/本学期/大三下/IT项目管理/大作业/Data/KnowledgeBase/processed_clean/dify_import/unity_docs_chunk_04d857800eaa0a42.md,1661,2026-05-27T13:13:29.630316+00:00
chunk_0c46738af07b10a7,unity_126cca7e14f1e727,unity_docs,official_documentation,Manual,,Check whether a mesh uses the asynchronous upload pipeline,https://docs.unity3d.com/6000.4/Documentation/Manual/identify-mesh-upload-pipeline.html,unity_docs_incremental_260527_002,2,E:/系统/桌面/工作区/本学期/大三下/IT项目管理/大作业/Data/KnowledgeBase/processed_clean/dify_import/unity_docs_chunk_0c46738af07b10a7.md,315,2026-05-27T13:13:29.633067+00:00
chunk_d91b9d99774a4749,unity_f1eb5552d91812fe,unity_docs,official_documentation,Manual,,Configure the asynchronous upload pipeline,https://docs.unity3d.com/6000.4/Documentation/Manual/configure-asynchronous-upload-pipeline.html,unity_docs_incremental_260527_002,1,E:/系统/桌面/工作区/本学期/大三下/IT项目管理/大作业/Data/KnowledgeBase/processed_clean/dify_import/unity_docs_chunk_d91b9d99774a4749.md,1364,2026-05-27T13:13:29.635177+00:00
chunk_b81f9a0c03b5f090,unity_f1eb5552d91812fe,unity_docs,official_documentation,Manual,,Configure the asynchronous upload pipeline,https://docs.unity3d.com/6000.4/Documentation/Manual/configure-asynchronous-upload-pipeline.html,unity_docs_incremental_260527_002,2,E:/系统/桌面/工作区/本学期/大三下/IT项目管理/大作业/Data/KnowledgeBase/processed_clean/dify_import/unity_docs_chunk_b81f9a0c03b5f090.md,1489,2026-05-27T13:13:29.635971+00:00
chunk_d940bae85e0d8daa,unity_356bb2a5f588b96a,unity_docs,official_documentation,Manual,,Frame Debugger,https://docs.unity3d.com/6000.4/Documentation/Manual/FrameDebugger-landing.html,unity_docs_incremental_260527_002,1,E:/系统/桌面/工作区/本学期/大三下/IT项目管理/大作业/Data/KnowledgeBase/processed_clean/dify_import/unity_docs_chunk_d940bae85e0d8daa.md,1245,2026-05-27T13:13:29.646625+00:00
chunk_0a6ba0ac021a31fa,unity_bee3006fcb7cd940,unity_docs,official_documentation,Manual,,Collect frame timing data,https://docs.unity3d.com/6000.4/Documentation/Manual/frame-timing-manager-landing.html,unity_docs_incremental_260527_002,1,E:/系统/桌面/工作区/本学期/大三下/IT项目管理/大作业/Data/KnowledgeBase/processed_clean/dify_import/unity_docs_chunk_0a6ba0ac021a31fa.md,1288,2026-05-27T13:13:29.648471+00:00
chunk_e0018002eb581d34,unity_0b3e17d495a0b31f,unity_docs,official_documentation,Manual,,GPU instancing,https://docs.unity3d.com/6000.4/Documentation/Manual/GPUInstancing-landing.html,unity_docs_incremental_260527_002,1,E:/系统/桌面/工作区/本学期/大三下/IT项目管理/大作业/Data/KnowledgeBase/processed_clean/dify_import/unity_docs_chunk_e0018002eb581d34.md,1185,2026-05-27T13:13:29.649578+00:00
chunk_b6a58a4fa6d67090,unity_7d45bc5aff8a56cc,unity_docs,official_documentation,Manual,,Optimizing draw calls in URP,https://docs.unity3d.com/6000.4/Documentation/Manual/reduce-draw-calls-landing-urp.html,unity_docs_incremental_260527_002,1,E:/系统/桌面/工作区/本学期/大三下/IT项目管理/大作业/Data/KnowledgeBase/processed_clean/dify_import/unity_docs_chunk_b6a58a4fa6d67090.md,1427,2026-05-27T13:13:29.650569+00:00
chunk_0421a081dafddb67,unity_b683eda0efbbe963,unity_docs,official_documentation,Manual,,Understanding performance in URP,https://docs.unity3d.com/6000.4/Documentation/Manual/urp/understand-performance-landing.html,unity_docs_incremental_260527_002,1,E:/系统/桌面/工作区/本学期/大三下/IT项目管理/大作业/Data/KnowledgeBase/processed_clean/dify_import/unity_docs_chunk_0421a081dafddb67.md,1446,2026-05-27T13:13:29.651662+00:00
chunk_1adc055a0a905c5e,unity_445df03af4de6b96,unity_docs,official_documentation,Manual,,Adjust settings to improve performance in URP,https://docs.unity3d.com/6000.4/Documentation/Manual/urp/optimize-for-better-performance.html,unity_docs_incremental_260527_002,1,E:/系统/桌面/工作区/本学期/大三下/IT项目管理/大作业/Data/KnowledgeBase/processed_clean/dify_import/unity_docs_chunk_1adc055a0a905c5e.md,1767,2026-05-27T13:13:29.653092+00:00
chunk_f75e848337be9a0b,unity_445df03af4de6b96,unity_docs,official_documentation,Manual,,Adjust settings to improve performance in URP,https://docs.unity3d.com/6000.4/Documentation/Manual/urp/optimize-for-better-performance.html,unity_docs_incremental_260527_002,2,E:/系统/桌面/工作区/本学期/大三下/IT项目管理/大作业/Data/KnowledgeBase/processed_clean/dify_import/unity_docs_chunk_f75e848337be9a0b.md,1583,2026-05-27T13:13:29.653666+00:00
chunk_1c9bcdc3e73e81a4,unity_b0f3fd71de844e97,unity_docs,official_documentation,Manual,,Optimize GPU performance with variable rate shading,https://docs.unity3d.com/6000.4/Documentation/Manual/urp/variable-rate-shading.html,unity_docs_incremental_260527_002,1,E:/系统/桌面/工作区/本学期/大三下/IT项目管理/大作业/Data/KnowledgeBase/processed_clean/dify_import/unity_docs_chunk_1c9bcdc3e73e81a4.md,1114,2026-05-27T13:13:29.655056+00:00
chunk_46778954133bdbf0,unity_512aa9790001ab9d,unity_docs,official_documentation,Manual,,Profile and debug when using variable rate shading,https://docs.unity3d.com/6000.4/Documentation/Manual/urp/variable-rate-shading-profile-debug.html,unity_docs_incremental_260527_002,1,E:/系统/桌面/工作区/本学期/大三下/IT项目管理/大作业/Data/KnowledgeBase/processed_clean/dify_import/unity_docs_chunk_46778954133bdbf0.md,1782,2026-05-27T13:13:29.657210+00:00
chunk_9436e02359f98d9f,unity_512aa9790001ab9d,unity_docs,official_documentation,Manual,,Profile and debug when using variable rate shading,https://docs.unity3d.com/6000.4/Documentation/Manual/urp/variable-rate-shading-profile-debug.html,unity_docs_incremental_260527_002,2,E:/系统/桌面/工作区/本学期/大三下/IT项目管理/大作业/Data/KnowledgeBase/processed_clean/dify_import/unity_docs_chunk_9436e02359f98d9f.md,631,2026-05-27T13:13:29.658279+00:00
chunk_acef393b9fafc576,unity_666e2a6e2c1ea2c7,unity_docs,official_documentation,Manual,,Creating custom shaders that support GPU instancing in the Built-In Render Pipeline,https://docs.unity3d.com/6000.4/Documentation/Manual/gpu-instancing-shader.html,unity_docs_incremental_260527_002,1,E:/系统/桌面/工作区/本学期/大三下/IT项目管理/大作业/Data/KnowledgeBase/processed_clean/dify_import/unity_docs_chunk_acef393b9fafc576.md,1800,2026-05-27T13:13:29.659509+00:00
chunk_0dfb15892eff37f4,unity_c6202b4393dcc0cd,unity_docs,official_documentation,Manual,,GPU instancing shader reference for the Built-In Render Pipeline,https://docs.unity3d.com/6000.4/Documentation/Manual/gpu-instancing-birp-shader-modifications.html,unity_docs_incremental_260527_002,1,E:/系统/桌面/工作区/本学期/大三下/IT项目管理/大作业/Data/KnowledgeBase/processed_clean/dify_import/unity_docs_chunk_0dfb15892eff37f4.md,1787,2026-05-27T13:13:29.661597+00:00
chunk_078ac4336bf46cd8,unity_c6202b4393dcc0cd,unity_docs,official_documentation,Manual,,GPU instancing shader reference for the Built-In Render Pipeline,https://docs.unity3d.com/6000.4/Documentation/Manual/gpu-instancing-birp-shader-modifications.html,unity_docs_incremental_260527_002,2,E:/系统/桌面/工作区/本学期/大三下/IT项目管理/大作业/Data/KnowledgeBase/processed_clean/dify_import/unity_docs_chunk_078ac4336bf46cd8.md,1688,2026-05-27T13:13:29.662354+00:00
chunk_9109af54e69b0174,unity_c6202b4393dcc0cd,unity_docs,official_documentation,Manual,,GPU instancing shader reference for the Built-In Render Pipeline,https://docs.unity3d.com/6000.4/Documentation/Manual/gpu-instancing-birp-shader-modifications.html,unity_docs_incremental_260527_002,3,E:/系统/桌面/工作区/本学期/大三下/IT项目管理/大作业/Data/KnowledgeBase/processed_clean/dify_import/unity_docs_chunk_9109af54e69b0174.md,1751,2026-05-27T13:13:29.663043+00:00
chunk_9026d724702d5be8,unity_c6202b4393dcc0cd,unity_docs,official_documentation,Manual,,GPU instancing shader reference for the Built-In Render Pipeline,https://docs.unity3d.com/6000.4/Documentation/Manual/gpu-instancing-birp-shader-modifications.html,unity_docs_incremental_260527_002,4,E:/系统/桌面/工作区/本学期/大三下/IT项目管理/大作业/Data/KnowledgeBase/processed_clean/dify_import/unity_docs_chunk_9026d724702d5be8.md,1280,2026-05-27T13:13:29.663574+00:00
chunk_3ca7e70ea1dafa00,unity_f1b4771909d4839f,unity_docs,official_documentation,Manual,,Frame Debugger window reference,https://docs.unity3d.com/6000.4/Documentation/Manual/frame-debugger-window.html,unity_docs_incremental_260527_002,1,E:/系统/桌面/工作区/本学期/大三下/IT项目管理/大作业/Data/KnowledgeBase/processed_clean/dify_import/unity_docs_chunk_3ca7e70ea1dafa00.md,1785,2026-05-27T13:13:29.664851+00:00
chunk_7d98580274d6bb98,unity_f1b4771909d4839f,unity_docs,official_documentation,Manual,,Frame Debugger window reference,https://docs.unity3d.com/6000.4/Documentation/Manual/frame-debugger-window.html,unity_docs_incremental_260527_002,2,E:/系统/桌面/工作区/本学期/大三下/IT项目管理/大作业/Data/KnowledgeBase/processed_clean/dify_import/unity_docs_chunk_7d98580274d6bb98.md,243,2026-05-27T13:13:29.665466+00:00
chunk_b20acdcfecce5008,unity_dd5f1e2226ca4018,unity_docs,official_documentation,Manual,,Compute shader Import Settings window reference,https://docs.unity3d.com/6000.4/Documentation/Manual/class-ComputeShaderImporter.html,unity_docs_incremental_260527_002,1,E:/系统/桌面/工作区/本学期/大三下/IT项目管理/大作业/Data/KnowledgeBase/processed_clean/dify_import/unity_docs_chunk_b20acdcfecce5008.md,1197,2026-05-27T13:13:29.666749+00:00
chunk_a78a2f325172dc47,unity_17924beadb9f338a,unity_docs,official_documentation,ScriptReference,,Shader .maximumLOD,https://docs.unity3d.com/6000.4/Documentation/ScriptReference/Shader-maximumLOD.html,unity_docs_incremental_260527_002,1,E:/系统/桌面/工作区/本学期/大三下/IT项目管理/大作业/Data/KnowledgeBase/processed_clean/dify_import/unity_docs_chunk_a78a2f325172dc47.md,355,2026-05-27T13:13:29.668235+00:00
chunk_b0f1d49abdaaba18,unity_8f583e723033e51e,unity_docs,official_documentation,ScriptReference,,Shader .globalMaximumLOD,https://docs.unity3d.com/6000.4/Documentation/ScriptReference/Shader-globalMaximumLOD.html,unity_docs_incremental_260527_002,1,E:/系统/桌面/工作区/本学期/大三下/IT项目管理/大作业/Data/KnowledgeBase/processed_clean/dify_import/unity_docs_chunk_b0f1d49abdaaba18.md,373,2026-05-27T13:13:29.669637+00:00
chunk_14c51ab982d74cbb,unity_e7f42452320ce8e3,unity_docs,official_documentation,Manual,,Metal requirements and compatibility,https://docs.unity3d.com/6000.4/Documentation/Manual/metal-requirements-and-compatibility.html,unity_docs_incremental_260527_002,1,E:/系统/桌面/工作区/本学期/大三下/IT项目管理/大作业/Data/KnowledgeBase/processed_clean/dify_import/unity_docs_chunk_14c51ab982d74cbb.md,1417,2026-05-27T13:13:29.671140+00:00
chunk_9f073ba2f06b9e9b,unity_cfe157ca96217b4c,unity_docs,official_documentation,Manual,,Optimize Surface Shaders,https://docs.unity3d.com/6000.4/Documentation/Manual/SL-SurfaceShaderOptimize.html,unity_docs_incremental_260527_002,1,E:/系统/桌面/工作区/本学期/大三下/IT项目管理/大作业/Data/KnowledgeBase/processed_clean/dify_import/unity_docs_chunk_9f073ba2f06b9e9b.md,1751,2026-05-27T13:13:29.672574+00:00
chunk_ebb479e9e93c3c06,unity_7b74fb3d4cdcf4c0,unity_docs,official_documentation,Manual,,VR frame timing,https://docs.unity3d.com/6000.4/Documentation/Manual/VRFrameTiming.html,unity_docs_incremental_260527_002,1,E:/系统/桌面/工作区/本学期/大三下/IT项目管理/大作业/Data/KnowledgeBase/processed_clean/dify_import/unity_docs_chunk_ebb479e9e93c3c06.md,1719,2026-05-27T13:13:29.673913+00:00
chunk_36dfb975f9f65a9f,unity_7b74fb3d4cdcf4c0,unity_docs,official_documentation,Manual,,VR frame timing,https://docs.unity3d.com/6000.4/Documentation/Manual/VRFrameTiming.html,unity_docs_incremental_260527_002,2,E:/系统/桌面/工作区/本学期/大三下/IT项目管理/大作业/Data/KnowledgeBase/processed_clean/dify_import/unity_docs_chunk_36dfb975f9f65a9f.md,1620,2026-05-27T13:13:29.674352+00:00
chunk_808bf7bb8e37efd4,unity_7b74fb3d4cdcf4c0,unity_docs,official_documentation,Manual,,VR frame timing,https://docs.unity3d.com/6000.4/Documentation/Manual/VRFrameTiming.html,unity_docs_incremental_260527_002,3,E:/系统/桌面/工作区/本学期/大三下/IT项目管理/大作业/Data/KnowledgeBase/processed_clean/dify_import/unity_docs_chunk_808bf7bb8e37efd4.md,1608,2026-05-27T13:13:29.675007+00:00
chunk_8154f1de3b08025a,unity_1db009d56d1a30af,unity_docs,official_documentation,Manual,,Configure graphics APIs,https://docs.unity3d.com/6000.4/Documentation/Manual/configure-graphicsAPIs.html,unity_docs_incremental_260527_002,1,E:/系统/桌面/工作区/本学期/大三下/IT项目管理/大作业/Data/KnowledgeBase/processed_clean/dify_import/unity_docs_chunk_8154f1de3b08025a.md,1783,2026-05-27T13:13:29.676746+00:00
chunk_81a215cb6faa35c4,unity_1db009d56d1a30af,unity_docs,official_documentation,Manual,,Configure graphics APIs,https://docs.unity3d.com/6000.4/Documentation/Manual/configure-graphicsAPIs.html,unity_docs_incremental_260527_002,2,E:/系统/桌面/工作区/本学期/大三下/IT项目管理/大作业/Data/KnowledgeBase/processed_clean/dify_import/unity_docs_chunk_81a215cb6faa35c4.md,1141,2026-05-27T13:13:29.677536+00:00
chunk_73fa33474ca4b8b4,unity_f4aa3d93a7d84111,unity_docs,official_documentation,Manual,,Tile-based rendering in XR,https://docs.unity3d.com/6000.4/Documentation/Manual/xr-graphics-on-tile-rendering.html,unity_docs_incremental_260527_002,1,E:/系统/桌面/工作区/本学期/大三下/IT项目管理/大作业/Data/KnowledgeBase/processed_clean/dify_import/unity_docs_chunk_73fa33474ca4b8b4.md,1758,2026-05-27T13:13:29.679020+00:00
chunk_7c5e7e37e8563ec3,unity_f4aa3d93a7d84111,unity_docs,official_documentation,Manual,,Tile-based rendering in XR,https://docs.unity3d.com/6000.4/Documentation/Manual/xr-graphics-on-tile-rendering.html,unity_docs_incremental_260527_002,2,E:/系统/桌面/工作区/本学期/大三下/IT项目管理/大作业/Data/KnowledgeBase/processed_clean/dify_import/unity_docs_chunk_7c5e7e37e8563ec3.md,1627,2026-05-27T13:13:29.679552+00:00
chunk_c9b3b8e2bd52a85a,unity_f4aa3d93a7d84111,unity_docs,official_documentation,Manual,,Tile-based rendering in XR,https://docs.unity3d.com/6000.4/Documentation/Manual/xr-graphics-on-tile-rendering.html,unity_docs_incremental_260527_002,3,E:/系统/桌面/工作区/本学期/大三下/IT项目管理/大作业/Data/KnowledgeBase/processed_clean/dify_import/unity_docs_chunk_c9b3b8e2bd52a85a.md,1083,2026-05-27T13:13:29.680313+00:00
chunk_d635132eb5a34a2c,unity_ac8cdc5fd233d33a,unity_docs,official_documentation,Manual,,Frame timing API counter reference,https://docs.unity3d.com/6000.4/Documentation/Manual/frame-timing-manager-counter-reference.html,unity_docs_incremental_260527_002,1,E:/系统/桌面/工作区/本学期/大三下/IT项目管理/大作业/Data/KnowledgeBase/processed_clean/dify_import/unity_docs_chunk_d635132eb5a34a2c.md,1744,2026-05-27T13:13:29.681539+00:00
chunk_27b990dd757fa114,unity_ac8cdc5fd233d33a,unity_docs,official_documentation,Manual,,Frame timing API counter reference,https://docs.unity3d.com/6000.4/Documentation/Manual/frame-timing-manager-counter-reference.html,unity_docs_incremental_260527_002,2,E:/系统/桌面/工作区/本学期/大三下/IT项目管理/大作业/Data/KnowledgeBase/processed_clean/dify_import/unity_docs_chunk_27b990dd757fa114.md,597,2026-05-27T13:13:29.682388+00:00
chunk_9b303a3a513501fa,unity_441a224b669c34c4,unity_docs,official_documentation,Manual,,Build view reference,https://docs.unity3d.com/6000.4/Documentation/Manual/project-auditor/build-view-reference.html,unity_docs_incremental_260527_002,1,E:/系统/桌面/工作区/本学期/大三下/IT项目管理/大作业/Data/KnowledgeBase/processed_clean/dify_import/unity_docs_chunk_9b303a3a513501fa.md,1791,2026-05-27T13:13:29.684181+00:00
chunk_86e04de172d6d9c0,unity_441a224b669c34c4,unity_docs,official_documentation,Manual,,Build view reference,https://docs.unity3d.com/6000.4/Documentation/Manual/project-auditor/build-view-reference.html,unity_docs_incremental_260527_002,2,E:/系统/桌面/工作区/本学期/大三下/IT项目管理/大作业/Data/KnowledgeBase/processed_clean/dify_import/unity_docs_chunk_86e04de172d6d9c0.md,1770,2026-05-27T13:13:29.684863+00:00
chunk_52ae192510a438ad,unity_f477a1b8c2c6ef81,unity_docs,official_documentation,Manual,,Project Auditor window reference overview,https://docs.unity3d.com/6000.4/Documentation/Manual/project-auditor/project-auditor-window-reference.html,unity_docs_incremental_260527_002,1,E:/系统/桌面/工作区/本学期/大三下/IT项目管理/大作业/Data/KnowledgeBase/processed_clean/dify_import/unity_docs_chunk_52ae192510a438ad.md,1706,2026-05-27T13:13:29.686189+00:00
chunk_ae741aff69fb81b6,unity_f477a1b8c2c6ef81,unity_docs,official_documentation,Manual,,Project Auditor window reference overview,https://docs.unity3d.com/6000.4/Documentation/Manual/project-auditor/project-auditor-window-reference.html,unity_docs_incremental_260527_002,2,E:/系统/桌面/工作区/本学期/大三下/IT项目管理/大作业/Data/KnowledgeBase/processed_clean/dify_import/unity_docs_chunk_ae741aff69fb81b6.md,1737,2026-05-27T13:13:29.686671+00:00
chunk_c235fe66613bf423,unity_f477a1b8c2c6ef81,unity_docs,official_documentation,Manual,,Project Auditor window reference overview,https://docs.unity3d.com/6000.4/Documentation/Manual/project-auditor/project-auditor-window-reference.html,unity_docs_incremental_260527_002,3,E:/系统/桌面/工作区/本学期/大三下/IT项目管理/大作业/Data/KnowledgeBase/processed_clean/dify_import/unity_docs_chunk_c235fe66613bf423.md,1214,2026-05-27T13:13:29.687120+00:00
chunk_b12a40627663eee4,unity_5619b8802c35e563,unity_docs,official_documentation,Manual,,Programming with Project Auditor,https://docs.unity3d.com/6000.4/Documentation/Manual/project-auditor/project-auditor-programming.html,unity_docs_incremental_260527_002,1,E:/系统/桌面/工作区/本学期/大三下/IT项目管理/大作业/Data/KnowledgeBase/processed_clean/dify_import/unity_docs_chunk_b12a40627663eee4.md,766,2026-05-27T13:13:29.688411+00:00
chunk_a84ea168e5c7da25,unity_7f84152c049284c4,unity_docs,official_documentation,Manual,,Analyze your project,https://docs.unity3d.com/6000.4/Documentation/Manual/project-auditor/analyze-project.html,unity_docs_incremental_260527_002,1,E:/系统/桌面/工作区/本学期/大三下/IT项目管理/大作业/Data/KnowledgeBase/processed_clean/dify_import/unity_docs_chunk_a84ea168e5c7da25.md,1742,2026-05-27T13:13:29.690235+00:00
chunk_2aa92df001102abe,unity_638aaf7ffddae5fb,unity_docs,official_documentation,Manual,,Create a scripts-only build,https://docs.unity3d.com/6000.4/Documentation/Manual/build-scripts-only.html,unity_docs_incremental_260527_002,1,E:/系统/桌面/工作区/本学期/大三下/IT项目管理/大作业/Data/KnowledgeBase/processed_clean/dify_import/unity_docs_chunk_2aa92df001102abe.md,1781,2026-05-27T13:13:29.691572+00:00
chunk_d1d7544f6e3e87f4,unity_18b2f41ab9cf9f85,unity_docs,official_documentation,Manual,,Customize the build pipeline,https://docs.unity3d.com/6000.4/Documentation/Manual/build-customize-build-pipeline.html,unity_docs_incremental_260527_002,1,E:/系统/桌面/工作区/本学期/大三下/IT项目管理/大作业/Data/KnowledgeBase/processed_clean/dify_import/unity_docs_chunk_d1d7544f6e3e87f4.md,1436,2026-05-27T13:13:29.693042+00:00
chunk_db01cba323de9c4d,unity_0ae7ddeacc2b4f39,unity_docs,official_documentation,Manual,,Managing assets at runtime,https://docs.unity3d.com/6000.4/Documentation/Manual/assets-managing-runtime.html,unity_docs_incremental_260527_002,1,E:/系统/桌面/工作区/本学期/大三下/IT项目管理/大作业/Data/KnowledgeBase/processed_clean/dify_import/unity_docs_chunk_db01cba323de9c4d.md,1134,2026-05-27T13:13:29.694203+00:00
chunk_174632c6b53c8995,unity_f46f83bc333eb42d,unity_docs,official_documentation,Manual,,Adding profiler markers to your code,https://docs.unity3d.com/6000.4/Documentation/Manual/profiler-add-markers-code.html,unity_docs_incremental_260527_002,1,E:/系统/桌面/工作区/本学期/大三下/IT项目管理/大作业/Data/KnowledgeBase/processed_clean/dify_import/unity_docs_chunk_174632c6b53c8995.md,1783,2026-05-27T13:13:29.696210+00:00
chunk_182c7dc951db3ceb,unity_f46f83bc333eb42d,unity_docs,official_documentation,Manual,,Adding profiler markers to your code,https://docs.unity3d.com/6000.4/Documentation/Manual/profiler-add-markers-code.html,unity_docs_incremental_260527_002,2,E:/系统/桌面/工作区/本学期/大三下/IT项目管理/大作业/Data/KnowledgeBase/processed_clean/dify_import/unity_docs_chunk_182c7dc951db3ceb.md,1796,2026-05-27T13:13:29.696979+00:00
chunk_6e65c368bebb316c,unity_f46f83bc333eb42d,unity_docs,official_documentation,Manual,,Adding profiler markers to your code,https://docs.unity3d.com/6000.4/Documentation/Manual/profiler-add-markers-code.html,unity_docs_incremental_260527_002,3,E:/系统/桌面/工作区/本学期/大三下/IT项目管理/大作业/Data/KnowledgeBase/processed_clean/dify_import/unity_docs_chunk_6e65c368bebb316c.md,1754,2026-05-27T13:13:29.697742+00:00
chunk_7687cfdf76955ef8,unity_f46f83bc333eb42d,unity_docs,official_documentation,Manual,,Adding profiler markers to your code,https://docs.unity3d.com/6000.4/Documentation/Manual/profiler-add-markers-code.html,unity_docs_incremental_260527_002,4,E:/系统/桌面/工作区/本学期/大三下/IT项目管理/大作业/Data/KnowledgeBase/processed_clean/dify_import/unity_docs_chunk_7687cfdf76955ef8.md,1307,2026-05-27T13:13:29.698268+00:00
chunk_81180255561ee844,unity_c61996823098c925,unity_docs,official_documentation,Manual,,Adding profiler counters to your code,https://docs.unity3d.com/6000.4/Documentation/Manual/profiler-add-counters-code.html,unity_docs_incremental_260527_002,1,E:/系统/桌面/工作区/本学期/大三下/IT项目管理/大作业/Data/KnowledgeBase/processed_clean/dify_import/unity_docs_chunk_81180255561ee844.md,1649,2026-05-27T13:13:29.699990+00:00
chunk_3c9230ed76444627,unity_c61996823098c925,unity_docs,official_documentation,Manual,,Adding profiler counters to your code,https://docs.unity3d.com/6000.4/Documentation/Manual/profiler-add-counters-code.html,unity_docs_incremental_260527_002,2,E:/系统/桌面/工作区/本学期/大三下/IT项目管理/大作业/Data/KnowledgeBase/processed_clean/dify_import/unity_docs_chunk_3c9230ed76444627.md,1784,2026-05-27T13:13:29.700880+00:00
chunk_c4fea74d37e3b07b,unity_c61996823098c925,unity_docs,official_documentation,Manual,,Adding profiler counters to your code,https://docs.unity3d.com/6000.4/Documentation/Manual/profiler-add-counters-code.html,unity_docs_incremental_260527_002,3,E:/系统/桌面/工作区/本学期/大三下/IT项目管理/大作业/Data/KnowledgeBase/processed_clean/dify_import/unity_docs_chunk_c4fea74d37e3b07b.md,1699,2026-05-27T13:13:29.701685+00:00
chunk_c5c806fc9d0d5482,unity_c61996823098c925,unity_docs,official_documentation,Manual,,Adding profiler counters to your code,https://docs.unity3d.com/6000.4/Documentation/Manual/profiler-add-counters-code.html,unity_docs_incremental_260527_002,4,E:/系统/桌面/工作区/本学期/大三下/IT项目管理/大作业/Data/KnowledgeBase/processed_clean/dify_import/unity_docs_chunk_c5c806fc9d0d5482.md,352,2026-05-27T13:13:29.702243+00:00
chunk_8344907ecbf90cdd,unity_bdbaf220817fb853,unity_docs,official_documentation,Manual,,Native plug-in API for memory management,https://docs.unity3d.com/6000.4/Documentation/Manual/low-level-native-plugin-memory-manager-api.html,unity_docs_incremental_260527_002,1,E:/系统/桌面/工作区/本学期/大三下/IT项目管理/大作业/Data/KnowledgeBase/processed_clean/dify_import/unity_docs_chunk_8344907ecbf90cdd.md,1789,2026-05-27T13:13:29.703926+00:00
chunk_0e0b42922047f7dd,unity_bdbaf220817fb853,unity_docs,official_documentation,Manual,,Native plug-in API for memory management,https://docs.unity3d.com/6000.4/Documentation/Manual/low-level-native-plugin-memory-manager-api.html,unity_docs_incremental_260527_002,2,E:/系统/桌面/工作区/本学期/大三下/IT项目管理/大作业/Data/KnowledgeBase/processed_clean/dify_import/unity_docs_chunk_0e0b42922047f7dd.md,1631,2026-05-27T13:13:29.704723+00:00
chunk_924774a38c6a1330,unity_bdbaf220817fb853,unity_docs,official_documentation,Manual,,Native plug-in API for memory management,https://docs.unity3d.com/6000.4/Documentation/Manual/low-level-native-plugin-memory-manager-api.html,unity_docs_incremental_260527_002,3,E:/系统/桌面/工作区/本学期/大三下/IT项目管理/大作业/Data/KnowledgeBase/processed_clean/dify_import/unity_docs_chunk_924774a38c6a1330.md,765,2026-05-27T13:13:29.705523+00:00
chunk_59d0c4784c3fd094,unity_4431953bdb345cc9,unity_docs,official_documentation,Manual,,Debug a frame,https://docs.unity3d.com/6000.4/Documentation/Manual/FrameDebugger-debug.html,unity_docs_incremental_260527_002,1,E:/系统/桌面/工作区/本学期/大三下/IT项目管理/大作业/Data/KnowledgeBase/processed_clean/dify_import/unity_docs_chunk_59d0c4784c3fd094.md,1752,2026-05-27T13:13:29.706861+00:00
chunk_3c32afcd5c6e806a,unity_4431953bdb345cc9,unity_docs,official_documentation,Manual,,Debug a frame,https://docs.unity3d.com/6000.4/Documentation/Manual/FrameDebugger-debug.html,unity_docs_incremental_260527_002,2,E:/系统/桌面/工作区/本学期/大三下/IT项目管理/大作业/Data/KnowledgeBase/processed_clean/dify_import/unity_docs_chunk_3c32afcd5c6e806a.md,1225,2026-05-27T13:13:29.707336+00:00
chunk_2765227d84c18e07,unity_e46ac1b1f3d49f2c,unity_docs,official_documentation,Manual,,Adaptive Performance Device Simulator plug-in reference,https://docs.unity3d.com/6000.4/Documentation/Manual/adaptive-performance/device-simulator-reference.html,unity_docs_incremental_260527_002,1,E:/系统/桌面/工作区/本学期/大三下/IT项目管理/大作业/Data/KnowledgeBase/processed_clean/dify_import/unity_docs_chunk_2765227d84c18e07.md,1799,2026-05-27T13:13:29.708891+00:00
chunk_2a0393b42e6e3c6c,unity_e46ac1b1f3d49f2c,unity_docs,official_documentation,Manual,,Adaptive Performance Device Simulator plug-in reference,https://docs.unity3d.com/6000.4/Documentation/Manual/adaptive-performance/device-simulator-reference.html,unity_docs_incremental_260527_002,2,E:/系统/桌面/工作区/本学期/大三下/IT项目管理/大作业/Data/KnowledgeBase/processed_clean/dify_import/unity_docs_chunk_2a0393b42e6e3c6c.md,1769,2026-05-27T13:13:29.709996+00:00
chunk_1614f8cf704500b7,unity_e46ac1b1f3d49f2c,unity_docs,official_documentation,Manual,,Adaptive Performance Device Simulator plug-in reference,https://docs.unity3d.com/6000.4/Documentation/Manual/adaptive-performance/device-simulator-reference.html,unity_docs_incremental_260527_002,3,E:/系统/桌面/工作区/本学期/大三下/IT项目管理/大作业/Data/KnowledgeBase/processed_clean/dify_import/unity_docs_chunk_1614f8cf704500b7.md,1781,2026-05-27T13:13:29.710923+00:00
chunk_1e56fbee4328e888,unity_e46ac1b1f3d49f2c,unity_docs,official_documentation,Manual,,Adaptive Performance Device Simulator plug-in reference,https://docs.unity3d.com/6000.4/Documentation/Manual/adaptive-performance/device-simulator-reference.html,unity_docs_incremental_260527_002,4,E:/系统/桌面/工作区/本学期/大三下/IT项目管理/大作业/Data/KnowledgeBase/processed_clean/dify_import/unity_docs_chunk_1e56fbee4328e888.md,615,2026-05-27T13:13:29.711559+00:00
chunk_c946b5c2179f0c16,unity_0b256be2621362d2,unity_docs,official_documentation,Manual,,Project Auditor introduction,https://docs.unity3d.com/6000.4/Documentation/Manual/project-auditor/project-auditor-introduction.html,unity_docs_incremental_260527_002,1,E:/系统/桌面/工作区/本学期/大三下/IT项目管理/大作业/Data/KnowledgeBase/processed_clean/dify_import/unity_docs_chunk_c946b5c2179f0c16.md,1799,2026-05-27T13:13:29.712978+00:00
chunk_bf1b49366a72e463,unity_0b256be2621362d2,unity_docs,official_documentation,Manual,,Project Auditor introduction,https://docs.unity3d.com/6000.4/Documentation/Manual/project-auditor/project-auditor-introduction.html,unity_docs_incremental_260527_002,2,E:/系统/桌面/工作区/本学期/大三下/IT项目管理/大作业/Data/KnowledgeBase/processed_clean/dify_import/unity_docs_chunk_bf1b49366a72e463.md,367,2026-05-27T13:13:29.713843+00:00
chunk_05b3fb046467f0f7,unity_2faef050a2e0a050,unity_docs,official_documentation,Manual,,Project issues,https://docs.unity3d.com/6000.4/Documentation/Manual/project-auditor/project-issues.html,unity_docs_incremental_260527_002,1,E:/系统/桌面/工作区/本学期/大三下/IT项目管理/大作业/Data/KnowledgeBase/processed_clean/dify_import/unity_docs_chunk_05b3fb046467f0f7.md,621,2026-05-27T13:13:29.715088+00:00
chunk_f0e395dd3b3cc305,unity_073fb1d76859ca15,unity_docs,official_documentation,Manual,,Project Auditor window reference,https://docs.unity3d.com/6000.4/Documentation/Manual/project-auditor/project-auditor-window.html,unity_docs_incremental_260527_002,1,E:/系统/桌面/工作区/本学期/大三下/IT项目管理/大作业/Data/KnowledgeBase/processed_clean/dify_import/unity_docs_chunk_f0e395dd3b3cc305.md,1290,2026-05-27T13:13:29.716338+00:00
chunk_f0afcbcb2ec51057,unity_f9c70140e75cd713,unity_docs,official_documentation,Manual,,Optimizing your code for managed memory,https://docs.unity3d.com/6000.4/Documentation/Manual/performance-optimizing-code-managed-memory.html,unity_docs_incremental_260527_002,1,E:/系统/桌面/工作区/本学期/大三下/IT项目管理/大作业/Data/KnowledgeBase/processed_clean/dify_import/unity_docs_chunk_f0afcbcb2ec51057.md,1412,2026-05-27T13:13:29.718124+00:00
chunk_00d4ddc434a96ac5,unity_d7cd4d8d02d42e10,unity_docs,official_documentation,Manual,,IUnityMemoryManager API reference,https://docs.unity3d.com/6000.4/Documentation/Manual/low-level-native-plugin-memory-manager-api-reference.html,unity_docs_incremental_260527_002,1,E:/系统/桌面/工作区/本学期/大三下/IT项目管理/大作业/Data/KnowledgeBase/processed_clean/dify_import/unity_docs_chunk_00d4ddc434a96ac5.md,1776,2026-05-27T13:13:29.720570+00:00
chunk_825dabf4c145befd,unity_d7cd4d8d02d42e10,unity_docs,official_documentation,Manual,,IUnityMemoryManager API reference,https://docs.unity3d.com/6000.4/Documentation/Manual/low-level-native-plugin-memory-manager-api-reference.html,unity_docs_incremental_260527_002,2,E:/系统/桌面/工作区/本学期/大三下/IT项目管理/大作业/Data/KnowledgeBase/processed_clean/dify_import/unity_docs_chunk_825dabf4c145befd.md,1782,2026-05-27T13:13:29.721427+00:00
chunk_cefdd74fa9555f2c,unity_d7cd4d8d02d42e10,unity_docs,official_documentation,Manual,,IUnityMemoryManager API reference,https://docs.unity3d.com/6000.4/Documentation/Manual/low-level-native-plugin-memory-manager-api-reference.html,unity_docs_incremental_260527_002,3,E:/系统/桌面/工作区/本学期/大三下/IT项目管理/大作业/Data/KnowledgeBase/processed_clean/dify_import/unity_docs_chunk_cefdd74fa9555f2c.md,1355,2026-05-27T13:13:29.722003+00:00
chunk_2f059ba59cb17bfb,unity_f2a277c4bc031466,unity_docs,official_documentation,Manual,,Native plug-in API for logging,https://docs.unity3d.com/6000.4/Documentation/Manual/low-level-native-plugin-logging.html,unity_docs_incremental_260527_002,1,E:/系统/桌面/工作区/本学期/大三下/IT项目管理/大作业/Data/KnowledgeBase/processed_clean/dify_import/unity_docs_chunk_2f059ba59cb17bfb.md,1764,2026-05-27T13:13:29.723578+00:00
chunk_2ee208b897f68514,unity_f2a277c4bc031466,unity_docs,official_documentation,Manual,,Native plug-in API for logging,https://docs.unity3d.com/6000.4/Documentation/Manual/low-level-native-plugin-logging.html,unity_docs_incremental_260527_002,2,E:/系统/桌面/工作区/本学期/大三下/IT项目管理/大作业/Data/KnowledgeBase/processed_clean/dify_import/unity_docs_chunk_2ee208b897f68514.md,1736,2026-05-27T13:13:29.724550+00:00
chunk_6da8617364c67f58,unity_f2a277c4bc031466,unity_docs,official_documentation,Manual,,Native plug-in API for logging,https://docs.unity3d.com/6000.4/Documentation/Manual/low-level-native-plugin-logging.html,unity_docs_incremental_260527_002,3,E:/系统/桌面/工作区/本学期/大三下/IT项目管理/大作业/Data/KnowledgeBase/processed_clean/dify_import/unity_docs_chunk_6da8617364c67f58.md,382,2026-05-27T13:13:29.725111+00:00
chunk_514687f163550e35,unity_d6f4250dc58d9f96,unity_docs,official_documentation,Manual,,Introduction to native plug-in API,https://docs.unity3d.com/6000.4/Documentation/Manual/native-plugin-interface-introduction.html,unity_docs_incremental_260527_002,1,E:/系统/桌面/工作区/本学期/大三下/IT项目管理/大作业/Data/KnowledgeBase/processed_clean/dify_import/unity_docs_chunk_514687f163550e35.md,1684,2026-05-27T13:13:29.726479+00:00
chunk_f84847fd041e637e,unity_d6f4250dc58d9f96,unity_docs,official_documentation,Manual,,Introduction to native plug-in API,https://docs.unity3d.com/6000.4/Documentation/Manual/native-plugin-interface-introduction.html,unity_docs_incremental_260527_002,2,E:/系统/桌面/工作区/本学期/大三下/IT项目管理/大作业/Data/KnowledgeBase/processed_clean/dify_import/unity_docs_chunk_f84847fd041e637e.md,1625,2026-05-27T13:13:29.727070+00:00
chunk_e166b099e034ffb8,unity_bf6790deab7fd4b4,unity_docs,official_documentation,ScriptReference,,Profiler .BeginSample,https://docs.unity3d.com/6000.4/Documentation/ScriptReference/Profiling.Profiler.BeginSample.html,unity_docs_incremental_260527_002,1,E:/系统/桌面/工作区/本学期/大三下/IT项目管理/大作业/Data/KnowledgeBase/processed_clean/dify_import/unity_docs_chunk_e166b099e034ffb8.md,1547,2026-05-27T13:13:29.728519+00:00
chunk_ab9516baa27a2bf4,unity_53854ec6af1fd621,unity_docs,official_documentation,ScriptReference,,Profiler .EndSample,https://docs.unity3d.com/6000.4/Documentation/ScriptReference/Profiling.Profiler.EndSample.html,unity_docs_incremental_260527_002,1,E:/系统/桌面/工作区/本学期/大三下/IT项目管理/大作业/Data/KnowledgeBase/processed_clean/dify_import/unity_docs_chunk_ab9516baa27a2bf4.md,679,2026-05-27T13:13:29.729642+00:00
chunk_c92b26981cae4590,unity_b830cb997d461466,unity_docs,official_documentation,Manual,,Troubleshooting for Android,https://docs.unity3d.com/6000.4/Documentation/Manual/android-troubleshooting.html,unity_docs_incremental_260527_002,1,E:/系统/桌面/工作区/本学期/大三下/IT项目管理/大作业/Data/KnowledgeBase/processed_clean/dify_import/unity_docs_chunk_c92b26981cae4590.md,1789,2026-05-27T13:13:29.731427+00:00
chunk_300ae5bd2d2e1836,unity_b830cb997d461466,unity_docs,official_documentation,Manual,,Troubleshooting for Android,https://docs.unity3d.com/6000.4/Documentation/Manual/android-troubleshooting.html,unity_docs_incremental_260527_002,2,E:/系统/桌面/工作区/本学期/大三下/IT项目管理/大作业/Data/KnowledgeBase/processed_clean/dify_import/unity_docs_chunk_300ae5bd2d2e1836.md,1406,2026-05-27T13:13:29.732028+00:00
chunk_1d7b3f806469c0c3,unity_34d28fad78f7bb25,unity_docs,official_documentation,Manual,,Android thread configuration,https://docs.unity3d.com/6000.4/Documentation/Manual/android-thread-configuration.html,unity_docs_incremental_260527_002,1,E:/系统/桌面/工作区/本学期/大三下/IT项目管理/大作业/Data/KnowledgeBase/processed_clean/dify_import/unity_docs_chunk_1d7b3f806469c0c3.md,1397,2026-05-27T13:13:29.733727+00:00
chunk_5046d2a23048ffa1,unity_34d28fad78f7bb25,unity_docs,official_documentation,Manual,,Android thread configuration,https://docs.unity3d.com/6000.4/Documentation/Manual/android-thread-configuration.html,unity_docs_incremental_260527_002,2,E:/系统/桌面/工作区/本学期/大三下/IT项目管理/大作业/Data/KnowledgeBase/processed_clean/dify_import/unity_docs_chunk_5046d2a23048ffa1.md,1644,2026-05-27T13:13:29.734329+00:00
chunk_f48c7487c2c434eb,unity_34d28fad78f7bb25,unity_docs,official_documentation,Manual,,Android thread configuration,https://docs.unity3d.com/6000.4/Documentation/Manual/android-thread-configuration.html,unity_docs_incremental_260527_002,3,E:/系统/桌面/工作区/本学期/大三下/IT项目管理/大作业/Data/KnowledgeBase/processed_clean/dify_import/unity_docs_chunk_f48c7487c2c434eb.md,1771,2026-05-27T13:13:29.734863+00:00
chunk_1c54decc5af17fe7,unity_34d28fad78f7bb25,unity_docs,official_documentation,Manual,,Android thread configuration,https://docs.unity3d.com/6000.4/Documentation/Manual/android-thread-configuration.html,unity_docs_incremental_260527_002,4,E:/系统/桌面/工作区/本学期/大三下/IT项目管理/大作业/Data/KnowledgeBase/processed_clean/dify_import/unity_docs_chunk_1c54decc5af17fe7.md,1393,2026-05-27T13:13:29.735632+00:00
chunk_a0550395f8a9accb,unity_72be08683a1af8c2,unity_docs,official_documentation,Manual,,Optimize application startup times,https://docs.unity3d.com/6000.4/Documentation/Manual/android-optimize-application-startup.html,unity_docs_incremental_260527_002,1,E:/系统/桌面/工作区/本学期/大三下/IT项目管理/大作业/Data/KnowledgeBase/processed_clean/dify_import/unity_docs_chunk_a0550395f8a9accb.md,1732,2026-05-27T13:13:29.736998+00:00
chunk_3a98e9b603efb5c3,unity_7a3dcffc2486b3bd,unity_docs,official_documentation,Manual,,Game state hinting,https://docs.unity3d.com/6000.4/Documentation/Manual/android-game-state-hinting.html,unity_docs_incremental_260527_002,1,E:/系统/桌面/工作区/本学期/大三下/IT项目管理/大作业/Data/KnowledgeBase/processed_clean/dify_import/unity_docs_chunk_3a98e9b603efb5c3.md,1799,2026-05-27T13:13:29.738575+00:00
chunk_f6a15af22eb2ccca,unity_7a3dcffc2486b3bd,unity_docs,official_documentation,Manual,,Game state hinting,https://docs.unity3d.com/6000.4/Documentation/Manual/android-game-state-hinting.html,unity_docs_incremental_260527_002,2,E:/系统/桌面/工作区/本学期/大三下/IT项目管理/大作业/Data/KnowledgeBase/processed_clean/dify_import/unity_docs_chunk_f6a15af22eb2ccca.md,832,2026-05-27T13:13:29.739147+00:00
chunk_38bf69e015a111dd,unity_eee5cce4c5dc90e1,unity_docs,official_documentation,Manual,,Optimize for user preferences,https://docs.unity3d.com/6000.4/Documentation/Manual/android-optimize-for-user-preferences.html,unity_docs_incremental_260527_002,1,E:/系统/桌面/工作区/本学期/大三下/IT项目管理/大作业/Data/KnowledgeBase/processed_clean/dify_import/unity_docs_chunk_38bf69e015a111dd.md,1779,2026-05-27T13:13:29.740384+00:00
chunk_f209b547a493d796,unity_eee5cce4c5dc90e1,unity_docs,official_documentation,Manual,,Optimize for user preferences,https://docs.unity3d.com/6000.4/Documentation/Manual/android-optimize-for-user-preferences.html,unity_docs_incremental_260527_002,2,E:/系统/桌面/工作区/本学期/大三下/IT项目管理/大作业/Data/KnowledgeBase/processed_clean/dify_import/unity_docs_chunk_f209b547a493d796.md,585,2026-05-27T13:13:29.741189+00:00
chunk_56e929f06c4365bd,unity_1af91d74d51031a1,unity_docs,official_documentation,Manual,,Report crash bugs for iOS,https://docs.unity3d.com/6000.4/Documentation/Manual/iphone-bugreporting.html,unity_docs_incremental_260527_002,1,E:/系统/桌面/工作区/本学期/大三下/IT项目管理/大作业/Data/KnowledgeBase/processed_clean/dify_import/unity_docs_chunk_56e929f06c4365bd.md,1394,2026-05-27T13:13:29.742425+00:00
chunk_f2794bb694bfbb26,unity_89fbed56cd8d7728,unity_docs,official_documentation,Manual,,Style text with rich text tags,https://docs.unity3d.com/6000.4/Documentation/Manual/UIE-rich-text-tags.html,unity_docs_incremental_260527_002,1,E:/系统/桌面/工作区/本学期/大三下/IT项目管理/大作业/Data/KnowledgeBase/processed_clean/dify_import/unity_docs_chunk_f2794bb694bfbb26.md,763,2026-05-27T13:13:29.743257+00:00
chunk_d1b6b66dddfd28c2,unity_fdbf9ddf7332d9f1,unity_docs,official_documentation,Manual,,Fallback font,https://docs.unity3d.com/6000.4/Documentation/Manual/UIE-fallback-font.html,unity_docs_incremental_260527_002,1,E:/系统/桌面/工作区/本学期/大三下/IT项目管理/大作业/Data/KnowledgeBase/processed_clean/dify_import/unity_docs_chunk_d1b6b66dddfd28c2.md,1583,2026-05-27T13:13:29.744487+00:00
chunk_49a7d332fc8c0928,unity_fdbf9ddf7332d9f1,unity_docs,official_documentation,Manual,,Fallback font,https://docs.unity3d.com/6000.4/Documentation/Manual/UIE-fallback-font.html,unity_docs_incremental_260527_002,2,E:/系统/桌面/工作区/本学期/大三下/IT项目管理/大作业/Data/KnowledgeBase/processed_clean/dify_import/unity_docs_chunk_49a7d332fc8c0928.md,587,2026-05-27T13:13:29.745422+00:00
chunk_2aa3fe4d16913622,unity_5282cbc9ff493aa3,unity_docs,official_documentation,Manual,,Input System,https://docs.unity3d.com/6000.4/Documentation/Manual/com.unity.inputsystem.html,unity_docs_incremental_260527_002,1,E:/系统/桌面/工作区/本学期/大三下/IT项目管理/大作业/Data/KnowledgeBase/processed_clean/dify_import/unity_docs_chunk_2aa3fe4d16913622.md,881,2026-05-27T13:13:29.746894+00:00
chunk_653d46531418c647,unity_e2d9335a81e84b43,unity_docs,official_documentation,Manual,,USS transition,https://docs.unity3d.com/6000.4/Documentation/Manual/UIE-Transitions.html,unity_docs_incremental_260527_002,1,E:/系统/桌面/工作区/本学期/大三下/IT项目管理/大作业/Data/KnowledgeBase/processed_clean/dify_import/unity_docs_chunk_653d46531418c647.md,1744,2026-05-27T13:13:29.750223+00:00
chunk_20f634f68718bbd3,unity_e2d9335a81e84b43,unity_docs,official_documentation,Manual,,USS transition,https://docs.unity3d.com/6000.4/Documentation/Manual/UIE-Transitions.html,unity_docs_incremental_260527_002,2,E:/系统/桌面/工作区/本学期/大三下/IT项目管理/大作业/Data/KnowledgeBase/processed_clean/dify_import/unity_docs_chunk_20f634f68718bbd3.md,1642,2026-05-27T13:13:29.751213+00:00
chunk_22532b63b5e1671b,unity_e2d9335a81e84b43,unity_docs,official_documentation,Manual,,USS transition,https://docs.unity3d.com/6000.4/Documentation/Manual/UIE-Transitions.html,unity_docs_incremental_260527_002,3,E:/系统/桌面/工作区/本学期/大三下/IT项目管理/大作业/Data/KnowledgeBase/processed_clean/dify_import/unity_docs_chunk_22532b63b5e1671b.md,1758,2026-05-27T13:13:29.752437+00:00
chunk_40f32ce790d28319,unity_e2d9335a81e84b43,unity_docs,official_documentation,Manual,,USS transition,https://docs.unity3d.com/6000.4/Documentation/Manual/UIE-Transitions.html,unity_docs_incremental_260527_002,4,E:/系统/桌面/工作区/本学期/大三下/IT项目管理/大作业/Data/KnowledgeBase/processed_clean/dify_import/unity_docs_chunk_40f32ce790d28319.md,1739,2026-05-27T13:13:29.753353+00:00
chunk_1b96859a62d64d7c,unity_e2d9335a81e84b43,unity_docs,official_documentation,Manual,,USS transition,https://docs.unity3d.com/6000.4/Documentation/Manual/UIE-Transitions.html,unity_docs_incremental_260527_002,5,E:/系统/桌面/工作区/本学期/大三下/IT项目管理/大作业/Data/KnowledgeBase/processed_clean/dify_import/unity_docs_chunk_1b96859a62d64d7c.md,1721,2026-05-27T13:13:29.754652+00:00
chunk_39f9f81505a7fe9d,unity_e2d9335a81e84b43,unity_docs,official_documentation,Manual,,USS transition,https://docs.unity3d.com/6000.4/Documentation/Manual/UIE-Transitions.html,unity_docs_incremental_260527_002,6,E:/系统/桌面/工作区/本学期/大三下/IT项目管理/大作业/Data/KnowledgeBase/processed_clean/dify_import/unity_docs_chunk_39f9f81505a7fe9d.md,1774,2026-05-27T13:13:29.755570+00:00
chunk_f949313321171fa5,unity_e2d9335a81e84b43,unity_docs,official_documentation,Manual,,USS transition,https://docs.unity3d.com/6000.4/Documentation/Manual/UIE-Transitions.html,unity_docs_incremental_260527_002,7,E:/系统/桌面/工作区/本学期/大三下/IT项目管理/大作业/Data/KnowledgeBase/processed_clean/dify_import/unity_docs_chunk_f949313321171fa5.md,1726,2026-05-27T13:13:29.756600+00:00
chunk_80de779148a97ead,unity_e2d9335a81e84b43,unity_docs,official_documentation,Manual,,USS transition,https://docs.unity3d.com/6000.4/Documentation/Manual/UIE-Transitions.html,unity_docs_incremental_260527_002,8,E:/系统/桌面/工作区/本学期/大三下/IT项目管理/大作业/Data/KnowledgeBase/processed_clean/dify_import/unity_docs_chunk_80de779148a97ead.md,1761,2026-05-27T13:13:29.757431+00:00
chunk_269343ea0f37a76c,unity_e2d9335a81e84b43,unity_docs,official_documentation,Manual,,USS transition,https://docs.unity3d.com/6000.4/Documentation/Manual/UIE-Transitions.html,unity_docs_incremental_260527_002,9,E:/系统/桌面/工作区/本学期/大三下/IT项目管理/大作业/Data/KnowledgeBase/processed_clean/dify_import/unity_docs_chunk_269343ea0f37a76c.md,1793,2026-05-27T13:13:29.758272+00:00
chunk_333ec9b7f808c4ab,unity_e2d9335a81e84b43,unity_docs,official_documentation,Manual,,USS transition,https://docs.unity3d.com/6000.4/Documentation/Manual/UIE-Transitions.html,unity_docs_incremental_260527_002,10,E:/系统/桌面/工作区/本学期/大三下/IT项目管理/大作业/Data/KnowledgeBase/processed_clean/dify_import/unity_docs_chunk_333ec9b7f808c4ab.md,1786,2026-05-27T13:13:29.759292+00:00
chunk_c3bf7444ba6f7f17,unity_173e1c88b9b2854c,unity_docs,official_documentation,Manual,,Set language direction,https://docs.unity3d.com/6000.4/Documentation/Manual/ui-systems/language-direction.html,unity_docs_incremental_260527_002,1,E:/系统/桌面/工作区/本学期/大三下/IT项目管理/大作业/Data/KnowledgeBase/processed_clean/dify_import/unity_docs_chunk_c3bf7444ba6f7f17.md,1797,2026-05-27T13:13:29.761342+00:00
chunk_b3c1b94a886c340b,unity_173e1c88b9b2854c,unity_docs,official_documentation,Manual,,Set language direction,https://docs.unity3d.com/6000.4/Documentation/Manual/ui-systems/language-direction.html,unity_docs_incremental_260527_002,2,E:/系统/桌面/工作区/本学期/大三下/IT项目管理/大作业/Data/KnowledgeBase/processed_clean/dify_import/unity_docs_chunk_b3c1b94a886c340b.md,750,2026-05-27T13:13:29.762133+00:00
chunk_c9f84851dad106f4,unity_ee78631dd3dce9e7,unity_docs,official_documentation,Manual,,Introduction to SerializedObject data binding,https://docs.unity3d.com/6000.4/Documentation/Manual/UIE-Binding.html,unity_docs_incremental_260527_002,1,E:/系统/桌面/工作区/本学期/大三下/IT项目管理/大作业/Data/KnowledgeBase/processed_clean/dify_import/unity_docs_chunk_c9f84851dad106f4.md,1798,2026-05-27T13:13:29.764500+00:00
chunk_f1d164568a4d818a,unity_ee78631dd3dce9e7,unity_docs,official_documentation,Manual,,Introduction to SerializedObject data binding,https://docs.unity3d.com/6000.4/Documentation/Manual/UIE-Binding.html,unity_docs_incremental_260527_002,2,E:/系统/桌面/工作区/本学期/大三下/IT项目管理/大作业/Data/KnowledgeBase/processed_clean/dify_import/unity_docs_chunk_f1d164568a4d818a.md,1680,2026-05-27T13:13:29.765497+00:00
chunk_8092bc3c810c040a,unity_ee78631dd3dce9e7,unity_docs,official_documentation,Manual,,Introduction to SerializedObject data binding,https://docs.unity3d.com/6000.4/Documentation/Manual/UIE-Binding.html,unity_docs_incremental_260527_002,3,E:/系统/桌面/工作区/本学期/大三下/IT项目管理/大作业/Data/KnowledgeBase/processed_clean/dify_import/unity_docs_chunk_8092bc3c810c040a.md,1794,2026-05-27T13:13:29.766451+00:00
chunk_f03bd360ae6050ec,unity_ee78631dd3dce9e7,unity_docs,official_documentation,Manual,,Introduction to SerializedObject data binding,https://docs.unity3d.com/6000.4/Documentation/Manual/UIE-Binding.html,unity_docs_incremental_260527_002,4,E:/系统/桌面/工作区/本学期/大三下/IT项目管理/大作业/Data/KnowledgeBase/processed_clean/dify_import/unity_docs_chunk_f03bd360ae6050ec.md,1790,2026-05-27T13:13:29.767449+00:00
chunk_a0ad79f822477b49,unity_ee78631dd3dce9e7,unity_docs,official_documentation,Manual,,Introduction to SerializedObject data binding,https://docs.unity3d.com/6000.4/Documentation/Manual/UIE-Binding.html,unity_docs_incremental_260527_002,5,E:/系统/桌面/工作区/本学期/大三下/IT项目管理/大作业/Data/KnowledgeBase/processed_clean/dify_import/unity_docs_chunk_a0ad79f822477b49.md,1743,2026-05-27T13:13:29.768453+00:00
chunk_b7f51bd36f8e1a71,unity_ee78631dd3dce9e7,unity_docs,official_documentation,Manual,,Introduction to SerializedObject data binding,https://docs.unity3d.com/6000.4/Documentation/Manual/UIE-Binding.html,unity_docs_incremental_260527_002,6,E:/系统/桌面/工作区/本学期/大三下/IT项目管理/大作业/Data/KnowledgeBase/processed_clean/dify_import/unity_docs_chunk_b7f51bd36f8e1a71.md,1795,2026-05-27T13:13:29.769285+00:00
chunk_bf5d7d1384c38232,unity_844c92bd7c816b9a,unity_docs,official_documentation,Manual,,Migrate from uGUI to UI Toolkit,https://docs.unity3d.com/6000.4/Documentation/Manual/UIE-Transitioning-From-UGUI.html,unity_docs_incremental_260527_002,1,E:/系统/桌面/工作区/本学期/大三下/IT项目管理/大作业/Data/KnowledgeBase/processed_clean/dify_import/unity_docs_chunk_bf5d7d1384c38232.md,1729,2026-05-27T13:13:29.772472+00:00
chunk_9b1f84531bb2a23e,unity_844c92bd7c816b9a,unity_docs,official_documentation,Manual,,Migrate from uGUI to UI Toolkit,https://docs.unity3d.com/6000.4/Documentation/Manual/UIE-Transitioning-From-UGUI.html,unity_docs_incremental_260527_002,2,E:/系统/桌面/工作区/本学期/大三下/IT项目管理/大作业/Data/KnowledgeBase/processed_clean/dify_import/unity_docs_chunk_9b1f84531bb2a23e.md,1755,2026-05-27T13:13:29.773427+00:00
chunk_732ebc9a27b87ed2,unity_844c92bd7c816b9a,unity_docs,official_documentation,Manual,,Migrate from uGUI to UI Toolkit,https://docs.unity3d.com/6000.4/Documentation/Manual/UIE-Transitioning-From-UGUI.html,unity_docs_incremental_260527_002,3,E:/系统/桌面/工作区/本学期/大三下/IT项目管理/大作业/Data/KnowledgeBase/processed_clean/dify_import/unity_docs_chunk_732ebc9a27b87ed2.md,1735,2026-05-27T13:13:29.774289+00:00
chunk_db6359580ab3402a,unity_844c92bd7c816b9a,unity_docs,official_documentation,Manual,,Migrate from uGUI to UI Toolkit,https://docs.unity3d.com/6000.4/Documentation/Manual/UIE-Transitioning-From-UGUI.html,unity_docs_incremental_260527_002,4,E:/系统/桌面/工作区/本学期/大三下/IT项目管理/大作业/Data/KnowledgeBase/processed_clean/dify_import/unity_docs_chunk_db6359580ab3402a.md,1605,2026-05-27T13:13:29.775105+00:00
chunk_e2d81800483477fa,unity_844c92bd7c816b9a,unity_docs,official_documentation,Manual,,Migrate from uGUI to UI Toolkit,https://docs.unity3d.com/6000.4/Documentation/Manual/UIE-Transitioning-From-UGUI.html,unity_docs_incremental_260527_002,5,E:/系统/桌面/工作区/本学期/大三下/IT项目管理/大作业/Data/KnowledgeBase/processed_clean/dify_import/unity_docs_chunk_e2d81800483477fa.md,1795,2026-05-27T13:13:29.776106+00:00
chunk_c89c5600ac182dcf,unity_844c92bd7c816b9a,unity_docs,official_documentation,Manual,,Migrate from uGUI to UI Toolkit,https://docs.unity3d.com/6000.4/Documentation/Manual/UIE-Transitioning-From-UGUI.html,unity_docs_incremental_260527_002,6,E:/系统/桌面/工作区/本学期/大三下/IT项目管理/大作业/Data/KnowledgeBase/processed_clean/dify_import/unity_docs_chunk_c89c5600ac182dcf.md,1772,2026-05-27T13:13:29.776866+00:00
chunk_ecaeb68df073441f,unity_844c92bd7c816b9a,unity_docs,official_documentation,Manual,,Migrate from uGUI to UI Toolkit,https://docs.unity3d.com/6000.4/Documentation/Manual/UIE-Transitioning-From-UGUI.html,unity_docs_incremental_260527_002,7,E:/系统/桌面/工作区/本学期/大三下/IT项目管理/大作业/Data/KnowledgeBase/processed_clean/dify_import/unity_docs_chunk_ecaeb68df073441f.md,1727,2026-05-27T13:13:29.777508+00:00
chunk_cd6c75c314a95c95,unity_844c92bd7c816b9a,unity_docs,official_documentation,Manual,,Migrate from uGUI to UI Toolkit,https://docs.unity3d.com/6000.4/Documentation/Manual/UIE-Transitioning-From-UGUI.html,unity_docs_incremental_260527_002,8,E:/系统/桌面/工作区/本学期/大三下/IT项目管理/大作业/Data/KnowledgeBase/processed_clean/dify_import/unity_docs_chunk_cd6c75c314a95c95.md,1027,2026-05-27T13:13:29.778163+00:00
chunk_fb0eef0babd84b0b,unity_74039d363e01aac5,unity_docs,official_documentation,Manual,,Migrate from Immediate Mode GUI (IMGUI) to UI Toolkit,https://docs.unity3d.com/6000.4/Documentation/Manual/UIE-IMGUI-migration.html,unity_docs_incremental_260527_002,1,E:/系统/桌面/工作区/本学期/大三下/IT项目管理/大作业/Data/KnowledgeBase/processed_clean/dify_import/unity_docs_chunk_fb0eef0babd84b0b.md,1771,2026-05-27T13:13:29.781468+00:00
chunk_a65d98af6e0a5f89,unity_74039d363e01aac5,unity_docs,official_documentation,Manual,,Migrate from Immediate Mode GUI (IMGUI) to UI Toolkit,https://docs.unity3d.com/6000.4/Documentation/Manual/UIE-IMGUI-migration.html,unity_docs_incremental_260527_002,2,E:/系统/桌面/工作区/本学期/大三下/IT项目管理/大作业/Data/KnowledgeBase/processed_clean/dify_import/unity_docs_chunk_a65d98af6e0a5f89.md,1790,2026-05-27T13:13:29.782342+00:00
chunk_be0e5325b7176f65,unity_74039d363e01aac5,unity_docs,official_documentation,Manual,,Migrate from Immediate Mode GUI (IMGUI) to UI Toolkit,https://docs.unity3d.com/6000.4/Documentation/Manual/UIE-IMGUI-migration.html,unity_docs_incremental_260527_002,3,E:/系统/桌面/工作区/本学期/大三下/IT项目管理/大作业/Data/KnowledgeBase/processed_clean/dify_import/unity_docs_chunk_be0e5325b7176f65.md,1729,2026-05-27T13:13:29.783394+00:00
chunk_29bfbe94c38099e2,unity_74039d363e01aac5,unity_docs,official_documentation,Manual,,Migrate from Immediate Mode GUI (IMGUI) to UI Toolkit,https://docs.unity3d.com/6000.4/Documentation/Manual/UIE-IMGUI-migration.html,unity_docs_incremental_260527_002,4,E:/系统/桌面/工作区/本学期/大三下/IT项目管理/大作业/Data/KnowledgeBase/processed_clean/dify_import/unity_docs_chunk_29bfbe94c38099e2.md,1796,2026-05-27T13:13:29.784173+00:00
chunk_d5c8831a89cdc660,unity_74039d363e01aac5,unity_docs,official_documentation,Manual,,Migrate from Immediate Mode GUI (IMGUI) to UI Toolkit,https://docs.unity3d.com/6000.4/Documentation/Manual/UIE-IMGUI-migration.html,unity_docs_incremental_260527_002,5,E:/系统/桌面/工作区/本学期/大三下/IT项目管理/大作业/Data/KnowledgeBase/processed_clean/dify_import/unity_docs_chunk_d5c8831a89cdc660.md,1785,2026-05-27T13:13:29.784979+00:00
chunk_0eb11a3eba4b962d,unity_74039d363e01aac5,unity_docs,official_documentation,Manual,,Migrate from Immediate Mode GUI (IMGUI) to UI Toolkit,https://docs.unity3d.com/6000.4/Documentation/Manual/UIE-IMGUI-migration.html,unity_docs_incremental_260527_002,6,E:/系统/桌面/工作区/本学期/大三下/IT项目管理/大作业/Data/KnowledgeBase/processed_clean/dify_import/unity_docs_chunk_0eb11a3eba4b962d.md,1794,2026-05-27T13:13:29.786077+00:00
chunk_9832e88788f10e1f,unity_74039d363e01aac5,unity_docs,official_documentation,Manual,,Migrate from Immediate Mode GUI (IMGUI) to UI Toolkit,https://docs.unity3d.com/6000.4/Documentation/Manual/UIE-IMGUI-migration.html,unity_docs_incremental_260527_002,7,E:/系统/桌面/工作区/本学期/大三下/IT项目管理/大作业/Data/KnowledgeBase/processed_clean/dify_import/unity_docs_chunk_9832e88788f10e1f.md,1797,2026-05-27T13:13:29.786988+00:00
chunk_357a5d863ee45597,unity_74039d363e01aac5,unity_docs,official_documentation,Manual,,Migrate from Immediate Mode GUI (IMGUI) to UI Toolkit,https://docs.unity3d.com/6000.4/Documentation/Manual/UIE-IMGUI-migration.html,unity_docs_incremental_260527_002,8,E:/系统/桌面/工作区/本学期/大三下/IT项目管理/大作业/Data/KnowledgeBase/processed_clean/dify_import/unity_docs_chunk_357a5d863ee45597.md,1787,2026-05-27T13:13:29.787798+00:00
chunk_a0dda2cb5a736e22,unity_74039d363e01aac5,unity_docs,official_documentation,Manual,,Migrate from Immediate Mode GUI (IMGUI) to UI Toolkit,https://docs.unity3d.com/6000.4/Documentation/Manual/UIE-IMGUI-migration.html,unity_docs_incremental_260527_002,9,E:/系统/桌面/工作区/本学期/大三下/IT项目管理/大作业/Data/KnowledgeBase/processed_clean/dify_import/unity_docs_chunk_a0dda2cb5a736e22.md,1023,2026-05-27T13:13:29.788675+00:00
chunk_2ced013264367e45,unity_26254e2512332bdd,unity_docs,official_documentation,Manual,,Position element with the layout engine,https://docs.unity3d.com/6000.4/Documentation/Manual/UIE-LayoutEngine.html,unity_docs_incremental_260527_002,1,E:/系统/桌面/工作区/本学期/大三下/IT项目管理/大作业/Data/KnowledgeBase/processed_clean/dify_import/unity_docs_chunk_2ced013264367e45.md,1771,2026-05-27T13:13:29.791019+00:00
chunk_a2a946201443c6ae,unity_26254e2512332bdd,unity_docs,official_documentation,Manual,,Position element with the layout engine,https://docs.unity3d.com/6000.4/Documentation/Manual/UIE-LayoutEngine.html,unity_docs_incremental_260527_002,2,E:/系统/桌面/工作区/本学期/大三下/IT项目管理/大作业/Data/KnowledgeBase/processed_clean/dify_import/unity_docs_chunk_a2a946201443c6ae.md,1798,2026-05-27T13:13:29.791685+00:00
chunk_e68aee32a1836cea,unity_26254e2512332bdd,unity_docs,official_documentation,Manual,,Position element with the layout engine,https://docs.unity3d.com/6000.4/Documentation/Manual/UIE-LayoutEngine.html,unity_docs_incremental_260527_002,3,E:/系统/桌面/工作区/本学期/大三下/IT项目管理/大作业/Data/KnowledgeBase/processed_clean/dify_import/unity_docs_chunk_e68aee32a1836cea.md,1770,2026-05-27T13:13:29.792356+00:00
chunk_9b4d15838312f4ed,unity_26254e2512332bdd,unity_docs,official_documentation,Manual,,Position element with the layout engine,https://docs.unity3d.com/6000.4/Documentation/Manual/UIE-LayoutEngine.html,unity_docs_incremental_260527_002,4,E:/系统/桌面/工作区/本学期/大三下/IT项目管理/大作业/Data/KnowledgeBase/processed_clean/dify_import/unity_docs_chunk_9b4d15838312f4ed.md,1696,2026-05-27T13:13:29.793332+00:00
chunk_4e477ffa9524a810,unity_26254e2512332bdd,unity_docs,official_documentation,Manual,,Position element with the layout engine,https://docs.unity3d.com/6000.4/Documentation/Manual/UIE-LayoutEngine.html,unity_docs_incremental_260527_002,5,E:/系统/桌面/工作区/本学期/大三下/IT项目管理/大作业/Data/KnowledgeBase/processed_clean/dify_import/unity_docs_chunk_4e477ffa9524a810.md,1631,2026-05-27T13:13:29.793961+00:00
chunk_e0bbbe22d4976474,unity_26254e2512332bdd,unity_docs,official_documentation,Manual,,Position element with the layout engine,https://docs.unity3d.com/6000.4/Documentation/Manual/UIE-LayoutEngine.html,unity_docs_incremental_260527_002,6,E:/系统/桌面/工作区/本学期/大三下/IT项目管理/大作业/Data/KnowledgeBase/processed_clean/dify_import/unity_docs_chunk_e0bbbe22d4976474.md,1736,2026-05-27T13:13:29.794609+00:00
chunk_9c7710df6dd8cd04,unity_26254e2512332bdd,unity_docs,official_documentation,Manual,,Position element with the layout engine,https://docs.unity3d.com/6000.4/Documentation/Manual/UIE-LayoutEngine.html,unity_docs_incremental_260527_002,7,E:/系统/桌面/工作区/本学期/大三下/IT项目管理/大作业/Data/KnowledgeBase/processed_clean/dify_import/unity_docs_chunk_9c7710df6dd8cd04.md,435,2026-05-27T13:13:29.795085+00:00
chunk_952707b11804607e,unity_0193aede4bb6bd4b,unity_docs,official_documentation,Manual,,Custom controls,https://docs.unity3d.com/6000.4/Documentation/Manual/UIE-custom-controls.html,unity_docs_incremental_260527_002,1,E:/系统/桌面/工作区/本学期/大三下/IT项目管理/大作业/Data/KnowledgeBase/processed_clean/dify_import/unity_docs_chunk_952707b11804607e.md,1735,2026-05-27T13:13:29.796449+00:00
chunk_1801da1604200632,unity_aba4a678e6a13fbd,unity_docs,official_documentation,Manual,,UI Toolkit Debugger,https://docs.unity3d.com/6000.4/Documentation/Manual/UIE-ui-debugger.html,unity_docs_incremental_260527_002,1,E:/系统/桌面/工作区/本学期/大三下/IT项目管理/大作业/Data/KnowledgeBase/processed_clean/dify_import/unity_docs_chunk_1801da1604200632.md,1744,2026-05-27T13:13:29.797796+00:00
chunk_92d8152279da6e0c,unity_aba4a678e6a13fbd,unity_docs,official_documentation,Manual,,UI Toolkit Debugger,https://docs.unity3d.com/6000.4/Documentation/Manual/UIE-ui-debugger.html,unity_docs_incremental_260527_002,2,E:/系统/桌面/工作区/本学期/大三下/IT项目管理/大作业/Data/KnowledgeBase/processed_clean/dify_import/unity_docs_chunk_92d8152279da6e0c.md,1569,2026-05-27T13:13:29.798271+00:00
chunk_de21dc5f2a7b4833,unity_dc83f0c57bd308ca,unity_docs,official_documentation,Manual,,UI Builder interface overview,https://docs.unity3d.com/6000.4/Documentation/Manual/UIB-interface-overview.html,unity_docs_incremental_260527_002,1,E:/系统/桌面/工作区/本学期/大三下/IT项目管理/大作业/Data/KnowledgeBase/processed_clean/dify_import/unity_docs_chunk_de21dc5f2a7b4833.md,1800,2026-05-27T13:13:29.800591+00:00
chunk_1439313c22160297,unity_dc83f0c57bd308ca,unity_docs,official_documentation,Manual,,UI Builder interface overview,https://docs.unity3d.com/6000.4/Documentation/Manual/UIB-interface-overview.html,unity_docs_incremental_260527_002,2,E:/系统/桌面/工作区/本学期/大三下/IT项目管理/大作业/Data/KnowledgeBase/processed_clean/dify_import/unity_docs_chunk_1439313c22160297.md,1594,2026-05-27T13:13:29.801327+00:00
chunk_c762392214b9afb7,unity_dc83f0c57bd308ca,unity_docs,official_documentation,Manual,,UI Builder interface overview,https://docs.unity3d.com/6000.4/Documentation/Manual/UIB-interface-overview.html,unity_docs_incremental_260527_002,3,E:/系统/桌面/工作区/本学期/大三下/IT项目管理/大作业/Data/KnowledgeBase/processed_clean/dify_import/unity_docs_chunk_c762392214b9afb7.md,1796,2026-05-27T13:13:29.801902+00:00
chunk_8e18dc69e4499803,unity_dc83f0c57bd308ca,unity_docs,official_documentation,Manual,,UI Builder interface overview,https://docs.unity3d.com/6000.4/Documentation/Manual/UIB-interface-overview.html,unity_docs_incremental_260527_002,4,E:/系统/桌面/工作区/本学期/大三下/IT项目管理/大作业/Data/KnowledgeBase/processed_clean/dify_import/unity_docs_chunk_8e18dc69e4499803.md,1779,2026-05-27T13:13:29.802426+00:00
chunk_81175efe8ca88f56,unity_dc83f0c57bd308ca,unity_docs,official_documentation,Manual,,UI Builder interface overview,https://docs.unity3d.com/6000.4/Documentation/Manual/UIB-interface-overview.html,unity_docs_incremental_260527_002,5,E:/系统/桌面/工作区/本学期/大三下/IT项目管理/大作业/Data/KnowledgeBase/processed_clean/dify_import/unity_docs_chunk_81175efe8ca88f56.md,1789,2026-05-27T13:13:29.802951+00:00
chunk_f08ed0de5d61c3ea,unity_dc83f0c57bd308ca,unity_docs,official_documentation,Manual,,UI Builder interface overview,https://docs.unity3d.com/6000.4/Documentation/Manual/UIB-interface-overview.html,unity_docs_incremental_260527_002,6,E:/系统/桌面/工作区/本学期/大三下/IT项目管理/大作业/Data/KnowledgeBase/processed_clean/dify_import/unity_docs_chunk_f08ed0de5d61c3ea.md,1800,2026-05-27T13:13:29.803635+00:00
chunk_8898944db14ca8b0,unity_dc83f0c57bd308ca,unity_docs,official_documentation,Manual,,UI Builder interface overview,https://docs.unity3d.com/6000.4/Documentation/Manual/UIB-interface-overview.html,unity_docs_incremental_260527_002,7,E:/系统/桌面/工作区/本学期/大三下/IT项目管理/大作业/Data/KnowledgeBase/processed_clean/dify_import/unity_docs_chunk_8898944db14ca8b0.md,1737,2026-05-27T13:13:29.804206+00:00
chunk_7a44fa5ea7c96f4a,unity_dc83f0c57bd308ca,unity_docs,official_documentation,Manual,,UI Builder interface overview,https://docs.unity3d.com/6000.4/Documentation/Manual/UIB-interface-overview.html,unity_docs_incremental_260527_002,8,E:/系统/桌面/工作区/本学期/大三下/IT项目管理/大作业/Data/KnowledgeBase/processed_clean/dify_import/unity_docs_chunk_7a44fa5ea7c96f4a.md,1162,2026-05-27T13:13:29.804724+00:00
chunk_a745da098cf2b1a1,unity_58147e10889670be,unity_docs,official_documentation,ScriptReference,,EditorWindow,https://docs.unity3d.com/6000.4/Documentation/ScriptReference/EditorWindow.html,unity_docs_incremental_260527_002,1,E:/系统/桌面/工作区/本学期/大三下/IT项目管理/大作业/Data/KnowledgeBase/processed_clean/dify_import/unity_docs_chunk_a745da098cf2b1a1.md,1762,2026-05-27T13:13:29.806365+00:00
chunk_1e12c461bde60f71,unity_58147e10889670be,unity_docs,official_documentation,ScriptReference,,EditorWindow,https://docs.unity3d.com/6000.4/Documentation/ScriptReference/EditorWindow.html,unity_docs_incremental_260527_002,2,E:/系统/桌面/工作区/本学期/大三下/IT项目管理/大作业/Data/KnowledgeBase/processed_clean/dify_import/unity_docs_chunk_1e12c461bde60f71.md,1777,2026-05-27T13:13:29.807298+00:00
chunk_994ae600c5ae94b9,unity_58147e10889670be,unity_docs,official_documentation,ScriptReference,,EditorWindow,https://docs.unity3d.com/6000.4/Documentation/ScriptReference/EditorWindow.html,unity_docs_incremental_260527_002,3,E:/系统/桌面/工作区/本学期/大三下/IT项目管理/大作业/Data/KnowledgeBase/processed_clean/dify_import/unity_docs_chunk_994ae600c5ae94b9.md,1795,2026-05-27T13:13:29.807945+00:00
chunk_e0e9af1034077f6a,unity_58147e10889670be,unity_docs,official_documentation,ScriptReference,,EditorWindow,https://docs.unity3d.com/6000.4/Documentation/ScriptReference/EditorWindow.html,unity_docs_incremental_260527_002,4,E:/系统/桌面/工作区/本学期/大三下/IT项目管理/大作业/Data/KnowledgeBase/processed_clean/dify_import/unity_docs_chunk_e0e9af1034077f6a.md,1732,2026-05-27T13:13:29.808637+00:00
chunk_5c568b83cb32f971,unity_58147e10889670be,unity_docs,official_documentation,ScriptReference,,EditorWindow,https://docs.unity3d.com/6000.4/Documentation/ScriptReference/EditorWindow.html,unity_docs_incremental_260527_002,5,E:/系统/桌面/工作区/本学期/大三下/IT项目管理/大作业/Data/KnowledgeBase/processed_clean/dify_import/unity_docs_chunk_5c568b83cb32f971.md,1788,2026-05-27T13:13:29.809222+00:00
chunk_33d14db17371b668,unity_8fcc9659e2c5ab19,unity_docs,official_documentation,Manual,,Label,https://docs.unity3d.com/6000.4/Documentation/Manual/UIE-uxml-element-Label.html,unity_docs_incremental_260527_002,1,E:/系统/桌面/工作区/本学期/大三下/IT项目管理/大作业/Data/KnowledgeBase/processed_clean/dify_import/unity_docs_chunk_33d14db17371b668.md,1751,2026-05-27T13:13:29.811423+00:00
chunk_5a11e76a16ede09c,unity_8fcc9659e2c5ab19,unity_docs,official_documentation,Manual,,Label,https://docs.unity3d.com/6000.4/Documentation/Manual/UIE-uxml-element-Label.html,unity_docs_incremental_260527_002,2,E:/系统/桌面/工作区/本学期/大三下/IT项目管理/大作业/Data/KnowledgeBase/processed_clean/dify_import/unity_docs_chunk_5a11e76a16ede09c.md,1790,2026-05-27T13:13:29.812032+00:00
chunk_92e20a82b0b87dc1,unity_8fcc9659e2c5ab19,unity_docs,official_documentation,Manual,,Label,https://docs.unity3d.com/6000.4/Documentation/Manual/UIE-uxml-element-Label.html,unity_docs_incremental_260527_002,3,E:/系统/桌面/工作区/本学期/大三下/IT项目管理/大作业/Data/KnowledgeBase/processed_clean/dify_import/unity_docs_chunk_92e20a82b0b87dc1.md,1753,2026-05-27T13:13:29.812601+00:00
chunk_990f5dcc630e531f,unity_8fcc9659e2c5ab19,unity_docs,official_documentation,Manual,,Label,https://docs.unity3d.com/6000.4/Documentation/Manual/UIE-uxml-element-Label.html,unity_docs_incremental_260527_002,4,E:/系统/桌面/工作区/本学期/大三下/IT项目管理/大作业/Data/KnowledgeBase/processed_clean/dify_import/unity_docs_chunk_990f5dcc630e531f.md,1654,2026-05-27T13:13:29.813262+00:00
chunk_320a91b861028010,unity_8fcc9659e2c5ab19,unity_docs,official_documentation,Manual,,Label,https://docs.unity3d.com/6000.4/Documentation/Manual/UIE-uxml-element-Label.html,unity_docs_incremental_260527_002,5,E:/系统/桌面/工作区/本学期/大三下/IT项目管理/大作业/Data/KnowledgeBase/processed_clean/dify_import/unity_docs_chunk_320a91b861028010.md,1795,2026-05-27T13:13:29.814377+00:00
chunk_c49a2fd7d73fbb5d,unity_8fcc9659e2c5ab19,unity_docs,official_documentation,Manual,,Label,https://docs.unity3d.com/6000.4/Documentation/Manual/UIE-uxml-element-Label.html,unity_docs_incremental_260527_002,6,E:/系统/桌面/工作区/本学期/大三下/IT项目管理/大作业/Data/KnowledgeBase/processed_clean/dify_import/unity_docs_chunk_c49a2fd7d73fbb5d.md,756,2026-05-27T13:13:29.815176+00:00
chunk_70d175ca9e7d5586,unity_a2db3f43fe9d6901,unity_docs,official_documentation,Manual,,Create a custom Editor window with C# script,https://docs.unity3d.com/6000.4/Documentation/Manual/UIE-HowTo-CreateEditorWindow.html,unity_docs_incremental_260527_002,1,E:/系统/桌面/工作区/本学期/大三下/IT项目管理/大作业/Data/KnowledgeBase/processed_clean/dify_import/unity_docs_chunk_70d175ca9e7d5586.md,1684,2026-05-27T13:13:29.818114+00:00
chunk_95bb9755e059c92a,unity_a2db3f43fe9d6901,unity_docs,official_documentation,Manual,,Create a custom Editor window with C# script,https://docs.unity3d.com/6000.4/Documentation/Manual/UIE-HowTo-CreateEditorWindow.html,unity_docs_incremental_260527_002,2,E:/系统/桌面/工作区/本学期/大三下/IT项目管理/大作业/Data/KnowledgeBase/processed_clean/dify_import/unity_docs_chunk_95bb9755e059c92a.md,1671,2026-05-27T13:13:29.818629+00:00
chunk_30f807b1010b61db,unity_a2db3f43fe9d6901,unity_docs,official_documentation,Manual,,Create a custom Editor window with C# script,https://docs.unity3d.com/6000.4/Documentation/Manual/UIE-HowTo-CreateEditorWindow.html,unity_docs_incremental_260527_002,3,E:/系统/桌面/工作区/本学期/大三下/IT项目管理/大作业/Data/KnowledgeBase/processed_clean/dify_import/unity_docs_chunk_30f807b1010b61db.md,1772,2026-05-27T13:13:29.819415+00:00
chunk_c4c93a3b8c53ea00,unity_a2db3f43fe9d6901,unity_docs,official_documentation,Manual,,Create a custom Editor window with C# script,https://docs.unity3d.com/6000.4/Documentation/Manual/UIE-HowTo-CreateEditorWindow.html,unity_docs_incremental_260527_002,4,E:/系统/桌面/工作区/本学期/大三下/IT项目管理/大作业/Data/KnowledgeBase/processed_clean/dify_import/unity_docs_chunk_c4c93a3b8c53ea00.md,1780,2026-05-27T13:13:29.820487+00:00
chunk_199e9f80711cfcc0,unity_a2db3f43fe9d6901,unity_docs,official_documentation,Manual,,Create a custom Editor window with C# script,https://docs.unity3d.com/6000.4/Documentation/Manual/UIE-HowTo-CreateEditorWindow.html,unity_docs_incremental_260527_002,5,E:/系统/桌面/工作区/本学期/大三下/IT项目管理/大作业/Data/KnowledgeBase/processed_clean/dify_import/unity_docs_chunk_199e9f80711cfcc0.md,1732,2026-05-27T13:13:29.821102+00:00
chunk_87c3e329ee1ecade,unity_a2db3f43fe9d6901,unity_docs,official_documentation,Manual,,Create a custom Editor window with C# script,https://docs.unity3d.com/6000.4/Documentation/Manual/UIE-HowTo-CreateEditorWindow.html,unity_docs_incremental_260527_002,6,E:/系统/桌面/工作区/本学期/大三下/IT项目管理/大作业/Data/KnowledgeBase/processed_clean/dify_import/unity_docs_chunk_87c3e329ee1ecade.md,1738,2026-05-27T13:13:29.821815+00:00
chunk_1086e9d18b42321b,unity_a2db3f43fe9d6901,unity_docs,official_documentation,Manual,,Create a custom Editor window with C# script,https://docs.unity3d.com/6000.4/Documentation/Manual/UIE-HowTo-CreateEditorWindow.html,unity_docs_incremental_260527_002,7,E:/系统/桌面/工作区/本学期/大三下/IT项目管理/大作业/Data/KnowledgeBase/processed_clean/dify_import/unity_docs_chunk_1086e9d18b42321b.md,1719,2026-05-27T13:13:29.822673+00:00
chunk_59958f43e8ffd2b9,unity_a2db3f43fe9d6901,unity_docs,official_documentation,Manual,,Create a custom Editor window with C# script,https://docs.unity3d.com/6000.4/Documentation/Manual/UIE-HowTo-CreateEditorWindow.html,unity_docs_incremental_260527_002,8,E:/系统/桌面/工作区/本学期/大三下/IT项目管理/大作业/Data/KnowledgeBase/processed_clean/dify_import/unity_docs_chunk_59958f43e8ffd2b9.md,1770,2026-05-27T13:13:29.823295+00:00
chunk_95a0a807fa48c052,unity_a2db3f43fe9d6901,unity_docs,official_documentation,Manual,,Create a custom Editor window with C# script,https://docs.unity3d.com/6000.4/Documentation/Manual/UIE-HowTo-CreateEditorWindow.html,unity_docs_incremental_260527_002,9,E:/系统/桌面/工作区/本学期/大三下/IT项目管理/大作业/Data/KnowledgeBase/processed_clean/dify_import/unity_docs_chunk_95a0a807fa48c052.md,1784,2026-05-27T13:13:29.823867+00:00
chunk_386de548f12deca2,unity_a2db3f43fe9d6901,unity_docs,official_documentation,Manual,,Create a custom Editor window with C# script,https://docs.unity3d.com/6000.4/Documentation/Manual/UIE-HowTo-CreateEditorWindow.html,unity_docs_incremental_260527_002,10,E:/系统/桌面/工作区/本学期/大三下/IT项目管理/大作业/Data/KnowledgeBase/processed_clean/dify_import/unity_docs_chunk_386de548f12deca2.md,286,2026-05-27T13:13:29.824422+00:00
chunk_5917bded95e64f87,unity_4e8fb72317232657,unity_docs,official_documentation,Manual,,Get started with UI Builder,https://docs.unity3d.com/6000.4/Documentation/Manual/UIB-getting-started.html,unity_docs_incremental_260527_002,1,E:/系统/桌面/工作区/本学期/大三下/IT项目管理/大作业/Data/KnowledgeBase/processed_clean/dify_import/unity_docs_chunk_5917bded95e64f87.md,1790,2026-05-27T13:13:29.826890+00:00
chunk_b0dfd60bef544888,unity_4e8fb72317232657,unity_docs,official_documentation,Manual,,Get started with UI Builder,https://docs.unity3d.com/6000.4/Documentation/Manual/UIB-getting-started.html,unity_docs_incremental_260527_002,2,E:/系统/桌面/工作区/本学期/大三下/IT项目管理/大作业/Data/KnowledgeBase/processed_clean/dify_import/unity_docs_chunk_b0dfd60bef544888.md,1796,2026-05-27T13:13:29.827751+00:00
chunk_f575eacb83f48610,unity_4e8fb72317232657,unity_docs,official_documentation,Manual,,Get started with UI Builder,https://docs.unity3d.com/6000.4/Documentation/Manual/UIB-getting-started.html,unity_docs_incremental_260527_002,3,E:/系统/桌面/工作区/本学期/大三下/IT项目管理/大作业/Data/KnowledgeBase/processed_clean/dify_import/unity_docs_chunk_f575eacb83f48610.md,1676,2026-05-27T13:13:29.828533+00:00
chunk_9276409a9596e354,unity_4e8fb72317232657,unity_docs,official_documentation,Manual,,Get started with UI Builder,https://docs.unity3d.com/6000.4/Documentation/Manual/UIB-getting-started.html,unity_docs_incremental_260527_002,4,E:/系统/桌面/工作区/本学期/大三下/IT项目管理/大作业/Data/KnowledgeBase/processed_clean/dify_import/unity_docs_chunk_9276409a9596e354.md,1798,2026-05-27T13:13:29.829342+00:00
chunk_fdc93fac513696c1,unity_4e8fb72317232657,unity_docs,official_documentation,Manual,,Get started with UI Builder,https://docs.unity3d.com/6000.4/Documentation/Manual/UIB-getting-started.html,unity_docs_incremental_260527_002,5,E:/系统/桌面/工作区/本学期/大三下/IT项目管理/大作业/Data/KnowledgeBase/processed_clean/dify_import/unity_docs_chunk_fdc93fac513696c1.md,1794,2026-05-27T13:13:29.830607+00:00
chunk_af6a30d1942adc54,unity_4e8fb72317232657,unity_docs,official_documentation,Manual,,Get started with UI Builder,https://docs.unity3d.com/6000.4/Documentation/Manual/UIB-getting-started.html,unity_docs_incremental_260527_002,6,E:/系统/桌面/工作区/本学期/大三下/IT项目管理/大作业/Data/KnowledgeBase/processed_clean/dify_import/unity_docs_chunk_af6a30d1942adc54.md,1715,2026-05-27T13:13:29.831314+00:00
chunk_ddb8e60b92d95693,unity_4e8fb72317232657,unity_docs,official_documentation,Manual,,Get started with UI Builder,https://docs.unity3d.com/6000.4/Documentation/Manual/UIB-getting-started.html,unity_docs_incremental_260527_002,7,E:/系统/桌面/工作区/本学期/大三下/IT项目管理/大作业/Data/KnowledgeBase/processed_clean/dify_import/unity_docs_chunk_ddb8e60b92d95693.md,1415,2026-05-27T13:13:29.831935+00:00
chunk_10534c8b9f809e0b,unity_0e29e0f50fcb9961,unity_docs,official_documentation,Manual,,Work with elements,https://docs.unity3d.com/6000.4/Documentation/Manual/UIB-structuring-ui-elements.html,unity_docs_incremental_260527_002,1,E:/系统/桌面/工作区/本学期/大三下/IT项目管理/大作业/Data/KnowledgeBase/processed_clean/dify_import/unity_docs_chunk_10534c8b9f809e0b.md,1777,2026-05-27T13:13:29.833876+00:00
chunk_3d12c085d482ec1f,unity_0e29e0f50fcb9961,unity_docs,official_documentation,Manual,,Work with elements,https://docs.unity3d.com/6000.4/Documentation/Manual/UIB-structuring-ui-elements.html,unity_docs_incremental_260527_002,2,E:/系统/桌面/工作区/本学期/大三下/IT项目管理/大作业/Data/KnowledgeBase/processed_clean/dify_import/unity_docs_chunk_3d12c085d482ec1f.md,1725,2026-05-27T13:13:29.834848+00:00
chunk_e01b6854790811b9,unity_0e29e0f50fcb9961,unity_docs,official_documentation,Manual,,Work with elements,https://docs.unity3d.com/6000.4/Documentation/Manual/UIB-structuring-ui-elements.html,unity_docs_incremental_260527_002,3,E:/系统/桌面/工作区/本学期/大三下/IT项目管理/大作业/Data/KnowledgeBase/processed_clean/dify_import/unity_docs_chunk_e01b6854790811b9.md,1782,2026-05-27T13:13:29.835475+00:00
chunk_01c580a2178445e1,unity_0e29e0f50fcb9961,unity_docs,official_documentation,Manual,,Work with elements,https://docs.unity3d.com/6000.4/Documentation/Manual/UIB-structuring-ui-elements.html,unity_docs_incremental_260527_002,4,E:/系统/桌面/工作区/本学期/大三下/IT项目管理/大作业/Data/KnowledgeBase/processed_clean/dify_import/unity_docs_chunk_01c580a2178445e1.md,823,2026-05-27T13:13:29.836018+00:00
chunk_70cac72b72ba1312,unity_6a54e4793f94e65a,unity_docs,official_documentation,Manual,,Use UXML instances as templates,https://docs.unity3d.com/6000.4/Documentation/Manual/UIB-structuring-ui-templates.html,unity_docs_incremental_260527_002,1,E:/系统/桌面/工作区/本学期/大三下/IT项目管理/大作业/Data/KnowledgeBase/processed_clean/dify_import/unity_docs_chunk_70cac72b72ba1312.md,1778,2026-05-27T13:13:29.837541+00:00
chunk_14673c64888c8bc9,unity_6a54e4793f94e65a,unity_docs,official_documentation,Manual,,Use UXML instances as templates,https://docs.unity3d.com/6000.4/Documentation/Manual/UIB-structuring-ui-templates.html,unity_docs_incremental_260527_002,2,E:/系统/桌面/工作区/本学期/大三下/IT项目管理/大作业/Data/KnowledgeBase/processed_clean/dify_import/unity_docs_chunk_14673c64888c8bc9.md,1792,2026-05-27T13:13:29.838330+00:00
chunk_cc33a25d23dc2ffd,unity_6a54e4793f94e65a,unity_docs,official_documentation,Manual,,Use UXML instances as templates,https://docs.unity3d.com/6000.4/Documentation/Manual/UIB-structuring-ui-templates.html,unity_docs_incremental_260527_002,3,E:/系统/桌面/工作区/本学期/大三下/IT项目管理/大作业/Data/KnowledgeBase/processed_clean/dify_import/unity_docs_chunk_cc33a25d23dc2ffd.md,784,2026-05-27T13:13:29.838873+00:00
chunk_09ad1f027b6c7984,unity_040bef364b9a112f,unity_docs,official_documentation,Manual,,Style UI with UI Builder,https://docs.unity3d.com/6000.4/Documentation/Manual/UIB-styling-ui-using-uss-selectors.html,unity_docs_incremental_260527_002,1,E:/系统/桌面/工作区/本学期/大三下/IT项目管理/大作业/Data/KnowledgeBase/processed_clean/dify_import/unity_docs_chunk_09ad1f027b6c7984.md,1746,2026-05-27T13:13:29.840448+00:00
chunk_2668dbb2e762c49f,unity_040bef364b9a112f,unity_docs,official_documentation,Manual,,Style UI with UI Builder,https://docs.unity3d.com/6000.4/Documentation/Manual/UIB-styling-ui-using-uss-selectors.html,unity_docs_incremental_260527_002,2,E:/系统/桌面/工作区/本学期/大三下/IT项目管理/大作业/Data/KnowledgeBase/processed_clean/dify_import/unity_docs_chunk_2668dbb2e762c49f.md,1774,2026-05-27T13:13:29.841161+00:00
chunk_5d6c3b453e8c5490,unity_040bef364b9a112f,unity_docs,official_documentation,Manual,,Style UI with UI Builder,https://docs.unity3d.com/6000.4/Documentation/Manual/UIB-styling-ui-using-uss-selectors.html,unity_docs_incremental_260527_002,3,E:/系统/桌面/工作区/本学期/大三下/IT项目管理/大作业/Data/KnowledgeBase/processed_clean/dify_import/unity_docs_chunk_5d6c3b453e8c5490.md,1706,2026-05-27T13:13:29.842343+00:00
chunk_e8f2b26c83487f22,unity_bcb592e10b52e70f,unity_docs,official_documentation,Manual,,UI Builder,https://docs.unity3d.com/6000.4/Documentation/Manual/best-practice-guides/ui-toolkit-for-advanced-unity-developers/ui-builder.html,unity_docs_incremental_260527_002,1,E:/系统/桌面/工作区/本学期/大三下/IT项目管理/大作业/Data/KnowledgeBase/processed_clean/dify_import/unity_docs_chunk_e8f2b26c83487f22.md,1778,2026-05-27T13:13:29.844940+00:00
chunk_d6b965a6b2791574,unity_bcb592e10b52e70f,unity_docs,official_documentation,Manual,,UI Builder,https://docs.unity3d.com/6000.4/Documentation/Manual/best-practice-guides/ui-toolkit-for-advanced-unity-developers/ui-builder.html,unity_docs_incremental_260527_002,2,E:/系统/桌面/工作区/本学期/大三下/IT项目管理/大作业/Data/KnowledgeBase/processed_clean/dify_import/unity_docs_chunk_d6b965a6b2791574.md,1798,2026-05-27T13:13:29.845904+00:00
chunk_3363c4e43eafdf9a,unity_bcb592e10b52e70f,unity_docs,official_documentation,Manual,,UI Builder,https://docs.unity3d.com/6000.4/Documentation/Manual/best-practice-guides/ui-toolkit-for-advanced-unity-developers/ui-builder.html,unity_docs_incremental_260527_002,3,E:/系统/桌面/工作区/本学期/大三下/IT项目管理/大作业/Data/KnowledgeBase/processed_clean/dify_import/unity_docs_chunk_3363c4e43eafdf9a.md,1681,2026-05-27T13:13:29.846705+00:00
chunk_439cb7a070f17207,unity_bcb592e10b52e70f,unity_docs,official_documentation,Manual,,UI Builder,https://docs.unity3d.com/6000.4/Documentation/Manual/best-practice-guides/ui-toolkit-for-advanced-unity-developers/ui-builder.html,unity_docs_incremental_260527_002,4,E:/系统/桌面/工作区/本学期/大三下/IT项目管理/大作业/Data/KnowledgeBase/processed_clean/dify_import/unity_docs_chunk_439cb7a070f17207.md,293,2026-05-27T13:13:29.847520+00:00
chunk_fee584a8de3b233f,unity_b8ecf61d2a484505,unity_docs,official_documentation,Manual,,Best practices for managing elements,https://docs.unity3d.com/6000.4/Documentation/Manual/UIE-best-practices-for-managing-elements.html,unity_docs_incremental_260527_002,1,E:/系统/桌面/工作区/本学期/大三下/IT项目管理/大作业/Data/KnowledgeBase/processed_clean/dify_import/unity_docs_chunk_fee584a8de3b233f.md,1723,2026-05-27T13:13:29.849377+00:00
chunk_9815f4b36852c0d9,unity_b8ecf61d2a484505,unity_docs,official_documentation,Manual,,Best practices for managing elements,https://docs.unity3d.com/6000.4/Documentation/Manual/UIE-best-practices-for-managing-elements.html,unity_docs_incremental_260527_002,2,E:/系统/桌面/工作区/本学期/大三下/IT项目管理/大作业/Data/KnowledgeBase/processed_clean/dify_import/unity_docs_chunk_9815f4b36852c0d9.md,1791,2026-05-27T13:13:29.849852+00:00
chunk_3be5a318d61b4efa,unity_b8ecf61d2a484505,unity_docs,official_documentation,Manual,,Best practices for managing elements,https://docs.unity3d.com/6000.4/Documentation/Manual/UIE-best-practices-for-managing-elements.html,unity_docs_incremental_260527_002,3,E:/系统/桌面/工作区/本学期/大三下/IT项目管理/大作业/Data/KnowledgeBase/processed_clean/dify_import/unity_docs_chunk_3be5a318d61b4efa.md,1776,2026-05-27T13:13:29.850504+00:00
chunk_f3fe7511bc9be000,unity_b8ecf61d2a484505,unity_docs,official_documentation,Manual,,Best practices for managing elements,https://docs.unity3d.com/6000.4/Documentation/Manual/UIE-best-practices-for-managing-elements.html,unity_docs_incremental_260527_002,4,E:/系统/桌面/工作区/本学期/大三下/IT项目管理/大作业/Data/KnowledgeBase/processed_clean/dify_import/unity_docs_chunk_f3fe7511bc9be000.md,1798,2026-05-27T13:13:29.850925+00:00
chunk_3fc4cf1abd5f84dd,unity_b8ecf61d2a484505,unity_docs,official_documentation,Manual,,Best practices for managing elements,https://docs.unity3d.com/6000.4/Documentation/Manual/UIE-best-practices-for-managing-elements.html,unity_docs_incremental_260527_002,5,E:/系统/桌面/工作区/本学期/大三下/IT项目管理/大作业/Data/KnowledgeBase/processed_clean/dify_import/unity_docs_chunk_3fc4cf1abd5f84dd.md,1783,2026-05-27T13:13:29.851350+00:00
chunk_3600dc9f347ca9d2,unity_b8ecf61d2a484505,unity_docs,official_documentation,Manual,,Best practices for managing elements,https://docs.unity3d.com/6000.4/Documentation/Manual/UIE-best-practices-for-managing-elements.html,unity_docs_incremental_260527_002,6,E:/系统/桌面/工作区/本学期/大三下/IT项目管理/大作业/Data/KnowledgeBase/processed_clean/dify_import/unity_docs_chunk_3600dc9f347ca9d2.md,519,2026-05-27T13:13:29.851740+00:00
chunk_a154dfd32744c934,unity_fdd56ad9c11b6ba3,unity_docs,official_documentation,Manual,,Encapsulate UXML documents with logic,https://docs.unity3d.com/6000.4/Documentation/Manual/UIE-encapsulate-uxml-with-logic.html,unity_docs_incremental_260527_002,1,E:/系统/桌面/工作区/本学期/大三下/IT项目管理/大作业/Data/KnowledgeBase/processed_clean/dify_import/unity_docs_chunk_a154dfd32744c934.md,1789,2026-05-27T13:13:29.853699+00:00
chunk_8cad45b4c96b3aee,unity_fdd56ad9c11b6ba3,unity_docs,official_documentation,Manual,,Encapsulate UXML documents with logic,https://docs.unity3d.com/6000.4/Documentation/Manual/UIE-encapsulate-uxml-with-logic.html,unity_docs_incremental_260527_002,2,E:/系统/桌面/工作区/本学期/大三下/IT项目管理/大作业/Data/KnowledgeBase/processed_clean/dify_import/unity_docs_chunk_8cad45b4c96b3aee.md,1672,2026-05-27T13:13:29.854233+00:00
chunk_fb38978acd3a8992,unity_fdd56ad9c11b6ba3,unity_docs,official_documentation,Manual,,Encapsulate UXML documents with logic,https://docs.unity3d.com/6000.4/Documentation/Manual/UIE-encapsulate-uxml-with-logic.html,unity_docs_incremental_260527_002,3,E:/系统/桌面/工作区/本学期/大三下/IT项目管理/大作业/Data/KnowledgeBase/processed_clean/dify_import/unity_docs_chunk_fb38978acd3a8992.md,1770,2026-05-27T13:13:29.854750+00:00
chunk_400623b0a9b32f79,unity_fdd56ad9c11b6ba3,unity_docs,official_documentation,Manual,,Encapsulate UXML documents with logic,https://docs.unity3d.com/6000.4/Documentation/Manual/UIE-encapsulate-uxml-with-logic.html,unity_docs_incremental_260527_002,4,E:/系统/桌面/工作区/本学期/大三下/IT项目管理/大作业/Data/KnowledgeBase/processed_clean/dify_import/unity_docs_chunk_400623b0a9b32f79.md,1754,2026-05-27T13:13:29.855165+00:00
chunk_ad543f713539f4ef,unity_fdd56ad9c11b6ba3,unity_docs,official_documentation,Manual,,Encapsulate UXML documents with logic,https://docs.unity3d.com/6000.4/Documentation/Manual/UIE-encapsulate-uxml-with-logic.html,unity_docs_incremental_260527_002,5,E:/系统/桌面/工作区/本学期/大三下/IT项目管理/大作业/Data/KnowledgeBase/processed_clean/dify_import/unity_docs_chunk_ad543f713539f4ef.md,1772,2026-05-27T13:13:29.855962+00:00
chunk_85e147884c7d726b,unity_fdd56ad9c11b6ba3,unity_docs,official_documentation,Manual,,Encapsulate UXML documents with logic,https://docs.unity3d.com/6000.4/Documentation/Manual/UIE-encapsulate-uxml-with-logic.html,unity_docs_incremental_260527_002,6,E:/系统/桌面/工作区/本学期/大三下/IT项目管理/大作业/Data/KnowledgeBase/processed_clean/dify_import/unity_docs_chunk_85e147884c7d726b.md,1790,2026-05-27T13:13:29.856478+00:00
chunk_468455199b83ae92,unity_fdd56ad9c11b6ba3,unity_docs,official_documentation,Manual,,Encapsulate UXML documents with logic,https://docs.unity3d.com/6000.4/Documentation/Manual/UIE-encapsulate-uxml-with-logic.html,unity_docs_incremental_260527_002,7,E:/系统/桌面/工作区/本学期/大三下/IT项目管理/大作业/Data/KnowledgeBase/processed_clean/dify_import/unity_docs_chunk_468455199b83ae92.md,1800,2026-05-27T13:13:29.856888+00:00
chunk_ec5120657b83e054,unity_fdd56ad9c11b6ba3,unity_docs,official_documentation,Manual,,Encapsulate UXML documents with logic,https://docs.unity3d.com/6000.4/Documentation/Manual/UIE-encapsulate-uxml-with-logic.html,unity_docs_incremental_260527_002,8,E:/系统/桌面/工作区/本学期/大三下/IT项目管理/大作业/Data/KnowledgeBase/processed_clean/dify_import/unity_docs_chunk_ec5120657b83e054.md,662,2026-05-27T13:13:29.857366+00:00
chunk_b6fefcee1908deb5,unity_26042208c635b9a8,unity_docs,official_documentation,Manual,,Structure UI examples,https://docs.unity3d.com/6000.4/Documentation/Manual/UIE-uxml-examples.html,unity_docs_incremental_260527_002,1,E:/系统/桌面/工作区/本学期/大三下/IT项目管理/大作业/Data/KnowledgeBase/processed_clean/dify_import/unity_docs_chunk_b6fefcee1908deb5.md,1797,2026-05-27T13:13:29.858699+00:00
chunk_92aed3cff4d71696,unity_26042208c635b9a8,unity_docs,official_documentation,Manual,,Structure UI examples,https://docs.unity3d.com/6000.4/Documentation/Manual/UIE-uxml-examples.html,unity_docs_incremental_260527_002,2,E:/系统/桌面/工作区/本学期/大三下/IT项目管理/大作业/Data/KnowledgeBase/processed_clean/dify_import/unity_docs_chunk_92aed3cff4d71696.md,1264,2026-05-27T13:13:29.859222+00:00
chunk_3c03c2e7ba570653,unity_ac1dc40fdde085e6,unity_docs,official_documentation,Manual,,Create a custom inventory property drawer,https://docs.unity3d.com/6000.4/Documentation/Manual/ui-systems/example-create-custom-inventory-property-drawer.html,unity_docs_incremental_260527_002,1,E:/系统/桌面/工作区/本学期/大三下/IT项目管理/大作业/Data/KnowledgeBase/processed_clean/dify_import/unity_docs_chunk_3c03c2e7ba570653.md,1707,2026-05-27T13:13:29.861584+00:00
chunk_8aa9b67476d16bd4,unity_ac1dc40fdde085e6,unity_docs,official_documentation,Manual,,Create a custom inventory property drawer,https://docs.unity3d.com/6000.4/Documentation/Manual/ui-systems/example-create-custom-inventory-property-drawer.html,unity_docs_incremental_260527_002,2,E:/系统/桌面/工作区/本学期/大三下/IT项目管理/大作业/Data/KnowledgeBase/processed_clean/dify_import/unity_docs_chunk_8aa9b67476d16bd4.md,1795,2026-05-27T13:13:29.862165+00:00
chunk_9e694e252f3c5e78,unity_ac1dc40fdde085e6,unity_docs,official_documentation,Manual,,Create a custom inventory property drawer,https://docs.unity3d.com/6000.4/Documentation/Manual/ui-systems/example-create-custom-inventory-property-drawer.html,unity_docs_incremental_260527_002,3,E:/系统/桌面/工作区/本学期/大三下/IT项目管理/大作业/Data/KnowledgeBase/processed_clean/dify_import/unity_docs_chunk_9e694e252f3c5e78.md,1800,2026-05-27T13:13:29.862969+00:00
chunk_f97ccf185585b518,unity_ac1dc40fdde085e6,unity_docs,official_documentation,Manual,,Create a custom inventory property drawer,https://docs.unity3d.com/6000.4/Documentation/Manual/ui-systems/example-create-custom-inventory-property-drawer.html,unity_docs_incremental_260527_002,4,E:/系统/桌面/工作区/本学期/大三下/IT项目管理/大作业/Data/KnowledgeBase/processed_clean/dify_import/unity_docs_chunk_f97ccf185585b518.md,1790,2026-05-27T13:13:29.863490+00:00
chunk_9ab2a97ac7da0f8e,unity_ac1dc40fdde085e6,unity_docs,official_documentation,Manual,,Create a custom inventory property drawer,https://docs.unity3d.com/6000.4/Documentation/Manual/ui-systems/example-create-custom-inventory-property-drawer.html,unity_docs_incremental_260527_002,5,E:/系统/桌面/工作区/本学期/大三下/IT项目管理/大作业/Data/KnowledgeBase/processed_clean/dify_import/unity_docs_chunk_9ab2a97ac7da0f8e.md,1759,2026-05-27T13:13:29.864192+00:00
chunk_a795704e5b10e507,unity_ac1dc40fdde085e6,unity_docs,official_documentation,Manual,,Create a custom inventory property drawer,https://docs.unity3d.com/6000.4/Documentation/Manual/ui-systems/example-create-custom-inventory-property-drawer.html,unity_docs_incremental_260527_002,6,E:/系统/桌面/工作区/本学期/大三下/IT项目管理/大作业/Data/KnowledgeBase/processed_clean/dify_import/unity_docs_chunk_a795704e5b10e507.md,1778,2026-05-27T13:13:29.864761+00:00
chunk_1196948aa3879219,unity_ac1dc40fdde085e6,unity_docs,official_documentation,Manual,,Create a custom inventory property drawer,https://docs.unity3d.com/6000.4/Documentation/Manual/ui-systems/example-create-custom-inventory-property-drawer.html,unity_docs_incremental_260527_002,7,E:/系统/桌面/工作区/本学期/大三下/IT项目管理/大作业/Data/KnowledgeBase/processed_clean/dify_import/unity_docs_chunk_1196948aa3879219.md,1692,2026-05-27T13:13:29.865413+00:00
chunk_f91eaf8952c4e900,unity_ac1dc40fdde085e6,unity_docs,official_documentation,Manual,,Create a custom inventory property drawer,https://docs.unity3d.com/6000.4/Documentation/Manual/ui-systems/example-create-custom-inventory-property-drawer.html,unity_docs_incremental_260527_002,8,E:/系统/桌面/工作区/本学期/大三下/IT项目管理/大作业/Data/KnowledgeBase/processed_clean/dify_import/unity_docs_chunk_f91eaf8952c4e900.md,344,2026-05-27T13:13:29.865950+00:00
chunk_e5a048e29107cb78,unity_38e5c3ae33968f58,unity_docs,official_documentation,Manual,,Introduction to USS,https://docs.unity3d.com/6000.4/Documentation/Manual/UIE-about-uss.html,unity_docs_incremental_260527_002,1,E:/系统/桌面/工作区/本学期/大三下/IT项目管理/大作业/Data/KnowledgeBase/processed_clean/dify_import/unity_docs_chunk_e5a048e29107cb78.md,1740,2026-05-27T13:13:29.867536+00:00
chunk_b1406cb3badfd73b,unity_38e5c3ae33968f58,unity_docs,official_documentation,Manual,,Introduction to USS,https://docs.unity3d.com/6000.4/Documentation/Manual/UIE-about-uss.html,unity_docs_incremental_260527_002,2,E:/系统/桌面/工作区/本学期/大三下/IT项目管理/大作业/Data/KnowledgeBase/processed_clean/dify_import/unity_docs_chunk_b1406cb3badfd73b.md,1769,2026-05-27T13:13:29.868129+00:00
chunk_0cfacb4aab51f552,unity_38e5c3ae33968f58,unity_docs,official_documentation,Manual,,Introduction to USS,https://docs.unity3d.com/6000.4/Documentation/Manual/UIE-about-uss.html,unity_docs_incremental_260527_002,3,E:/系统/桌面/工作区/本学期/大三下/IT项目管理/大作业/Data/KnowledgeBase/processed_clean/dify_import/unity_docs_chunk_0cfacb4aab51f552.md,1743,2026-05-27T13:13:29.869013+00:00
chunk_5f64f9f585c6ceb2,unity_4e08648cf412d837,unity_docs,official_documentation,Manual,,USS selectors,https://docs.unity3d.com/6000.4/Documentation/Manual/UIE-USS-Selectors.html,unity_docs_incremental_260527_002,1,E:/系统/桌面/工作区/本学期/大三下/IT项目管理/大作业/Data/KnowledgeBase/processed_clean/dify_import/unity_docs_chunk_5f64f9f585c6ceb2.md,1785,2026-05-27T13:13:29.870348+00:00
chunk_5f81441989062525,unity_522a2b072e85d55d,unity_docs,official_documentation,Manual,,USS properties,https://docs.unity3d.com/6000.4/Documentation/Manual/UIE-uss-properties.html,unity_docs_incremental_260527_002,1,E:/系统/桌面/工作区/本学期/大三下/IT项目管理/大作业/Data/KnowledgeBase/processed_clean/dify_import/unity_docs_chunk_5f81441989062525.md,1783,2026-05-27T13:13:29.871508+00:00
chunk_8d62c4078d9ed928,unity_8d60f65c1cd88181,unity_docs,official_documentation,Manual,,USS custom properties (variables),https://docs.unity3d.com/6000.4/Documentation/Manual/UIE-USS-variables.html,unity_docs_incremental_260527_002,1,E:/系统/桌面/工作区/本学期/大三下/IT项目管理/大作业/Data/KnowledgeBase/processed_clean/dify_import/unity_docs_chunk_8d62c4078d9ed928.md,1133,2026-05-27T13:13:29.872515+00:00
chunk_ec3ea1e2e354a495,unity_5547d5e90aaeaa6e,unity_docs,official_documentation,Manual,,Best practices for USS,https://docs.unity3d.com/6000.4/Documentation/Manual/UIE-USS-WritingStyleSheets.html,unity_docs_incremental_260527_002,1,E:/系统/桌面/工作区/本学期/大三下/IT项目管理/大作业/Data/KnowledgeBase/processed_clean/dify_import/unity_docs_chunk_ec3ea1e2e354a495.md,1789,2026-05-27T13:13:29.874402+00:00
chunk_674722f7eeabaf27,unity_5547d5e90aaeaa6e,unity_docs,official_documentation,Manual,,Best practices for USS,https://docs.unity3d.com/6000.4/Documentation/Manual/UIE-USS-WritingStyleSheets.html,unity_docs_incremental_260527_002,2,E:/系统/桌面/工作区/本学期/大三下/IT项目管理/大作业/Data/KnowledgeBase/processed_clean/dify_import/unity_docs_chunk_674722f7eeabaf27.md,1761,2026-05-27T13:13:29.874888+00:00
chunk_f81ec7caa4e5e1f9,unity_5547d5e90aaeaa6e,unity_docs,official_documentation,Manual,,Best practices for USS,https://docs.unity3d.com/6000.4/Documentation/Manual/UIE-USS-WritingStyleSheets.html,unity_docs_incremental_260527_002,3,E:/系统/桌面/工作区/本学期/大三下/IT项目管理/大作业/Data/KnowledgeBase/processed_clean/dify_import/unity_docs_chunk_f81ec7caa4e5e1f9.md,1791,2026-05-27T13:13:29.875272+00:00
chunk_569b31040e4f8041,unity_5547d5e90aaeaa6e,unity_docs,official_documentation,Manual,,Best practices for USS,https://docs.unity3d.com/6000.4/Documentation/Manual/UIE-USS-WritingStyleSheets.html,unity_docs_incremental_260527_002,4,E:/系统/桌面/工作区/本学期/大三下/IT项目管理/大作业/Data/KnowledgeBase/processed_clean/dify_import/unity_docs_chunk_569b31040e4f8041.md,1202,2026-05-27T13:13:29.875656+00:00
chunk_6d5e057e8820e24e,unity_e23fc354b1015c23,unity_docs,official_documentation,Manual,,Theme Style Sheet (TSS),https://docs.unity3d.com/6000.4/Documentation/Manual/UIE-tss.html,unity_docs_incremental_260527_002,1,E:/系统/桌面/工作区/本学期/大三下/IT项目管理/大作业/Data/KnowledgeBase/processed_clean/dify_import/unity_docs_chunk_6d5e057e8820e24e.md,1782,2026-05-27T13:13:29.877491+00:00
chunk_58e1334681c88259,unity_e23fc354b1015c23,unity_docs,official_documentation,Manual,,Theme Style Sheet (TSS),https://docs.unity3d.com/6000.4/Documentation/Manual/UIE-tss.html,unity_docs_incremental_260527_002,2,E:/系统/桌面/工作区/本学期/大三下/IT项目管理/大作业/Data/KnowledgeBase/processed_clean/dify_import/unity_docs_chunk_58e1334681c88259.md,1755,2026-05-27T13:13:29.878017+00:00
chunk_6dd5876b77fed52a,unity_e23fc354b1015c23,unity_docs,official_documentation,Manual,,Theme Style Sheet (TSS),https://docs.unity3d.com/6000.4/Documentation/Manual/UIE-tss.html,unity_docs_incremental_260527_002,3,E:/系统/桌面/工作区/本学期/大三下/IT项目管理/大作业/Data/KnowledgeBase/processed_clean/dify_import/unity_docs_chunk_6dd5876b77fed52a.md,1159,2026-05-27T13:13:29.878459+00:00
chunk_6f85264e90c4cf01,unity_3faab2afa4b5d8e4,unity_docs,official_documentation,Manual,,Apply masking effects in UI Toolkit,https://docs.unity3d.com/6000.4/Documentation/Manual/UIE-masking.html,unity_docs_incremental_260527_002,1,E:/系统/桌面/工作区/本学期/大三下/IT项目管理/大作业/Data/KnowledgeBase/processed_clean/dify_import/unity_docs_chunk_6f85264e90c4cf01.md,1769,2026-05-27T13:13:29.879803+00:00
chunk_0bcbcf38954539bf,unity_3faab2afa4b5d8e4,unity_docs,official_documentation,Manual,,Apply masking effects in UI Toolkit,https://docs.unity3d.com/6000.4/Documentation/Manual/UIE-masking.html,unity_docs_incremental_260527_002,2,E:/系统/桌面/工作区/本学期/大三下/IT项目管理/大作业/Data/KnowledgeBase/processed_clean/dify_import/unity_docs_chunk_0bcbcf38954539bf.md,1528,2026-05-27T13:13:29.880419+00:00
chunk_9d048c05163a7258,unity_3faab2afa4b5d8e4,unity_docs,official_documentation,Manual,,Apply masking effects in UI Toolkit,https://docs.unity3d.com/6000.4/Documentation/Manual/UIE-masking.html,unity_docs_incremental_260527_002,3,E:/系统/桌面/工作区/本学期/大三下/IT项目管理/大作业/Data/KnowledgeBase/processed_clean/dify_import/unity_docs_chunk_9d048c05163a7258.md,1754,2026-05-27T13:13:29.880981+00:00
chunk_5e7322fd89b545f4,unity_3faab2afa4b5d8e4,unity_docs,official_documentation,Manual,,Apply masking effects in UI Toolkit,https://docs.unity3d.com/6000.4/Documentation/Manual/UIE-masking.html,unity_docs_incremental_260527_002,4,E:/系统/桌面/工作区/本学期/大三下/IT项目管理/大作业/Data/KnowledgeBase/processed_clean/dify_import/unity_docs_chunk_5e7322fd89b545f4.md,874,2026-05-27T13:13:29.881542+00:00
chunk_da9ffa368dbcd358,unity_2226b0932264d6fd,unity_docs,official_documentation,Manual,,Styling,https://docs.unity3d.com/6000.4/Documentation/Manual/best-practice-guides/ui-toolkit-for-advanced-unity-developers/styling.html,unity_docs_incremental_260527_002,1,E:/系统/桌面/工作区/本学期/大三下/IT项目管理/大作业/Data/KnowledgeBase/processed_clean/dify_import/unity_docs_chunk_da9ffa368dbcd358.md,1556,2026-05-27T13:13:29.884510+00:00
chunk_445f0f7149088921,unity_2226b0932264d6fd,unity_docs,official_documentation,Manual,,Styling,https://docs.unity3d.com/6000.4/Documentation/Manual/best-practice-guides/ui-toolkit-for-advanced-unity-developers/styling.html,unity_docs_incremental_260527_002,2,E:/系统/桌面/工作区/本学期/大三下/IT项目管理/大作业/Data/KnowledgeBase/processed_clean/dify_import/unity_docs_chunk_445f0f7149088921.md,1763,2026-05-27T13:13:29.885286+00:00
chunk_2c874d72d48d83e6,unity_2226b0932264d6fd,unity_docs,official_documentation,Manual,,Styling,https://docs.unity3d.com/6000.4/Documentation/Manual/best-practice-guides/ui-toolkit-for-advanced-unity-developers/styling.html,unity_docs_incremental_260527_002,3,E:/系统/桌面/工作区/本学期/大三下/IT项目管理/大作业/Data/KnowledgeBase/processed_clean/dify_import/unity_docs_chunk_2c874d72d48d83e6.md,1755,2026-05-27T13:13:29.885874+00:00
chunk_978b213d2cbcc6cf,unity_2226b0932264d6fd,unity_docs,official_documentation,Manual,,Styling,https://docs.unity3d.com/6000.4/Documentation/Manual/best-practice-guides/ui-toolkit-for-advanced-unity-developers/styling.html,unity_docs_incremental_260527_002,4,E:/系统/桌面/工作区/本学期/大三下/IT项目管理/大作业/Data/KnowledgeBase/processed_clean/dify_import/unity_docs_chunk_978b213d2cbcc6cf.md,1795,2026-05-27T13:13:29.886465+00:00
chunk_2ed71c89ba501cc1,unity_2226b0932264d6fd,unity_docs,official_documentation,Manual,,Styling,https://docs.unity3d.com/6000.4/Documentation/Manual/best-practice-guides/ui-toolkit-for-advanced-unity-developers/styling.html,unity_docs_incremental_260527_002,5,E:/系统/桌面/工作区/本学期/大三下/IT项目管理/大作业/Data/KnowledgeBase/processed_clean/dify_import/unity_docs_chunk_2ed71c89ba501cc1.md,1761,2026-05-27T13:13:29.887288+00:00
chunk_e0013e9cd391f316,unity_2226b0932264d6fd,unity_docs,official_documentation,Manual,,Styling,https://docs.unity3d.com/6000.4/Documentation/Manual/best-practice-guides/ui-toolkit-for-advanced-unity-developers/styling.html,unity_docs_incremental_260527_002,6,E:/系统/桌面/工作区/本学期/大三下/IT项目管理/大作业/Data/KnowledgeBase/processed_clean/dify_import/unity_docs_chunk_e0013e9cd391f316.md,1697,2026-05-27T13:13:29.887880+00:00
chunk_7b0ae5df988231f0,unity_2226b0932264d6fd,unity_docs,official_documentation,Manual,,Styling,https://docs.unity3d.com/6000.4/Documentation/Manual/best-practice-guides/ui-toolkit-for-advanced-unity-developers/styling.html,unity_docs_incremental_260527_002,7,E:/系统/桌面/工作区/本学期/大三下/IT项目管理/大作业/Data/KnowledgeBase/processed_clean/dify_import/unity_docs_chunk_7b0ae5df988231f0.md,1786,2026-05-27T13:13:29.888503+00:00
chunk_c56f7feed946e014,unity_2226b0932264d6fd,unity_docs,official_documentation,Manual,,Styling,https://docs.unity3d.com/6000.4/Documentation/Manual/best-practice-guides/ui-toolkit-for-advanced-unity-developers/styling.html,unity_docs_incremental_260527_002,8,E:/系统/桌面/工作区/本学期/大三下/IT项目管理/大作业/Data/KnowledgeBase/processed_clean/dify_import/unity_docs_chunk_c56f7feed946e014.md,1800,2026-05-27T13:13:29.889189+00:00
chunk_9c564056c7566ae7,unity_2226b0932264d6fd,unity_docs,official_documentation,Manual,,Styling,https://docs.unity3d.com/6000.4/Documentation/Manual/best-practice-guides/ui-toolkit-for-advanced-unity-developers/styling.html,unity_docs_incremental_260527_002,9,E:/系统/桌面/工作区/本学期/大三下/IT项目管理/大作业/Data/KnowledgeBase/processed_clean/dify_import/unity_docs_chunk_9c564056c7566ae7.md,1787,2026-05-27T13:13:29.889984+00:00
chunk_50f00a0c3caf7e9a,unity_2226b0932264d6fd,unity_docs,official_documentation,Manual,,Styling,https://docs.unity3d.com/6000.4/Documentation/Manual/best-practice-guides/ui-toolkit-for-advanced-unity-developers/styling.html,unity_docs_incremental_260527_002,10,E:/系统/桌面/工作区/本学期/大三下/IT项目管理/大作业/Data/KnowledgeBase/processed_clean/dify_import/unity_docs_chunk_50f00a0c3caf7e9a.md,1800,2026-05-27T13:13:29.890782+00:00
chunk_f5ae458c37d4e819,unity_2226b0932264d6fd,unity_docs,official_documentation,Manual,,Styling,https://docs.unity3d.com/6000.4/Documentation/Manual/best-practice-guides/ui-toolkit-for-advanced-unity-developers/styling.html,unity_docs_incremental_260527_002,11,E:/系统/桌面/工作区/本学期/大三下/IT项目管理/大作业/Data/KnowledgeBase/processed_clean/dify_import/unity_docs_chunk_f5ae458c37d4e819.md,1597,2026-05-27T13:13:29.891381+00:00
chunk_be6f1a0e26662e8d,unity_2226b0932264d6fd,unity_docs,official_documentation,Manual,,Styling,https://docs.unity3d.com/6000.4/Documentation/Manual/best-practice-guides/ui-toolkit-for-advanced-unity-developers/styling.html,unity_docs_incremental_260527_002,12,E:/系统/桌面/工作区/本学期/大三下/IT项目管理/大作业/Data/KnowledgeBase/processed_clean/dify_import/unity_docs_chunk_be6f1a0e26662e8d.md,1792,2026-05-27T13:13:29.891958+00:00
chunk_24307da637d3a098,unity_2226b0932264d6fd,unity_docs,official_documentation,Manual,,Styling,https://docs.unity3d.com/6000.4/Documentation/Manual/best-practice-guides/ui-toolkit-for-advanced-unity-developers/styling.html,unity_docs_incremental_260527_002,13,E:/系统/桌面/工作区/本学期/大三下/IT项目管理/大作业/Data/KnowledgeBase/processed_clean/dify_import/unity_docs_chunk_24307da637d3a098.md,592,2026-05-27T13:13:29.892727+00:00
chunk_9a8d3520ccb1f212,unity_3bc8206c9fc8b17e,unity_docs,official_documentation,Manual,,Introduction to UI Shader Graph,https://docs.unity3d.com/6000.4/Documentation/Manual/ui-systems/introduction-to-ui-shader-graph.html,unity_docs_incremental_260527_002,1,E:/系统/桌面/工作区/本学期/大三下/IT项目管理/大作业/Data/KnowledgeBase/processed_clean/dify_import/unity_docs_chunk_9a8d3520ccb1f212.md,1749,2026-05-27T13:13:29.894996+00:00
chunk_3a5360247c7e7002,unity_3bc8206c9fc8b17e,unity_docs,official_documentation,Manual,,Introduction to UI Shader Graph,https://docs.unity3d.com/6000.4/Documentation/Manual/ui-systems/introduction-to-ui-shader-graph.html,unity_docs_incremental_260527_002,2,E:/系统/桌面/工作区/本学期/大三下/IT项目管理/大作业/Data/KnowledgeBase/processed_clean/dify_import/unity_docs_chunk_3a5360247c7e7002.md,1748,2026-05-27T13:13:29.895718+00:00
chunk_07139f04212bb205,unity_3bc8206c9fc8b17e,unity_docs,official_documentation,Manual,,Introduction to UI Shader Graph,https://docs.unity3d.com/6000.4/Documentation/Manual/ui-systems/introduction-to-ui-shader-graph.html,unity_docs_incremental_260527_002,3,E:/系统/桌面/工作区/本学期/大三下/IT项目管理/大作业/Data/KnowledgeBase/processed_clean/dify_import/unity_docs_chunk_07139f04212bb205.md,1776,2026-05-27T13:13:29.896346+00:00
chunk_9220be93f4e35cc0,unity_3bc8206c9fc8b17e,unity_docs,official_documentation,Manual,,Introduction to UI Shader Graph,https://docs.unity3d.com/6000.4/Documentation/Manual/ui-systems/introduction-to-ui-shader-graph.html,unity_docs_incremental_260527_002,4,E:/系统/桌面/工作区/本学期/大三下/IT项目管理/大作业/Data/KnowledgeBase/processed_clean/dify_import/unity_docs_chunk_9220be93f4e35cc0.md,1722,2026-05-27T13:13:29.897173+00:00
chunk_3c055d55444a4646,unity_3bc8206c9fc8b17e,unity_docs,official_documentation,Manual,,Introduction to UI Shader Graph,https://docs.unity3d.com/6000.4/Documentation/Manual/ui-systems/introduction-to-ui-shader-graph.html,unity_docs_incremental_260527_002,5,E:/系统/桌面/工作区/本学期/大三下/IT项目管理/大作业/Data/KnowledgeBase/processed_clean/dify_import/unity_docs_chunk_3c055d55444a4646.md,1791,2026-05-27T13:13:29.897974+00:00
chunk_0122119c7068d636,unity_3bc8206c9fc8b17e,unity_docs,official_documentation,Manual,,Introduction to UI Shader Graph,https://docs.unity3d.com/6000.4/Documentation/Manual/ui-systems/introduction-to-ui-shader-graph.html,unity_docs_incremental_260527_002,6,E:/系统/桌面/工作区/本学期/大三下/IT项目管理/大作业/Data/KnowledgeBase/processed_clean/dify_import/unity_docs_chunk_0122119c7068d636.md,1287,2026-05-27T13:13:29.898771+00:00
chunk_a4c42847c9c7cebf,unity_8d81686fcdf54dfb,unity_docs,official_documentation,Manual,,Dispatch events,https://docs.unity3d.com/6000.4/Documentation/Manual/UIE-Events-Dispatching.html,unity_docs_incremental_260527_002,1,E:/系统/桌面/工作区/本学期/大三下/IT项目管理/大作业/Data/KnowledgeBase/processed_clean/dify_import/unity_docs_chunk_a4c42847c9c7cebf.md,1766,2026-05-27T13:13:29.900606+00:00
chunk_20ec6910ebdc658a,unity_8d81686fcdf54dfb,unity_docs,official_documentation,Manual,,Dispatch events,https://docs.unity3d.com/6000.4/Documentation/Manual/UIE-Events-Dispatching.html,unity_docs_incremental_260527_002,2,E:/系统/桌面/工作区/本学期/大三下/IT项目管理/大作业/Data/KnowledgeBase/processed_clean/dify_import/unity_docs_chunk_20ec6910ebdc658a.md,1682,2026-05-27T13:13:29.901411+00:00
chunk_41629fd130e2e80d,unity_8d81686fcdf54dfb,unity_docs,official_documentation,Manual,,Dispatch events,https://docs.unity3d.com/6000.4/Documentation/Manual/UIE-Events-Dispatching.html,unity_docs_incremental_260527_002,3,E:/系统/桌面/工作区/本学期/大三下/IT项目管理/大作业/Data/KnowledgeBase/processed_clean/dify_import/unity_docs_chunk_41629fd130e2e80d.md,1752,2026-05-27T13:13:29.902020+00:00
chunk_9d75171d103b224d,unity_8d81686fcdf54dfb,unity_docs,official_documentation,Manual,,Dispatch events,https://docs.unity3d.com/6000.4/Documentation/Manual/UIE-Events-Dispatching.html,unity_docs_incremental_260527_002,4,E:/系统/桌面/工作区/本学期/大三下/IT项目管理/大作业/Data/KnowledgeBase/processed_clean/dify_import/unity_docs_chunk_9d75171d103b224d.md,276,2026-05-27T13:13:29.902620+00:00
chunk_bde03f70bc9b0881,unity_6a2ce3851218c663,unity_docs,official_documentation,Manual,,Capture the pointer with a manipulator,https://docs.unity3d.com/6000.4/Documentation/Manual/UIE-capture-the-pointer.html,unity_docs_incremental_260527_002,1,E:/系统/桌面/工作区/本学期/大三下/IT项目管理/大作业/Data/KnowledgeBase/processed_clean/dify_import/unity_docs_chunk_bde03f70bc9b0881.md,1777,2026-05-27T13:13:29.904209+00:00
chunk_5aca57187dd3e300,unity_6a2ce3851218c663,unity_docs,official_documentation,Manual,,Capture the pointer with a manipulator,https://docs.unity3d.com/6000.4/Documentation/Manual/UIE-capture-the-pointer.html,unity_docs_incremental_260527_002,2,E:/系统/桌面/工作区/本学期/大三下/IT项目管理/大作业/Data/KnowledgeBase/processed_clean/dify_import/unity_docs_chunk_5aca57187dd3e300.md,569,2026-05-27T13:13:29.904864+00:00
chunk_4715df31dd069897,unity_ced3b70f6bd360c9,unity_docs,official_documentation,Manual,,Handle event callbacks and value changes,https://docs.unity3d.com/6000.4/Documentation/Manual/UIE-Events-Handling.html,unity_docs_incremental_260527_002,1,E:/系统/桌面/工作区/本学期/大三下/IT项目管理/大作业/Data/KnowledgeBase/processed_clean/dify_import/unity_docs_chunk_4715df31dd069897.md,1795,2026-05-27T13:13:29.906461+00:00
chunk_17660345fcc76548,unity_ced3b70f6bd360c9,unity_docs,official_documentation,Manual,,Handle event callbacks and value changes,https://docs.unity3d.com/6000.4/Documentation/Manual/UIE-Events-Handling.html,unity_docs_incremental_260527_002,2,E:/系统/桌面/工作区/本学期/大三下/IT项目管理/大作业/Data/KnowledgeBase/processed_clean/dify_import/unity_docs_chunk_17660345fcc76548.md,1795,2026-05-27T13:13:29.907001+00:00
chunk_9aa9446cb5e1f7b8,unity_ced3b70f6bd360c9,unity_docs,official_documentation,Manual,,Handle event callbacks and value changes,https://docs.unity3d.com/6000.4/Documentation/Manual/UIE-Events-Handling.html,unity_docs_incremental_260527_002,3,E:/系统/桌面/工作区/本学期/大三下/IT项目管理/大作业/Data/KnowledgeBase/processed_clean/dify_import/unity_docs_chunk_9aa9446cb5e1f7b8.md,1723,2026-05-27T13:13:29.907754+00:00
chunk_52e69191158b81a9,unity_ced3b70f6bd360c9,unity_docs,official_documentation,Manual,,Handle event callbacks and value changes,https://docs.unity3d.com/6000.4/Documentation/Manual/UIE-Events-Handling.html,unity_docs_incremental_260527_002,4,E:/系统/桌面/工作区/本学期/大三下/IT项目管理/大作业/Data/KnowledgeBase/processed_clean/dify_import/unity_docs_chunk_52e69191158b81a9.md,1224,2026-05-27T13:13:29.908279+00:00
chunk_f6426cca8eee48cd,unity_b365a0b530209015,unity_docs,official_documentation,Manual,,Focus system in UI Toolkit,https://docs.unity3d.com/6000.4/Documentation/Manual/UIE-focus-order.html,unity_docs_incremental_260527_002,1,E:/系统/桌面/工作区/本学期/大三下/IT项目管理/大作业/Data/KnowledgeBase/processed_clean/dify_import/unity_docs_chunk_f6426cca8eee48cd.md,1791,2026-05-27T13:13:29.909999+00:00
chunk_ee38e789ee2c7e7b,unity_b365a0b530209015,unity_docs,official_documentation,Manual,,Focus system in UI Toolkit,https://docs.unity3d.com/6000.4/Documentation/Manual/UIE-focus-order.html,unity_docs_incremental_260527_002,2,E:/系统/桌面/工作区/本学期/大三下/IT项目管理/大作业/Data/KnowledgeBase/processed_clean/dify_import/unity_docs_chunk_ee38e789ee2c7e7b.md,1795,2026-05-27T13:13:29.910632+00:00
chunk_c53d0c862c027195,unity_b365a0b530209015,unity_docs,official_documentation,Manual,,Focus system in UI Toolkit,https://docs.unity3d.com/6000.4/Documentation/Manual/UIE-focus-order.html,unity_docs_incremental_260527_002,3,E:/系统/桌面/工作区/本学期/大三下/IT项目管理/大作业/Data/KnowledgeBase/processed_clean/dify_import/unity_docs_chunk_c53d0c862c027195.md,1288,2026-05-27T13:13:29.911648+00:00
chunk_a8a9f36d56d3e381,unity_b89cb07f158ad3e7,unity_docs,official_documentation,Manual,,Respond to events with custom controls,https://docs.unity3d.com/6000.4/Documentation/Manual/UIE-events-handling-custom-control.html,unity_docs_incremental_260527_002,1,E:/系统/桌面/工作区/本学期/大三下/IT项目管理/大作业/Data/KnowledgeBase/processed_clean/dify_import/unity_docs_chunk_a8a9f36d56d3e381.md,1799,2026-05-27T13:13:29.913566+00:00
chunk_4e709040f3e83daf,unity_b89cb07f158ad3e7,unity_docs,official_documentation,Manual,,Respond to events with custom controls,https://docs.unity3d.com/6000.4/Documentation/Manual/UIE-events-handling-custom-control.html,unity_docs_incremental_260527_002,2,E:/系统/桌面/工作区/本学期/大三下/IT项目管理/大作业/Data/KnowledgeBase/processed_clean/dify_import/unity_docs_chunk_4e709040f3e83daf.md,1730,2026-05-27T13:13:29.914223+00:00
chunk_1c5502326e06bdb6,unity_b89cb07f158ad3e7,unity_docs,official_documentation,Manual,,Respond to events with custom controls,https://docs.unity3d.com/6000.4/Documentation/Manual/UIE-events-handling-custom-control.html,unity_docs_incremental_260527_002,3,E:/系统/桌面/工作区/本学期/大三下/IT项目管理/大作业/Data/KnowledgeBase/processed_clean/dify_import/unity_docs_chunk_1c5502326e06bdb6.md,518,2026-05-27T13:13:29.914795+00:00
chunk_22831fb2949ebff6,unity_b980bc9b06f8411f,unity_docs,official_documentation,Manual,,Manipulators,https://docs.unity3d.com/6000.4/Documentation/Manual/UIE-manipulators.html,unity_docs_incremental_260527_002,1,E:/系统/桌面/工作区/本学期/大三下/IT项目管理/大作业/Data/KnowledgeBase/processed_clean/dify_import/unity_docs_chunk_22831fb2949ebff6.md,1798,2026-05-27T13:13:29.916788+00:00
chunk_6aa5faf28dfe3fd9,unity_b980bc9b06f8411f,unity_docs,official_documentation,Manual,,Manipulators,https://docs.unity3d.com/6000.4/Documentation/Manual/UIE-manipulators.html,unity_docs_incremental_260527_002,2,E:/系统/桌面/工作区/本学期/大三下/IT项目管理/大作业/Data/KnowledgeBase/processed_clean/dify_import/unity_docs_chunk_6aa5faf28dfe3fd9.md,1787,2026-05-27T13:13:29.917396+00:00
chunk_3767b8cedd10a526,unity_b980bc9b06f8411f,unity_docs,official_documentation,Manual,,Manipulators,https://docs.unity3d.com/6000.4/Documentation/Manual/UIE-manipulators.html,unity_docs_incremental_260527_002,3,E:/系统/桌面/工作区/本学期/大三下/IT项目管理/大作业/Data/KnowledgeBase/processed_clean/dify_import/unity_docs_chunk_3767b8cedd10a526.md,1790,2026-05-27T13:13:29.918110+00:00
chunk_3c0cc39cad6f5272,unity_b980bc9b06f8411f,unity_docs,official_documentation,Manual,,Manipulators,https://docs.unity3d.com/6000.4/Documentation/Manual/UIE-manipulators.html,unity_docs_incremental_260527_002,4,E:/系统/桌面/工作区/本学期/大三下/IT项目管理/大作业/Data/KnowledgeBase/processed_clean/dify_import/unity_docs_chunk_3c0cc39cad6f5272.md,1778,2026-05-27T13:13:29.919402+00:00
chunk_0c3143b9f1b0f618,unity_b980bc9b06f8411f,unity_docs,official_documentation,Manual,,Manipulators,https://docs.unity3d.com/6000.4/Documentation/Manual/UIE-manipulators.html,unity_docs_incremental_260527_002,5,E:/系统/桌面/工作区/本学期/大三下/IT项目管理/大作业/Data/KnowledgeBase/processed_clean/dify_import/unity_docs_chunk_0c3143b9f1b0f618.md,769,2026-05-27T13:13:29.920228+00:00
chunk_98e9ed7f6d029310,unity_dc17c6c77f8a7f45,unity_docs,official_documentation,ScriptReference,,MonoBehaviour,https://docs.unity3d.com/ScriptReference/MonoBehaviour.html,unity_docs_incremental_260527_002,1,E:/系统/桌面/工作区/本学期/大三下/IT项目管理/大作业/Data/KnowledgeBase/processed_clean/dify_import/unity_docs_chunk_98e9ed7f6d029310.md,1799,2026-05-27T13:13:29.922180+00:00
chunk_d6a72650bca8f3c8,unity_dc17c6c77f8a7f45,unity_docs,official_documentation,ScriptReference,,MonoBehaviour,https://docs.unity3d.com/ScriptReference/MonoBehaviour.html,unity_docs_incremental_260527_002,2,E:/系统/桌面/工作区/本学期/大三下/IT项目管理/大作业/Data/KnowledgeBase/processed_clean/dify_import/unity_docs_chunk_d6a72650bca8f3c8.md,1735,2026-05-27T13:13:29.923063+00:00
chunk_1b36b650eb776bea,unity_dc17c6c77f8a7f45,unity_docs,official_documentation,ScriptReference,,MonoBehaviour,https://docs.unity3d.com/ScriptReference/MonoBehaviour.html,unity_docs_incremental_260527_002,3,E:/系统/桌面/工作区/本学期/大三下/IT项目管理/大作业/Data/KnowledgeBase/processed_clean/dify_import/unity_docs_chunk_1b36b650eb776bea.md,1749,2026-05-27T13:13:29.923616+00:00
chunk_4ccc5b4f27fc6317,unity_dc17c6c77f8a7f45,unity_docs,official_documentation,ScriptReference,,MonoBehaviour,https://docs.unity3d.com/ScriptReference/MonoBehaviour.html,unity_docs_incremental_260527_002,4,E:/系统/桌面/工作区/本学期/大三下/IT项目管理/大作业/Data/KnowledgeBase/processed_clean/dify_import/unity_docs_chunk_4ccc5b4f27fc6317.md,1684,2026-05-27T13:13:29.924345+00:00
chunk_0dfde19b004c2f36,unity_dc17c6c77f8a7f45,unity_docs,official_documentation,ScriptReference,,MonoBehaviour,https://docs.unity3d.com/ScriptReference/MonoBehaviour.html,unity_docs_incremental_260527_002,5,E:/系统/桌面/工作区/本学期/大三下/IT项目管理/大作业/Data/KnowledgeBase/processed_clean/dify_import/unity_docs_chunk_0dfde19b004c2f36.md,1770,2026-05-27T13:13:29.925294+00:00
chunk_e14fa6ec7b3ad774,unity_dc17c6c77f8a7f45,unity_docs,official_documentation,ScriptReference,,MonoBehaviour,https://docs.unity3d.com/ScriptReference/MonoBehaviour.html,unity_docs_incremental_260527_002,6,E:/系统/桌面/工作区/本学期/大三下/IT项目管理/大作业/Data/KnowledgeBase/processed_clean/dify_import/unity_docs_chunk_e14fa6ec7b3ad774.md,1793,2026-05-27T13:13:29.925931+00:00
chunk_dad4bbd5134dd378,unity_dc17c6c77f8a7f45,unity_docs,official_documentation,ScriptReference,,MonoBehaviour,https://docs.unity3d.com/ScriptReference/MonoBehaviour.html,unity_docs_incremental_260527_002,7,E:/系统/桌面/工作区/本学期/大三下/IT项目管理/大作业/Data/KnowledgeBase/processed_clean/dify_import/unity_docs_chunk_dad4bbd5134dd378.md,931,2026-05-27T13:13:29.926430+00:00
chunk_f7f26b7f98301f5a,unity_51cb93757bd3d4b8,unity_docs,official_documentation,ScriptReference,,MeshGenerationContext,https://docs.unity3d.com/6000.4/Documentation/ScriptReference/UIElements.MeshGenerationContext.html,unity_docs_incremental_260527_002,1,E:/系统/桌面/工作区/本学期/大三下/IT项目管理/大作业/Data/KnowledgeBase/processed_clean/dify_import/unity_docs_chunk_f7f26b7f98301f5a.md,1758,2026-05-27T13:13:29.927787+00:00
chunk_5726f5949b04f7a3,unity_51cb93757bd3d4b8,unity_docs,official_documentation,ScriptReference,,MeshGenerationContext,https://docs.unity3d.com/6000.4/Documentation/ScriptReference/UIElements.MeshGenerationContext.html,unity_docs_incremental_260527_002,2,E:/系统/桌面/工作区/本学期/大三下/IT项目管理/大作业/Data/KnowledgeBase/processed_clean/dify_import/unity_docs_chunk_5726f5949b04f7a3.md,1771,2026-05-27T13:13:29.928311+00:00
chunk_54d6374f1e57f863,unity_51cb93757bd3d4b8,unity_docs,official_documentation,ScriptReference,,MeshGenerationContext,https://docs.unity3d.com/6000.4/Documentation/ScriptReference/UIElements.MeshGenerationContext.html,unity_docs_incremental_260527_002,3,E:/系统/桌面/工作区/本学期/大三下/IT项目管理/大作业/Data/KnowledgeBase/processed_clean/dify_import/unity_docs_chunk_54d6374f1e57f863.md,697,2026-05-27T13:13:29.928743+00:00
chunk_c205c315dce9a8ed,unity_f38e938bea46546b,unity_docs,official_documentation,ScriptReference,,PopupWindow,https://docs.unity3d.com/6000.4/Documentation/ScriptReference/PopupWindow.html,unity_docs_incremental_260527_002,1,E:/系统/桌面/工作区/本学期/大三下/IT项目管理/大作业/Data/KnowledgeBase/processed_clean/dify_import/unity_docs_chunk_c205c315dce9a8ed.md,1772,2026-05-27T13:13:29.930501+00:00
chunk_1e467f896897a42c,unity_f38e938bea46546b,unity_docs,official_documentation,ScriptReference,,PopupWindow,https://docs.unity3d.com/6000.4/Documentation/ScriptReference/PopupWindow.html,unity_docs_incremental_260527_002,2,E:/系统/桌面/工作区/本学期/大三下/IT项目管理/大作业/Data/KnowledgeBase/processed_clean/dify_import/unity_docs_chunk_1e467f896897a42c.md,1761,2026-05-27T13:13:29.930952+00:00
chunk_976c0f43baa976fc,unity_f38e938bea46546b,unity_docs,official_documentation,ScriptReference,,PopupWindow,https://docs.unity3d.com/6000.4/Documentation/ScriptReference/PopupWindow.html,unity_docs_incremental_260527_002,3,E:/系统/桌面/工作区/本学期/大三下/IT项目管理/大作业/Data/KnowledgeBase/processed_clean/dify_import/unity_docs_chunk_976c0f43baa976fc.md,1792,2026-05-27T13:13:29.931439+00:00
chunk_bcf1b5f656ceabbc,unity_f38e938bea46546b,unity_docs,official_documentation,ScriptReference,,PopupWindow,https://docs.unity3d.com/6000.4/Documentation/ScriptReference/PopupWindow.html,unity_docs_incremental_260527_002,4,E:/系统/桌面/工作区/本学期/大三下/IT项目管理/大作业/Data/KnowledgeBase/processed_clean/dify_import/unity_docs_chunk_bcf1b5f656ceabbc.md,1797,2026-05-27T13:13:29.932148+00:00
chunk_697bb71dbdd91bb4,unity_f38e938bea46546b,unity_docs,official_documentation,ScriptReference,,PopupWindow,https://docs.unity3d.com/6000.4/Documentation/ScriptReference/PopupWindow.html,unity_docs_incremental_260527_002,5,E:/系统/桌面/工作区/本学期/大三下/IT项目管理/大作业/Data/KnowledgeBase/processed_clean/dify_import/unity_docs_chunk_697bb71dbdd91bb4.md,1792,2026-05-27T13:13:29.932957+00:00
chunk_d15c611ecf30ba8d,unity_f38e938bea46546b,unity_docs,official_documentation,ScriptReference,,PopupWindow,https://docs.unity3d.com/6000.4/Documentation/ScriptReference/PopupWindow.html,unity_docs_incremental_260527_002,6,E:/系统/桌面/工作区/本学期/大三下/IT项目管理/大作业/Data/KnowledgeBase/processed_clean/dify_import/unity_docs_chunk_d15c611ecf30ba8d.md,764,2026-05-27T13:13:29.933531+00:00
chunk_b65bb88752bfdf57,unity_8b98749f67dbc497,unity_docs,official_documentation,ScriptReference,,Animator,https://docs.unity3d.com/6000.4/Documentation/ScriptReference/Animator.html,unity_docs_incremental_260527_002,1,E:/系统/桌面/工作区/本学期/大三下/IT项目管理/大作业/Data/KnowledgeBase/processed_clean/dify_import/unity_docs_chunk_b65bb88752bfdf57.md,1782,2026-05-27T13:13:29.935865+00:00
chunk_d9f20fb6d0a0e3ca,unity_8b98749f67dbc497,unity_docs,official_documentation,ScriptReference,,Animator,https://docs.unity3d.com/6000.4/Documentation/ScriptReference/Animator.html,unity_docs_incremental_260527_002,2,E:/系统/桌面/工作区/本学期/大三下/IT项目管理/大作业/Data/KnowledgeBase/processed_clean/dify_import/unity_docs_chunk_d9f20fb6d0a0e3ca.md,1671,2026-05-27T13:13:29.936422+00:00
chunk_2700388ebb9f5fc2,unity_8b98749f67dbc497,unity_docs,official_documentation,ScriptReference,,Animator,https://docs.unity3d.com/6000.4/Documentation/ScriptReference/Animator.html,unity_docs_incremental_260527_002,3,E:/系统/桌面/工作区/本学期/大三下/IT项目管理/大作业/Data/KnowledgeBase/processed_clean/dify_import/unity_docs_chunk_2700388ebb9f5fc2.md,1788,2026-05-27T13:13:29.937129+00:00
chunk_c620cde57eb617c8,unity_8b98749f67dbc497,unity_docs,official_documentation,ScriptReference,,Animator,https://docs.unity3d.com/6000.4/Documentation/ScriptReference/Animator.html,unity_docs_incremental_260527_002,4,E:/系统/桌面/工作区/本学期/大三下/IT项目管理/大作业/Data/KnowledgeBase/processed_clean/dify_import/unity_docs_chunk_c620cde57eb617c8.md,1397,2026-05-27T13:13:29.937683+00:00
chunk_fd368a05c997b7e3,unity_8b98749f67dbc497,unity_docs,official_documentation,ScriptReference,,Animator,https://docs.unity3d.com/6000.4/Documentation/ScriptReference/Animator.html,unity_docs_incremental_260527_002,5,E:/系统/桌面/工作区/本学期/大三下/IT项目管理/大作业/Data/KnowledgeBase/processed_clean/dify_import/unity_docs_chunk_fd368a05c997b7e3.md,1490,2026-05-27T13:13:29.938280+00:00
chunk_9db9d4f07ce90a02,unity_8b98749f67dbc497,unity_docs,official_documentation,ScriptReference,,Animator,https://docs.unity3d.com/6000.4/Documentation/ScriptReference/Animator.html,unity_docs_incremental_260527_002,6,E:/系统/桌面/工作区/本学期/大三下/IT项目管理/大作业/Data/KnowledgeBase/processed_clean/dify_import/unity_docs_chunk_9db9d4f07ce90a02.md,1669,2026-05-27T13:13:29.938821+00:00
chunk_8c9fac6bce4acb45,unity_8b98749f67dbc497,unity_docs,official_documentation,ScriptReference,,Animator,https://docs.unity3d.com/6000.4/Documentation/ScriptReference/Animator.html,unity_docs_incremental_260527_002,7,E:/系统/桌面/工作区/本学期/大三下/IT项目管理/大作业/Data/KnowledgeBase/processed_clean/dify_import/unity_docs_chunk_8c9fac6bce4acb45.md,1741,2026-05-27T13:13:29.939573+00:00
chunk_66a7779159bfce6a,unity_8b98749f67dbc497,unity_docs,official_documentation,ScriptReference,,Animator,https://docs.unity3d.com/6000.4/Documentation/ScriptReference/Animator.html,unity_docs_incremental_260527_002,8,E:/系统/桌面/工作区/本学期/大三下/IT项目管理/大作业/Data/KnowledgeBase/processed_clean/dify_import/unity_docs_chunk_66a7779159bfce6a.md,1713,2026-05-27T13:13:29.939996+00:00
chunk_f3908c5448b867c8,unity_8b98749f67dbc497,unity_docs,official_documentation,ScriptReference,,Animator,https://docs.unity3d.com/6000.4/Documentation/ScriptReference/Animator.html,unity_docs_incremental_260527_002,9,E:/系统/桌面/工作区/本学期/大三下/IT项目管理/大作业/Data/KnowledgeBase/processed_clean/dify_import/unity_docs_chunk_f3908c5448b867c8.md,1793,2026-05-27T13:13:29.940742+00:00
chunk_ab65e2925f00f0bb,unity_8b98749f67dbc497,unity_docs,official_documentation,ScriptReference,,Animator,https://docs.unity3d.com/6000.4/Documentation/ScriptReference/Animator.html,unity_docs_incremental_260527_002,10,E:/系统/桌面/工作区/本学期/大三下/IT项目管理/大作业/Data/KnowledgeBase/processed_clean/dify_import/unity_docs_chunk_ab65e2925f00f0bb.md,1769,2026-05-27T13:13:29.941528+00:00
chunk_75cd6b86e37f506d,unity_8b98749f67dbc497,unity_docs,official_documentation,ScriptReference,,Animator,https://docs.unity3d.com/6000.4/Documentation/ScriptReference/Animator.html,unity_docs_incremental_260527_002,11,E:/系统/桌面/工作区/本学期/大三下/IT项目管理/大作业/Data/KnowledgeBase/processed_clean/dify_import/unity_docs_chunk_75cd6b86e37f506d.md,1785,2026-05-27T13:13:29.942433+00:00
chunk_7fd35ddcf0f86c53,unity_8b98749f67dbc497,unity_docs,official_documentation,ScriptReference,,Animator,https://docs.unity3d.com/6000.4/Documentation/ScriptReference/Animator.html,unity_docs_incremental_260527_002,12,E:/系统/桌面/工作区/本学期/大三下/IT项目管理/大作业/Data/KnowledgeBase/processed_clean/dify_import/unity_docs_chunk_7fd35ddcf0f86c53.md,1665,2026-05-27T13:13:29.943167+00:00
chunk_3d3a9cc0803e3d1d,unity_8b98749f67dbc497,unity_docs,official_documentation,ScriptReference,,Animator,https://docs.unity3d.com/6000.4/Documentation/ScriptReference/Animator.html,unity_docs_incremental_260527_002,13,E:/系统/桌面/工作区/本学期/大三下/IT项目管理/大作业/Data/KnowledgeBase/processed_clean/dify_import/unity_docs_chunk_3d3a9cc0803e3d1d.md,1757,2026-05-27T13:13:29.943963+00:00
chunk_bfcbca73ede7f75d,unity_8b98749f67dbc497,unity_docs,official_documentation,ScriptReference,,Animator,https://docs.unity3d.com/6000.4/Documentation/ScriptReference/Animator.html,unity_docs_incremental_260527_002,14,E:/系统/桌面/工作区/本学期/大三下/IT项目管理/大作业/Data/KnowledgeBase/processed_clean/dify_import/unity_docs_chunk_bfcbca73ede7f75d.md,1123,2026-05-27T13:13:29.944744+00:00
chunk_cdc891046905ac9d,unity_25fda2ea2f14467f,unity_docs,official_documentation,ScriptReference,,Animation,https://docs.unity3d.com/6000.4/Documentation/ScriptReference/Animation.html,unity_docs_incremental_260527_002,1,E:/系统/桌面/工作区/本学期/大三下/IT项目管理/大作业/Data/KnowledgeBase/processed_clean/dify_import/unity_docs_chunk_cdc891046905ac9d.md,1786,2026-05-27T13:13:29.946725+00:00
chunk_00cd5f078cc167d7,unity_25fda2ea2f14467f,unity_docs,official_documentation,ScriptReference,,Animation,https://docs.unity3d.com/6000.4/Documentation/ScriptReference/Animation.html,unity_docs_incremental_260527_002,2,E:/系统/桌面/工作区/本学期/大三下/IT项目管理/大作业/Data/KnowledgeBase/processed_clean/dify_import/unity_docs_chunk_00cd5f078cc167d7.md,1746,2026-05-27T13:13:29.947264+00:00
chunk_e1707126e81d5982,unity_25fda2ea2f14467f,unity_docs,official_documentation,ScriptReference,,Animation,https://docs.unity3d.com/6000.4/Documentation/ScriptReference/Animation.html,unity_docs_incremental_260527_002,3,E:/系统/桌面/工作区/本学期/大三下/IT项目管理/大作业/Data/KnowledgeBase/processed_clean/dify_import/unity_docs_chunk_e1707126e81d5982.md,1755,2026-05-27T13:13:29.947792+00:00
chunk_7afd8a497538f8d5,unity_25fda2ea2f14467f,unity_docs,official_documentation,ScriptReference,,Animation,https://docs.unity3d.com/6000.4/Documentation/ScriptReference/Animation.html,unity_docs_incremental_260527_002,4,E:/系统/桌面/工作区/本学期/大三下/IT项目管理/大作业/Data/KnowledgeBase/processed_clean/dify_import/unity_docs_chunk_7afd8a497538f8d5.md,549,2026-05-27T13:13:29.948369+00:00
chunk_7bd62d33749a6c49,unity_3d8644d23c225e3d,unity_docs,official_documentation,ScriptReference,,Renderer .enabled,https://docs.unity3d.com/6000.4/Documentation/ScriptReference/Renderer-enabled.html,unity_docs_incremental_260527_002,1,E:/系统/桌面/工作区/本学期/大三下/IT项目管理/大作业/Data/KnowledgeBase/processed_clean/dify_import/unity_docs_chunk_7bd62d33749a6c49.md,730,2026-05-27T13:13:29.949507+00:00
chunk_38afbd4e3fc2ddc4,unity_e42006dc98f080cd,unity_docs,official_documentation,ScriptReference,,Avatar,https://docs.unity3d.com/6000.4/Documentation/ScriptReference/Avatar.html,unity_docs_incremental_260527_002,1,E:/系统/桌面/工作区/本学期/大三下/IT项目管理/大作业/Data/KnowledgeBase/processed_clean/dify_import/unity_docs_chunk_38afbd4e3fc2ddc4.md,1793,2026-05-27T13:13:29.951035+00:00
chunk_68451158db02fb88,unity_e42006dc98f080cd,unity_docs,official_documentation,ScriptReference,,Avatar,https://docs.unity3d.com/6000.4/Documentation/ScriptReference/Avatar.html,unity_docs_incremental_260527_002,2,E:/系统/桌面/工作区/本学期/大三下/IT项目管理/大作业/Data/KnowledgeBase/processed_clean/dify_import/unity_docs_chunk_68451158db02fb88.md,1798,2026-05-27T13:13:29.951540+00:00
chunk_e134532ce9b45155,unity_e42006dc98f080cd,unity_docs,official_documentation,ScriptReference,,Avatar,https://docs.unity3d.com/6000.4/Documentation/ScriptReference/Avatar.html,unity_docs_incremental_260527_002,3,E:/系统/桌面/工作区/本学期/大三下/IT项目管理/大作业/Data/KnowledgeBase/processed_clean/dify_import/unity_docs_chunk_e134532ce9b45155.md,1789,2026-05-27T13:13:29.952063+00:00
chunk_9ed7e4fcfd66ff31,unity_595c077346e000cf,unity_docs,official_documentation,ScriptReference,,MaterialDescription,https://docs.unity3d.com/6000.4/Documentation/ScriptReference/AssetImporters.MaterialDescription.html,unity_docs_incremental_260527_002,1,E:/系统/桌面/工作区/本学期/大三下/IT项目管理/大作业/Data/KnowledgeBase/processed_clean/dify_import/unity_docs_chunk_9ed7e4fcfd66ff31.md,1192,2026-05-27T13:13:29.953600+00:00
chunk_f374dcc4f844a230,unity_38fd7127ba3c6829,unity_docs,official_documentation,ScriptReference,,ModelImporterMaterialImportMode .ImportViaMaterialDescription,https://docs.unity3d.com/6000.4/Documentation/ScriptReference/ModelImporterMaterialImportMode.ImportViaMaterialDescription.html,unity_docs_incremental_260527_002,1,E:/系统/桌面/工作区/本学期/大三下/IT项目管理/大作业/Data/KnowledgeBase/processed_clean/dify_import/unity_docs_chunk_f374dcc4f844a230.md,1240,2026-05-27T13:13:29.954659+00:00
chunk_64a795e5900c59ae,unity_4cf58b674ac12f2e,unity_docs,official_documentation,ScriptReference,,"AssetPostprocessor .OnPreprocessMaterialDescription(MaterialDescription,Material, AnimationClip[])",https://docs.unity3d.com/6000.4/Documentation/ScriptReference/AssetPostprocessor.OnPreprocessMaterialDescription.html,unity_docs_incremental_260527_002,1,E:/系统/桌面/工作区/本学期/大三下/IT项目管理/大作业/Data/KnowledgeBase/processed_clean/dify_import/unity_docs_chunk_64a795e5900c59ae.md,1798,2026-05-27T13:13:29.955827+00:00
chunk_ed4f568cb49141dc,unity_4cf58b674ac12f2e,unity_docs,official_documentation,ScriptReference,,"AssetPostprocessor .OnPreprocessMaterialDescription(MaterialDescription,Material, AnimationClip[])",https://docs.unity3d.com/6000.4/Documentation/ScriptReference/AssetPostprocessor.OnPreprocessMaterialDescription.html,unity_docs_incremental_260527_002,2,E:/系统/桌面/工作区/本学期/大三下/IT项目管理/大作业/Data/KnowledgeBase/processed_clean/dify_import/unity_docs_chunk_ed4f568cb49141dc.md,441,2026-05-27T13:13:29.956356+00:00
chunk_fc2915eb1843be2f,unity_acb204a5bd37d8f7,unity_docs,official_documentation,ScriptReference,,ModelImporterMaterialImportMode .ImportStandard,https://docs.unity3d.com/6000.4/Documentation/ScriptReference/ModelImporterMaterialImportMode.ImportStandard.html,unity_docs_incremental_260527_002,1,E:/系统/桌面/工作区/本学期/大三下/IT项目管理/大作业/Data/KnowledgeBase/processed_clean/dify_import/unity_docs_chunk_fc2915eb1843be2f.md,664,2026-05-27T13:13:29.957436+00:00
chunk_f3f3587e3963eb7a,unity_041e0d421dbbe232,unity_docs,official_documentation,ScriptReference,,Motion,https://docs.unity3d.com/6000.4/Documentation/ScriptReference/Motion.html,unity_docs_incremental_260527_002,1,E:/系统/桌面/工作区/本学期/大三下/IT项目管理/大作业/Data/KnowledgeBase/processed_clean/dify_import/unity_docs_chunk_f3f3587e3963eb7a.md,1795,2026-05-27T13:13:29.958527+00:00
chunk_e20518384f53c851,unity_041e0d421dbbe232,unity_docs,official_documentation,ScriptReference,,Motion,https://docs.unity3d.com/6000.4/Documentation/ScriptReference/Motion.html,unity_docs_incremental_260527_002,2,E:/系统/桌面/工作区/本学期/大三下/IT项目管理/大作业/Data/KnowledgeBase/processed_clean/dify_import/unity_docs_chunk_e20518384f53c851.md,1596,2026-05-27T13:13:29.958941+00:00
chunk_026e91ad8da5685d,unity_674af5b0582d3408,unity_docs,official_documentation,ScriptReference,,Component,https://docs.unity3d.com/6000.4/Documentation/ScriptReference/Component.html,unity_docs_incremental_260527_002,1,E:/系统/桌面/工作区/本学期/大三下/IT项目管理/大作业/Data/KnowledgeBase/processed_clean/dify_import/unity_docs_chunk_026e91ad8da5685d.md,1727,2026-05-27T13:13:29.960055+00:00
chunk_1c4f98dd725cf98f,unity_674af5b0582d3408,unity_docs,official_documentation,ScriptReference,,Component,https://docs.unity3d.com/6000.4/Documentation/ScriptReference/Component.html,unity_docs_incremental_260527_002,2,E:/系统/桌面/工作区/本学期/大三下/IT项目管理/大作业/Data/KnowledgeBase/processed_clean/dify_import/unity_docs_chunk_1c4f98dd725cf98f.md,1728,2026-05-27T13:13:29.960692+00:00
chunk_976d5ce91de06494,unity_11a4a041e0d6feb9,unity_docs,official_documentation,ScriptReference,,DiscreteEvaluationAttribute,https://docs.unity3d.com/6000.4/Documentation/ScriptReference/Animations.DiscreteEvaluationAttribute.html,unity_docs_incremental_260527_002,1,E:/系统/桌面/工作区/本学期/大三下/IT项目管理/大作业/Data/KnowledgeBase/processed_clean/dify_import/unity_docs_chunk_976d5ce91de06494.md,1204,2026-05-27T13:13:29.961651+00:00
chunk_fbe14a20646d0760,unity_bbb914093cb502b2,unity_docs,official_documentation,ScriptReference,,ObjectReferenceKeyframe,https://docs.unity3d.com/6000.4/Documentation/ScriptReference/ObjectReferenceKeyframe.html,unity_docs_incremental_260527_002,1,E:/系统/桌面/工作区/本学期/大三下/IT项目管理/大作业/Data/KnowledgeBase/processed_clean/dify_import/unity_docs_chunk_fbe14a20646d0760.md,1797,2026-05-27T13:13:29.962802+00:00
chunk_0bd908eeb8ea9544,unity_bbb914093cb502b2,unity_docs,official_documentation,ScriptReference,,ObjectReferenceKeyframe,https://docs.unity3d.com/6000.4/Documentation/ScriptReference/ObjectReferenceKeyframe.html,unity_docs_incremental_260527_002,2,E:/系统/桌面/工作区/本学期/大三下/IT项目管理/大作业/Data/KnowledgeBase/processed_clean/dify_import/unity_docs_chunk_0bd908eeb8ea9544.md,512,2026-05-27T13:13:29.963342+00:00
chunk_04a2a3aac926929a,unity_a8fb9877216a25c5,unity_docs,official_documentation,ScriptReference,,AnimationUtility .SetEditorCurve,https://docs.unity3d.com/6000.4/Documentation/ScriptReference/AnimationUtility.SetEditorCurve.html,unity_docs_incremental_260527_002,1,E:/系统/桌面/工作区/本学期/大三下/IT项目管理/大作业/Data/KnowledgeBase/processed_clean/dify_import/unity_docs_chunk_04a2a3aac926929a.md,1328,2026-05-27T13:13:29.964520+00:00
chunk_95eb4d39df3f0c72,unity_6c2a1e5cd4934e3b,unity_docs,official_documentation,ScriptReference,,AnimationUtility .SetEditorCurves,https://docs.unity3d.com/6000.4/Documentation/ScriptReference/AnimationUtility.SetEditorCurves.html,unity_docs_incremental_260527_002,1,E:/系统/桌面/工作区/本学期/大三下/IT项目管理/大作业/Data/KnowledgeBase/processed_clean/dify_import/unity_docs_chunk_95eb4d39df3f0c72.md,999,2026-05-27T13:13:29.965552+00:00
chunk_239f476e526b1c71,unity_a8411b40dfa91086,unity_docs,official_documentation,ScriptReference,,AnimationCurve,https://docs.unity3d.com/6000.4/Documentation/ScriptReference/AnimationCurve.html,unity_docs_incremental_260527_002,1,E:/系统/桌面/工作区/本学期/大三下/IT项目管理/大作业/Data/KnowledgeBase/processed_clean/dify_import/unity_docs_chunk_239f476e526b1c71.md,1796,2026-05-27T13:13:29.967121+00:00
chunk_aa648e71b006af64,unity_a8411b40dfa91086,unity_docs,official_documentation,ScriptReference,,AnimationCurve,https://docs.unity3d.com/6000.4/Documentation/ScriptReference/AnimationCurve.html,unity_docs_incremental_260527_002,2,E:/系统/桌面/工作区/本学期/大三下/IT项目管理/大作业/Data/KnowledgeBase/processed_clean/dify_import/unity_docs_chunk_aa648e71b006af64.md,1754,2026-05-27T13:13:29.967927+00:00
chunk_2762ca7ddca59b81,unity_a8411b40dfa91086,unity_docs,official_documentation,ScriptReference,,AnimationCurve,https://docs.unity3d.com/6000.4/Documentation/ScriptReference/AnimationCurve.html,unity_docs_incremental_260527_002,3,E:/系统/桌面/工作区/本学期/大三下/IT项目管理/大作业/Data/KnowledgeBase/processed_clean/dify_import/unity_docs_chunk_2762ca7ddca59b81.md,864,2026-05-27T13:13:29.968721+00:00
chunk_b2f59a33c62c3eaa,unity_e4165b1780a8cc77,unity_docs,official_documentation,ScriptReference,,AnimationUtility .SetObjectReferenceCurve,https://docs.unity3d.com/6000.4/Documentation/ScriptReference/AnimationUtility.SetObjectReferenceCurve.html,unity_docs_incremental_260527_002,1,E:/系统/桌面/工作区/本学期/大三下/IT项目管理/大作业/Data/KnowledgeBase/processed_clean/dify_import/unity_docs_chunk_b2f59a33c62c3eaa.md,1103,2026-05-27T13:13:29.969867+00:00
chunk_4ff4cb6028952626,unity_852270636ce87436,unity_docs,official_documentation,ScriptReference,,AnimationUtility .SetObjectReferenceCurves,https://docs.unity3d.com/6000.4/Documentation/ScriptReference/AnimationUtility.SetObjectReferenceCurves.html,unity_docs_incremental_260527_002,1,E:/系统/桌面/工作区/本学期/大三下/IT项目管理/大作业/Data/KnowledgeBase/processed_clean/dify_import/unity_docs_chunk_4ff4cb6028952626.md,1010,2026-05-27T13:13:29.970914+00:00
chunk_3fd19db552a2e4da,unity_05bf25b44b3ba7aa,unity_docs,official_documentation,ScriptReference,,AnimationUtility .GetEditorCurve,https://docs.unity3d.com/6000.4/Documentation/ScriptReference/AnimationUtility.GetEditorCurve.html,unity_docs_incremental_260527_002,1,E:/系统/桌面/工作区/本学期/大三下/IT项目管理/大作业/Data/KnowledgeBase/processed_clean/dify_import/unity_docs_chunk_3fd19db552a2e4da.md,1018,2026-05-27T13:13:29.972106+00:00
chunk_8e67bfe99027e089,unity_e2b4927778c446cf,unity_docs,official_documentation,ScriptReference,,AnimationUtility .GetObjectReferenceCurve,https://docs.unity3d.com/6000.4/Documentation/ScriptReference/AnimationUtility.GetObjectReferenceCurve.html,unity_docs_incremental_260527_002,1,E:/系统/桌面/工作区/本学期/大三下/IT项目管理/大作业/Data/KnowledgeBase/processed_clean/dify_import/unity_docs_chunk_8e67bfe99027e089.md,743,2026-05-27T13:13:29.973513+00:00
chunk_0930a5ea6e9a823e,unity_b5a27a89d6e01ab1,unity_docs,official_documentation,ScriptReference,,AnimationUtility .SetAnimationEvents,https://docs.unity3d.com/6000.4/Documentation/ScriptReference/AnimationUtility.SetAnimationEvents.html,unity_docs_incremental_260527_002,1,E:/系统/桌面/工作区/本学期/大三下/IT项目管理/大作业/Data/KnowledgeBase/processed_clean/dify_import/unity_docs_chunk_0930a5ea6e9a823e.md,415,2026-05-27T13:13:29.974676+00:00
chunk_99bf13d01b6e0b42,unity_9cacd743fbc2b623,unity_docs,official_documentation,ScriptReference,,AnimationEvent,https://docs.unity3d.com/6000.4/Documentation/ScriptReference/AnimationEvent.html,unity_docs_incremental_260527_002,1,E:/系统/桌面/工作区/本学期/大三下/IT项目管理/大作业/Data/KnowledgeBase/processed_clean/dify_import/unity_docs_chunk_99bf13d01b6e0b42.md,1778,2026-05-27T13:13:29.975851+00:00
chunk_b77374c00336e8b9,unity_9cacd743fbc2b623,unity_docs,official_documentation,ScriptReference,,AnimationEvent,https://docs.unity3d.com/6000.4/Documentation/ScriptReference/AnimationEvent.html,unity_docs_incremental_260527_002,2,E:/系统/桌面/工作区/本学期/大三下/IT项目管理/大作业/Data/KnowledgeBase/processed_clean/dify_import/unity_docs_chunk_b77374c00336e8b9.md,1637,2026-05-27T13:13:29.976468+00:00
chunk_38ea148c2ec3f5f2,unity_c96dff0651932f79,unity_docs,official_documentation,ScriptReference,,AnimationUtility .GetAnimationEvents,https://docs.unity3d.com/6000.4/Documentation/ScriptReference/AnimationUtility.GetAnimationEvents.html,unity_docs_incremental_260527_002,1,E:/系统/桌面/工作区/本学期/大三下/IT项目管理/大作业/Data/KnowledgeBase/processed_clean/dify_import/unity_docs_chunk_38ea148c2ec3f5f2.md,411,2026-05-27T13:13:29.977693+00:00
chunk_0472f2106d2fecff,unity_456e88166d8d6bf7,unity_docs,official_documentation,ScriptReference,,RequireComponent,https://docs.unity3d.com/6000.4/Documentation/ScriptReference/RequireComponent.html,unity_docs_incremental_260527_002,1,E:/系统/桌面/工作区/本学期/大三下/IT项目管理/大作业/Data/KnowledgeBase/processed_clean/dify_import/unity_docs_chunk_0472f2106d2fecff.md,1374,2026-05-27T13:13:29.978767+00:00
chunk_4e26e6f487b19a70,unity_6d687ae5d75ea8d1,unity_docs,official_documentation,ScriptReference,,AnimationCurve .Linear,https://docs.unity3d.com/6000.4/Documentation/ScriptReference/AnimationCurve.Linear.html,unity_docs_incremental_260527_002,1,E:/系统/桌面/工作区/本学期/大三下/IT项目管理/大作业/Data/KnowledgeBase/processed_clean/dify_import/unity_docs_chunk_4e26e6f487b19a70.md,746,2026-05-27T13:13:29.979764+00:00
chunk_3286571b30690df5,unity_8026c9463feea65e,unity_docs,official_documentation,ScriptReference,,Pose,https://docs.unity3d.com/6000.4/Documentation/ScriptReference/Pose.html,unity_docs_incremental_260527_002,1,E:/系统/桌面/工作区/本学期/大三下/IT项目管理/大作业/Data/KnowledgeBase/processed_clean/dify_import/unity_docs_chunk_3286571b30690df5.md,1120,2026-05-27T13:13:29.981092+00:00
chunk_193e53504606e722,unity_9fc64dfd7e229df7,unity_docs,official_documentation,ScriptReference,,Selection .activeGameObject,https://docs.unity3d.com/6000.4/Documentation/ScriptReference/Selection-activeGameObject.html,unity_docs_incremental_260527_002,1,E:/系统/桌面/工作区/本学期/大三下/IT项目管理/大作业/Data/KnowledgeBase/processed_clean/dify_import/unity_docs_chunk_193e53504606e722.md,1342,2026-05-27T13:13:29.982434+00:00
chunk_8ee51f4fa32bf850,unity_1822d83e5917d40a,unity_docs,official_documentation,ScriptReference,,EditorCurveBinding,https://docs.unity3d.com/6000.4/Documentation/ScriptReference/EditorCurveBinding.html,unity_docs_incremental_260527_002,1,E:/系统/桌面/工作区/本学期/大三下/IT项目管理/大作业/Data/KnowledgeBase/processed_clean/dify_import/unity_docs_chunk_8ee51f4fa32bf850.md,1796,2026-05-27T13:13:29.983902+00:00
chunk_433d75043a920153,unity_1822d83e5917d40a,unity_docs,official_documentation,ScriptReference,,EditorCurveBinding,https://docs.unity3d.com/6000.4/Documentation/ScriptReference/EditorCurveBinding.html,unity_docs_incremental_260527_002,2,E:/系统/桌面/工作区/本学期/大三下/IT项目管理/大作业/Data/KnowledgeBase/processed_clean/dify_import/unity_docs_chunk_433d75043a920153.md,1798,2026-05-27T13:13:29.984488+00:00
chunk_191582666341add4,unity_1822d83e5917d40a,unity_docs,official_documentation,ScriptReference,,EditorCurveBinding,https://docs.unity3d.com/6000.4/Documentation/ScriptReference/EditorCurveBinding.html,unity_docs_incremental_260527_002,3,E:/系统/桌面/工作区/本学期/大三下/IT项目管理/大作业/Data/KnowledgeBase/processed_clean/dify_import/unity_docs_chunk_191582666341add4.md,404,2026-05-27T13:13:29.985081+00:00
chunk_bb732ed45253845b,unity_65ee5b05786d690f,unity_docs,official_documentation,ScriptReference,,AnimationUtility .CalculateTransformPath,https://docs.unity3d.com/6000.4/Documentation/ScriptReference/AnimationUtility.CalculateTransformPath.html,unity_docs_incremental_260527_002,1,E:/系统/桌面/工作区/本学期/大三下/IT项目管理/大作业/Data/KnowledgeBase/processed_clean/dify_import/unity_docs_chunk_bb732ed45253845b.md,729,2026-05-27T13:13:29.986386+00:00
chunk_ed1fa69d2bfdb3ac,unity_22c7c71e0bee0d35,unity_docs,official_documentation,ScriptReference,,EditorCurveBinding .FloatCurve,https://docs.unity3d.com/6000.4/Documentation/ScriptReference/EditorCurveBinding.FloatCurve.html,unity_docs_incremental_260527_002,1,E:/系统/桌面/工作区/本学期/大三下/IT项目管理/大作业/Data/KnowledgeBase/processed_clean/dify_import/unity_docs_chunk_ed1fa69d2bfdb3ac.md,818,2026-05-27T13:13:29.987973+00:00
chunk_a7f9015bf860277d,unity_2e8d9989a6a86c67,unity_docs,official_documentation,ScriptReference,,AnimationCurve .Constant,https://docs.unity3d.com/6000.4/Documentation/ScriptReference/AnimationCurve.Constant.html,unity_docs_incremental_260527_002,1,E:/系统/桌面/工作区/本学期/大三下/IT项目管理/大作业/Data/KnowledgeBase/processed_clean/dify_import/unity_docs_chunk_a7f9015bf860277d.md,691,2026-05-27T13:13:29.989663+00:00
chunk_67bff3b41ebc2a61,unity_925abf346f6762c4,unity_docs,official_documentation,ScriptReference,,AssetDatabase .CreateAsset,https://docs.unity3d.com/6000.4/Documentation/ScriptReference/AssetDatabase.CreateAsset.html,unity_docs_incremental_260527_002,1,E:/系统/桌面/工作区/本学期/大三下/IT项目管理/大作业/Data/KnowledgeBase/processed_clean/dify_import/unity_docs_chunk_67bff3b41ebc2a61.md,1782,2026-05-27T13:13:29.991300+00:00
chunk_6e49fa721252f002,unity_925abf346f6762c4,unity_docs,official_documentation,ScriptReference,,AssetDatabase .CreateAsset,https://docs.unity3d.com/6000.4/Documentation/ScriptReference/AssetDatabase.CreateAsset.html,unity_docs_incremental_260527_002,2,E:/系统/桌面/工作区/本学期/大三下/IT项目管理/大作业/Data/KnowledgeBase/processed_clean/dify_import/unity_docs_chunk_6e49fa721252f002.md,793,2026-05-27T13:13:29.992206+00:00
chunk_4c72a90e3a6e723d,unity_612553d96bb49967,unity_docs,official_documentation,ScriptReference,,AssetDatabase .GenerateUniqueAssetPath,https://docs.unity3d.com/6000.4/Documentation/ScriptReference/AssetDatabase.GenerateUniqueAssetPath.html,unity_docs_incremental_260527_002,1,E:/系统/桌面/工作区/本学期/大三下/IT项目管理/大作业/Data/KnowledgeBase/processed_clean/dify_import/unity_docs_chunk_4c72a90e3a6e723d.md,1768,2026-05-27T13:13:29.993586+00:00
chunk_f830be3916a9bda1,unity_612553d96bb49967,unity_docs,official_documentation,ScriptReference,,AssetDatabase .GenerateUniqueAssetPath,https://docs.unity3d.com/6000.4/Documentation/ScriptReference/AssetDatabase.GenerateUniqueAssetPath.html,unity_docs_incremental_260527_002,2,E:/系统/桌面/工作区/本学期/大三下/IT项目管理/大作业/Data/KnowledgeBase/processed_clean/dify_import/unity_docs_chunk_f830be3916a9bda1.md,341,2026-05-27T13:13:29.994516+00:00
chunk_d57559cae210ecf3,unity_3335fd3d452b3a8c,unity_docs,official_documentation,ScriptReference,,Selection .GetFiltered,https://docs.unity3d.com/6000.4/Documentation/ScriptReference/Selection.GetFiltered.html,unity_docs_incremental_260527_002,1,E:/系统/桌面/工作区/本学期/大三下/IT项目管理/大作业/Data/KnowledgeBase/processed_clean/dify_import/unity_docs_chunk_d57559cae210ecf3.md,1287,2026-05-27T13:13:29.995684+00:00
chunk_6dee943550850512,unity_9ae00216b92ea227,unity_docs,official_documentation,ScriptReference,,EditorCurveBinding .PPtrCurve,https://docs.unity3d.com/6000.4/Documentation/ScriptReference/EditorCurveBinding.PPtrCurve.html,unity_docs_incremental_260527_002,1,E:/系统/桌面/工作区/本学期/大三下/IT项目管理/大作业/Data/KnowledgeBase/processed_clean/dify_import/unity_docs_chunk_6dee943550850512.md,845,2026-05-27T13:13:29.996767+00:00
chunk_df999fc113722631,unity_d921adaa3a14888d,unity_docs,official_documentation,ScriptReference,,SpriteRenderer,https://docs.unity3d.com/6000.4/Documentation/ScriptReference/SpriteRenderer.html,unity_docs_incremental_260527_002,1,E:/系统/桌面/工作区/本学期/大三下/IT项目管理/大作业/Data/KnowledgeBase/processed_clean/dify_import/unity_docs_chunk_df999fc113722631.md,1768,2026-05-27T13:13:29.998206+00:00
chunk_5dfe25c0544f84f0,unity_d921adaa3a14888d,unity_docs,official_documentation,ScriptReference,,SpriteRenderer,https://docs.unity3d.com/6000.4/Documentation/ScriptReference/SpriteRenderer.html,unity_docs_incremental_260527_002,2,E:/系统/桌面/工作区/本学期/大三下/IT项目管理/大作业/Data/KnowledgeBase/processed_clean/dify_import/unity_docs_chunk_5dfe25c0544f84f0.md,1766,2026-05-27T13:13:29.998822+00:00
chunk_161329b3ca71f6aa,unity_d921adaa3a14888d,unity_docs,official_documentation,ScriptReference,,SpriteRenderer,https://docs.unity3d.com/6000.4/Documentation/ScriptReference/SpriteRenderer.html,unity_docs_incremental_260527_002,3,E:/系统/桌面/工作区/本学期/大三下/IT项目管理/大作业/Data/KnowledgeBase/processed_clean/dify_import/unity_docs_chunk_161329b3ca71f6aa.md,1783,2026-05-27T13:13:29.999331+00:00
chunk_5b0d4b9598536eec,unity_d921adaa3a14888d,unity_docs,official_documentation,ScriptReference,,SpriteRenderer,https://docs.unity3d.com/6000.4/Documentation/ScriptReference/SpriteRenderer.html,unity_docs_incremental_260527_002,4,E:/系统/桌面/工作区/本学期/大三下/IT项目管理/大作业/Data/KnowledgeBase/processed_clean/dify_import/unity_docs_chunk_5b0d4b9598536eec.md,1720,2026-05-27T13:13:30.000049+00:00
chunk_81ee7cc011875d99,unity_d921adaa3a14888d,unity_docs,official_documentation,ScriptReference,,SpriteRenderer,https://docs.unity3d.com/6000.4/Documentation/ScriptReference/SpriteRenderer.html,unity_docs_incremental_260527_002,5,E:/系统/桌面/工作区/本学期/大三下/IT项目管理/大作业/Data/KnowledgeBase/processed_clean/dify_import/unity_docs_chunk_81ee7cc011875d99.md,1798,2026-05-27T13:13:30.000569+00:00
chunk_6e6f184db90a35b1,unity_d921adaa3a14888d,unity_docs,official_documentation,ScriptReference,,SpriteRenderer,https://docs.unity3d.com/6000.4/Documentation/ScriptReference/SpriteRenderer.html,unity_docs_incremental_260527_002,6,E:/系统/桌面/工作区/本学期/大三下/IT项目管理/大作业/Data/KnowledgeBase/processed_clean/dify_import/unity_docs_chunk_6e6f184db90a35b1.md,721,2026-05-27T13:13:30.000997+00:00
chunk_2c263ddd1370b040,unity_91df49715e27ce55,unity_docs,official_documentation,ScriptReference,,AnimationClip .empty,https://docs.unity3d.com/6000.4/Documentation/ScriptReference/AnimationClip-empty.html,unity_docs_incremental_260527_002,1,E:/系统/桌面/工作区/本学期/大三下/IT项目管理/大作业/Data/KnowledgeBase/processed_clean/dify_import/unity_docs_chunk_2c263ddd1370b040.md,309,2026-05-27T13:13:30.002291+00:00
chunk_89f0879e285e2d38,unity_3d0a2d42fd1e9473,unity_docs,official_documentation,ScriptReference,,AnimationClip .events,https://docs.unity3d.com/6000.4/Documentation/ScriptReference/AnimationClip-events.html,unity_docs_incremental_260527_002,1,E:/系统/桌面/工作区/本学期/大三下/IT项目管理/大作业/Data/KnowledgeBase/processed_clean/dify_import/unity_docs_chunk_89f0879e285e2d38.md,557,2026-05-27T13:13:30.003491+00:00
chunk_bb84c6160f972919,unity_7f3062787eae0b27,unity_docs,official_documentation,ScriptReference,,AnimationClip .frameRate,https://docs.unity3d.com/6000.4/Documentation/ScriptReference/AnimationClip-frameRate.html,unity_docs_incremental_260527_002,1,E:/系统/桌面/工作区/本学期/大三下/IT项目管理/大作业/Data/KnowledgeBase/processed_clean/dify_import/unity_docs_chunk_bb84c6160f972919.md,688,2026-05-27T13:13:30.004712+00:00
chunk_353f3516796e330a,unity_baa6f5c5a47ac254,unity_docs,official_documentation,ScriptReference,,AnimationClip .hasGenericRootTransform,https://docs.unity3d.com/6000.4/Documentation/ScriptReference/AnimationClip-hasGenericRootTransform.html,unity_docs_incremental_260527_002,1,E:/系统/桌面/工作区/本学期/大三下/IT项目管理/大作业/Data/KnowledgeBase/processed_clean/dify_import/unity_docs_chunk_353f3516796e330a.md,384,2026-05-27T13:13:30.005687+00:00
chunk_7813e39f44c847af,unity_a9872fa05e727d69,unity_docs,official_documentation,ScriptReference,,AnimationClip .hasMotionCurves,https://docs.unity3d.com/6000.4/Documentation/ScriptReference/AnimationClip-hasMotionCurves.html,unity_docs_incremental_260527_002,1,E:/系统/桌面/工作区/本学期/大三下/IT项目管理/大作业/Data/KnowledgeBase/processed_clean/dify_import/unity_docs_chunk_7813e39f44c847af.md,343,2026-05-27T13:13:30.006733+00:00
chunk_a6263a0b24f6cbba,unity_d692d6f6c1e461e0,unity_docs,official_documentation,ScriptReference,,AnimationClip .hasMotionFloatCurves,https://docs.unity3d.com/6000.4/Documentation/ScriptReference/AnimationClip-hasMotionFloatCurves.html,unity_docs_incremental_260527_002,1,E:/系统/桌面/工作区/本学期/大三下/IT项目管理/大作业/Data/KnowledgeBase/processed_clean/dify_import/unity_docs_chunk_a6263a0b24f6cbba.md,378,2026-05-27T13:13:30.007841+00:00
chunk_712211649d27d5dd,unity_a1817b92e771908a,unity_docs,official_documentation,ScriptReference,,AnimationClip .hasRootCurves,https://docs.unity3d.com/6000.4/Documentation/ScriptReference/AnimationClip-hasRootCurves.html,unity_docs_incremental_260527_002,1,E:/系统/桌面/工作区/本学期/大三下/IT项目管理/大作业/Data/KnowledgeBase/processed_clean/dify_import/unity_docs_chunk_712211649d27d5dd.md,328,2026-05-27T13:13:30.009095+00:00
chunk_dfb3b62a22d16c4a,unity_e9a874fabd84313e,unity_docs,official_documentation,ScriptReference,,AnimationClip .humanMotion,https://docs.unity3d.com/6000.4/Documentation/ScriptReference/AnimationClip-humanMotion.html,unity_docs_incremental_260527_002,1,E:/系统/桌面/工作区/本学期/大三下/IT项目管理/大作业/Data/KnowledgeBase/processed_clean/dify_import/unity_docs_chunk_dfb3b62a22d16c4a.md,342,2026-05-27T13:13:30.010153+00:00
chunk_6cf8388cd3864311,unity_33c4931d2adb92e2,unity_docs,official_documentation,ScriptReference,,AnimationClip .legacy,https://docs.unity3d.com/6000.4/Documentation/ScriptReference/AnimationClip-legacy.html,unity_docs_incremental_260527_002,1,E:/系统/桌面/工作区/本学期/大三下/IT项目管理/大作业/Data/KnowledgeBase/processed_clean/dify_import/unity_docs_chunk_6cf8388cd3864311.md,1264,2026-05-27T13:13:30.011212+00:00
chunk_0a2fb938dc96fe59,unity_221b2dd4306e31d5,unity_docs,official_documentation,ScriptReference,,AnimationClip .localBounds,https://docs.unity3d.com/6000.4/Documentation/ScriptReference/AnimationClip-localBounds.html,unity_docs_incremental_260527_002,1,E:/系统/桌面/工作区/本学期/大三下/IT项目管理/大作业/Data/KnowledgeBase/processed_clean/dify_import/unity_docs_chunk_0a2fb938dc96fe59.md,709,2026-05-27T13:13:30.012376+00:00
chunk_ab98487175edc7cd,unity_b411e46ef7371194,unity_docs,official_documentation,ScriptReference,,AnimationClip .wrapMode,https://docs.unity3d.com/6000.4/Documentation/ScriptReference/AnimationClip-wrapMode.html,unity_docs_incremental_260527_002,1,E:/系统/桌面/工作区/本学期/大三下/IT项目管理/大作业/Data/KnowledgeBase/processed_clean/dify_import/unity_docs_chunk_ab98487175edc7cd.md,356,2026-05-27T13:13:30.013387+00:00
chunk_cc8fe0860e7005f4,unity_e3081c0fa2e517bf,unity_docs,official_documentation,ScriptReference,,AnimationClip Constructor,https://docs.unity3d.com/6000.4/Documentation/ScriptReference/AnimationClip-ctor.html,unity_docs_incremental_260527_002,1,E:/系统/桌面/工作区/本学期/大三下/IT项目管理/大作业/Data/KnowledgeBase/processed_clean/dify_import/unity_docs_chunk_cc8fe0860e7005f4.md,301,2026-05-27T13:13:30.014375+00:00
chunk_b26f4d1bf6845909,unity_1ae6a9aecbec1a02,unity_docs,official_documentation,ScriptReference,,AnimationClip .AddEvent,https://docs.unity3d.com/6000.4/Documentation/ScriptReference/AnimationClip.AddEvent.html,unity_docs_incremental_260527_002,1,E:/系统/桌面/工作区/本学期/大三下/IT项目管理/大作业/Data/KnowledgeBase/processed_clean/dify_import/unity_docs_chunk_b26f4d1bf6845909.md,681,2026-05-27T13:13:30.015684+00:00
chunk_4f414d4cea7d6f91,unity_867d2b69415c77dd,unity_docs,official_documentation,ScriptReference,,AnimationClip .ClearCurves,https://docs.unity3d.com/6000.4/Documentation/ScriptReference/AnimationClip.ClearCurves.html,unity_docs_incremental_260527_002,1,E:/系统/桌面/工作区/本学期/大三下/IT项目管理/大作业/Data/KnowledgeBase/processed_clean/dify_import/unity_docs_chunk_4f414d4cea7d6f91.md,385,2026-05-27T13:13:30.016777+00:00
chunk_0c6c557b848008ae,unity_35b5e53c618fe036,unity_docs,official_documentation,ScriptReference,,AnimationClip .EnsureQuaternionContinuity,https://docs.unity3d.com/6000.4/Documentation/ScriptReference/AnimationClip.EnsureQuaternionContinuity.html,unity_docs_incremental_260527_002,1,E:/系统/桌面/工作区/本学期/大三下/IT项目管理/大作业/Data/KnowledgeBase/processed_clean/dify_import/unity_docs_chunk_0c6c557b848008ae.md,543,2026-05-27T13:13:30.017540+00:00
chunk_0de3cc092b6169c2,unity_95427c02fe594be2,unity_docs,official_documentation,ScriptReference,,AnimationClip .SampleAnimation,https://docs.unity3d.com/6000.4/Documentation/ScriptReference/AnimationClip.SampleAnimation.html,unity_docs_incremental_260527_002,1,E:/系统/桌面/工作区/本学期/大三下/IT项目管理/大作业/Data/KnowledgeBase/processed_clean/dify_import/unity_docs_chunk_0de3cc092b6169c2.md,954,2026-05-27T13:13:30.018342+00:00
chunk_cc50ee2b9681a60e,unity_1ca86e6116165cb0,unity_docs,official_documentation,ScriptReference,,AnimationClip .SetCurve,https://docs.unity3d.com/6000.4/Documentation/ScriptReference/AnimationClip.SetCurve.html,unity_docs_incremental_260527_002,1,E:/系统/桌面/工作区/本学期/大三下/IT项目管理/大作业/Data/KnowledgeBase/processed_clean/dify_import/unity_docs_chunk_cc50ee2b9681a60e.md,1769,2026-05-27T13:13:30.019755+00:00
chunk_2e85949329a93869,unity_1ca86e6116165cb0,unity_docs,official_documentation,ScriptReference,,AnimationClip .SetCurve,https://docs.unity3d.com/6000.4/Documentation/ScriptReference/AnimationClip.SetCurve.html,unity_docs_incremental_260527_002,2,E:/系统/桌面/工作区/本学期/大三下/IT项目管理/大作业/Data/KnowledgeBase/processed_clean/dify_import/unity_docs_chunk_2e85949329a93869.md,1747,2026-05-27T13:13:30.020566+00:00
chunk_1e335de06010777a,unity_1ca86e6116165cb0,unity_docs,official_documentation,ScriptReference,,AnimationClip .SetCurve,https://docs.unity3d.com/6000.4/Documentation/ScriptReference/AnimationClip.SetCurve.html,unity_docs_incremental_260527_002,3,E:/系统/桌面/工作区/本学期/大三下/IT项目管理/大作业/Data/KnowledgeBase/processed_clean/dify_import/unity_docs_chunk_1e335de06010777a.md,1223,2026-05-27T13:13:30.021164+00:00
chunk_80b5708bfd19fb7e,unity_b0910b15a06af0e6,unity_docs,official_documentation,ScriptReference,,Object .hideFlags,https://docs.unity3d.com/6000.4/Documentation/ScriptReference/Object-hideFlags.html,unity_docs_incremental_260527_002,1,E:/系统/桌面/工作区/本学期/大三下/IT项目管理/大作业/Data/KnowledgeBase/processed_clean/dify_import/unity_docs_chunk_80b5708bfd19fb7e.md,1051,2026-05-27T13:13:30.022506+00:00
chunk_2f2fd7e1d52b5080,unity_2366fdbf677f46ed,unity_docs,official_documentation,ScriptReference,,Object .name,https://docs.unity3d.com/6000.4/Documentation/ScriptReference/Object-name.html,unity_docs_incremental_260527_002,1,E:/系统/桌面/工作区/本学期/大三下/IT项目管理/大作业/Data/KnowledgeBase/processed_clean/dify_import/unity_docs_chunk_2f2fd7e1d52b5080.md,1105,2026-05-27T13:13:30.023928+00:00
chunk_80498f8ad20bf9e1,unity_691e59a65d7c6f8e,unity_docs,official_documentation,ScriptReference,,Object .GetEntityId,https://docs.unity3d.com/6000.4/Documentation/ScriptReference/Object.GetEntityId.html,unity_docs_incremental_260527_002,1,E:/系统/桌面/工作区/本学期/大三下/IT项目管理/大作业/Data/KnowledgeBase/processed_clean/dify_import/unity_docs_chunk_80498f8ad20bf9e1.md,512,2026-05-27T13:13:30.025220+00:00
chunk_19daa8e3d69c50b4,unity_bea6a7d8746318fc,unity_docs,official_documentation,ScriptReference,,Object .ToString,https://docs.unity3d.com/6000.4/Documentation/ScriptReference/Object.ToString.html,unity_docs_incremental_260527_002,1,E:/系统/桌面/工作区/本学期/大三下/IT项目管理/大作业/Data/KnowledgeBase/processed_clean/dify_import/unity_docs_chunk_19daa8e3d69c50b4.md,876,2026-05-27T13:13:30.026328+00:00
chunk_218acd155e6a1383,unity_80c6c7ed0aa907fe,unity_docs,official_documentation,ScriptReference,,Object .DestroyImmediate,https://docs.unity3d.com/6000.4/Documentation/ScriptReference/Object.DestroyImmediate.html,unity_docs_incremental_260527_002,1,E:/系统/桌面/工作区/本学期/大三下/IT项目管理/大作业/Data/KnowledgeBase/processed_clean/dify_import/unity_docs_chunk_218acd155e6a1383.md,1796,2026-05-27T13:13:30.027674+00:00
chunk_1e8f7db6237ea5f1,unity_80c6c7ed0aa907fe,unity_docs,official_documentation,ScriptReference,,Object .DestroyImmediate,https://docs.unity3d.com/6000.4/Documentation/ScriptReference/Object.DestroyImmediate.html,unity_docs_incremental_260527_002,2,E:/系统/桌面/工作区/本学期/大三下/IT项目管理/大作业/Data/KnowledgeBase/processed_clean/dify_import/unity_docs_chunk_1e8f7db6237ea5f1.md,576,2026-05-27T13:13:30.028287+00:00
chunk_2257ff1b599abdee,unity_d70030423cf6e2f3,unity_docs,official_documentation,ScriptReference,,Object .DontDestroyOnLoad,https://docs.unity3d.com/6000.4/Documentation/ScriptReference/Object.DontDestroyOnLoad.html,unity_docs_incremental_260527_002,1,E:/系统/桌面/工作区/本学期/大三下/IT项目管理/大作业/Data/KnowledgeBase/processed_clean/dify_import/unity_docs_chunk_2257ff1b599abdee.md,1800,2026-05-27T13:13:30.030112+00:00
chunk_cedd119cdf7c5347,unity_d70030423cf6e2f3,unity_docs,official_documentation,ScriptReference,,Object .DontDestroyOnLoad,https://docs.unity3d.com/6000.4/Documentation/ScriptReference/Object.DontDestroyOnLoad.html,unity_docs_incremental_260527_002,2,E:/系统/桌面/工作区/本学期/大三下/IT项目管理/大作业/Data/KnowledgeBase/processed_clean/dify_import/unity_docs_chunk_cedd119cdf7c5347.md,1798,2026-05-27T13:13:30.030708+00:00
chunk_cc262763df8f5f40,unity_5c2158dbf62fd45c,unity_docs,official_documentation,ScriptReference,,Object .InstantiateAsync,https://docs.unity3d.com/6000.4/Documentation/ScriptReference/Object.InstantiateAsync.html,unity_docs_incremental_260527_002,1,E:/系统/桌面/工作区/本学期/大三下/IT项目管理/大作业/Data/KnowledgeBase/processed_clean/dify_import/unity_docs_chunk_cc262763df8f5f40.md,1791,2026-05-27T13:13:30.032026+00:00
chunk_4ecaa36c4a00847e,unity_5c2158dbf62fd45c,unity_docs,official_documentation,ScriptReference,,Object .InstantiateAsync,https://docs.unity3d.com/6000.4/Documentation/ScriptReference/Object.InstantiateAsync.html,unity_docs_incremental_260527_002,2,E:/系统/桌面/工作区/本学期/大三下/IT项目管理/大作业/Data/KnowledgeBase/processed_clean/dify_import/unity_docs_chunk_4ecaa36c4a00847e.md,1750,2026-05-27T13:13:30.032631+00:00
chunk_a84219089ae1af9c,unity_5c2158dbf62fd45c,unity_docs,official_documentation,ScriptReference,,Object .InstantiateAsync,https://docs.unity3d.com/6000.4/Documentation/ScriptReference/Object.InstantiateAsync.html,unity_docs_incremental_260527_002,3,E:/系统/桌面/工作区/本学期/大三下/IT项目管理/大作业/Data/KnowledgeBase/processed_clean/dify_import/unity_docs_chunk_a84219089ae1af9c.md,776,2026-05-27T13:13:30.033429+00:00
chunk_c322a9e54bc52dfa,unity_f39d67ab41517645,unity_docs,official_documentation,ScriptReference,,Object .bool,https://docs.unity3d.com/6000.4/Documentation/ScriptReference/Object-operator_Object.html,unity_docs_incremental_260527_002,1,E:/系统/桌面/工作区/本学期/大三下/IT项目管理/大作业/Data/KnowledgeBase/processed_clean/dify_import/unity_docs_chunk_c322a9e54bc52dfa.md,1144,2026-05-27T13:13:30.034605+00:00
chunk_40c7aac796d20fb2,unity_a59bde1fb0a205b2,unity_docs,official_documentation,ScriptReference,,Object .operator !=,https://docs.unity3d.com/6000.4/Documentation/ScriptReference/Object-operator_ne.html,unity_docs_incremental_260527_002,1,E:/系统/桌面/工作区/本学期/大三下/IT项目管理/大作业/Data/KnowledgeBase/processed_clean/dify_import/unity_docs_chunk_40c7aac796d20fb2.md,593,2026-05-27T13:13:30.035677+00:00
chunk_bd83c619b0f1a4d2,unity_1703e5983d285aa1,unity_docs,official_documentation,ScriptReference,,Object .operator ==,https://docs.unity3d.com/6000.4/Documentation/ScriptReference/Object-operator_eq.html,unity_docs_incremental_260527_002,1,E:/系统/桌面/工作区/本学期/大三下/IT项目管理/大作业/Data/KnowledgeBase/processed_clean/dify_import/unity_docs_chunk_bd83c619b0f1a4d2.md,1468,2026-05-27T13:13:30.037633+00:00
chunk_4dec742cbed2e835,unity_9185a2c11f8c69fb,unity_docs,official_documentation,ScriptReference,,ModelImporter,https://docs.unity3d.com/6000.4/Documentation/ScriptReference/ModelImporter.html,unity_docs_incremental_260527_002,1,E:/系统/桌面/工作区/本学期/大三下/IT项目管理/大作业/Data/KnowledgeBase/processed_clean/dify_import/unity_docs_chunk_4dec742cbed2e835.md,1758,2026-05-27T13:13:30.039401+00:00
chunk_3942695de4d7ca80,unity_9185a2c11f8c69fb,unity_docs,official_documentation,ScriptReference,,ModelImporter,https://docs.unity3d.com/6000.4/Documentation/ScriptReference/ModelImporter.html,unity_docs_incremental_260527_002,2,E:/系统/桌面/工作区/本学期/大三下/IT项目管理/大作业/Data/KnowledgeBase/processed_clean/dify_import/unity_docs_chunk_3942695de4d7ca80.md,1769,2026-05-27T13:13:30.040634+00:00
chunk_ed399d755db1c642,unity_9185a2c11f8c69fb,unity_docs,official_documentation,ScriptReference,,ModelImporter,https://docs.unity3d.com/6000.4/Documentation/ScriptReference/ModelImporter.html,unity_docs_incremental_260527_002,3,E:/系统/桌面/工作区/本学期/大三下/IT项目管理/大作业/Data/KnowledgeBase/processed_clean/dify_import/unity_docs_chunk_ed399d755db1c642.md,1715,2026-05-27T13:13:30.041133+00:00
chunk_b683c175bb5eb46c,unity_9185a2c11f8c69fb,unity_docs,official_documentation,ScriptReference,,ModelImporter,https://docs.unity3d.com/6000.4/Documentation/ScriptReference/ModelImporter.html,unity_docs_incremental_260527_002,4,E:/系统/桌面/工作区/本学期/大三下/IT项目管理/大作业/Data/KnowledgeBase/processed_clean/dify_import/unity_docs_chunk_b683c175bb5eb46c.md,1792,2026-05-27T13:13:30.041543+00:00
chunk_5bf9864c494901ee,unity_9185a2c11f8c69fb,unity_docs,official_documentation,ScriptReference,,ModelImporter,https://docs.unity3d.com/6000.4/Documentation/ScriptReference/ModelImporter.html,unity_docs_incremental_260527_002,5,E:/系统/桌面/工作区/本学期/大三下/IT项目管理/大作业/Data/KnowledgeBase/processed_clean/dify_import/unity_docs_chunk_5bf9864c494901ee.md,1792,2026-05-27T13:13:30.042215+00:00
chunk_8e38b1d8e06e5813,unity_9185a2c11f8c69fb,unity_docs,official_documentation,ScriptReference,,ModelImporter,https://docs.unity3d.com/6000.4/Documentation/ScriptReference/ModelImporter.html,unity_docs_incremental_260527_002,6,E:/系统/桌面/工作区/本学期/大三下/IT项目管理/大作业/Data/KnowledgeBase/processed_clean/dify_import/unity_docs_chunk_8e38b1d8e06e5813.md,1642,2026-05-27T13:13:30.042698+00:00
chunk_c1b2194a8b6485d8,unity_bef2582b59df9784,unity_docs,official_documentation,ScriptReference,,AssetPostprocessor,https://docs.unity3d.com/6000.4/Documentation/ScriptReference/AssetPostprocessor.html,unity_docs_incremental_260527_002,1,E:/系统/桌面/工作区/本学期/大三下/IT项目管理/大作业/Data/KnowledgeBase/processed_clean/dify_import/unity_docs_chunk_c1b2194a8b6485d8.md,1771,2026-05-27T13:13:30.044349+00:00
chunk_82e6345bbd832cd8,unity_bef2582b59df9784,unity_docs,official_documentation,ScriptReference,,AssetPostprocessor,https://docs.unity3d.com/6000.4/Documentation/ScriptReference/AssetPostprocessor.html,unity_docs_incremental_260527_002,2,E:/系统/桌面/工作区/本学期/大三下/IT项目管理/大作业/Data/KnowledgeBase/processed_clean/dify_import/unity_docs_chunk_82e6345bbd832cd8.md,1778,2026-05-27T13:13:30.044904+00:00
chunk_cfe114c9c0bc05e0,unity_bef2582b59df9784,unity_docs,official_documentation,ScriptReference,,AssetPostprocessor,https://docs.unity3d.com/6000.4/Documentation/ScriptReference/AssetPostprocessor.html,unity_docs_incremental_260527_002,3,E:/系统/桌面/工作区/本学期/大三下/IT项目管理/大作业/Data/KnowledgeBase/processed_clean/dify_import/unity_docs_chunk_cfe114c9c0bc05e0.md,1725,2026-05-27T13:13:30.045556+00:00
chunk_665c8ccbe66214ae,unity_bef2582b59df9784,unity_docs,official_documentation,ScriptReference,,AssetPostprocessor,https://docs.unity3d.com/6000.4/Documentation/ScriptReference/AssetPostprocessor.html,unity_docs_incremental_260527_002,4,E:/系统/桌面/工作区/本学期/大三下/IT项目管理/大作业/Data/KnowledgeBase/processed_clean/dify_import/unity_docs_chunk_665c8ccbe66214ae.md,358,2026-05-27T13:13:30.046066+00:00
chunk_297fd72eb1d53887,unity_ccc613ec47e40b69,unity_docs,official_documentation,ScriptReference,,System,https://docs.unity3d.com/6000.4/Documentation/ScriptReference/Rendering.VirtualTexturing.System.html,unity_docs_incremental_260527_002,1,E:/系统/桌面/工作区/本学期/大三下/IT项目管理/大作业/Data/KnowledgeBase/processed_clean/dify_import/unity_docs_chunk_297fd72eb1d53887.md,573,2026-05-27T13:13:30.046984+00:00
chunk_018600c7eb2ac389,unity_3d8624753bb6b97e,unity_docs,official_documentation,ScriptReference,,Camera .main,https://docs.unity3d.com/6000.4/Documentation/ScriptReference/Camera-main.html,unity_docs_incremental_260527_002,1,E:/系统/桌面/工作区/本学期/大三下/IT项目管理/大作业/Data/KnowledgeBase/processed_clean/dify_import/unity_docs_chunk_018600c7eb2ac389.md,1775,2026-05-27T13:13:30.048078+00:00
chunk_29691d5cd6bcbc9e,unity_3d8624753bb6b97e,unity_docs,official_documentation,ScriptReference,,Camera .main,https://docs.unity3d.com/6000.4/Documentation/ScriptReference/Camera-main.html,unity_docs_incremental_260527_002,2,E:/系统/桌面/工作区/本学期/大三下/IT项目管理/大作业/Data/KnowledgeBase/processed_clean/dify_import/unity_docs_chunk_29691d5cd6bcbc9e.md,300,2026-05-27T13:13:30.048761+00:00
chunk_28f2ec8d9c016b81,unity_54bb84575f8db865,unity_docs,official_documentation,ScriptReference,,BuildTarget,https://docs.unity3d.com/6000.4/Documentation/ScriptReference/BuildTarget.html,unity_docs_incremental_260527_002,1,E:/系统/桌面/工作区/本学期/大三下/IT项目管理/大作业/Data/KnowledgeBase/processed_clean/dify_import/unity_docs_chunk_28f2ec8d9c016b81.md,1710,2026-05-27T13:13:30.050223+00:00
chunk_0d40e2219eb33213,unity_54bb84575f8db865,unity_docs,official_documentation,ScriptReference,,BuildTarget,https://docs.unity3d.com/6000.4/Documentation/ScriptReference/BuildTarget.html,unity_docs_incremental_260527_002,2,E:/系统/桌面/工作区/本学期/大三下/IT项目管理/大作业/Data/KnowledgeBase/processed_clean/dify_import/unity_docs_chunk_0d40e2219eb33213.md,840,2026-05-27T13:13:30.050750+00:00
chunk_3105280f787e0db9,unity_5e3225adc8b03712,unity_docs,official_documentation,ScriptReference,,BuildPipeline .BuildAssetBundles,https://docs.unity3d.com/6000.4/Documentation/ScriptReference/BuildPipeline.BuildAssetBundles.html,unity_docs_incremental_260527_002,1,E:/系统/桌面/工作区/本学期/大三下/IT项目管理/大作业/Data/KnowledgeBase/processed_clean/dify_import/unity_docs_chunk_3105280f787e0db9.md,1789,2026-05-27T13:13:30.052709+00:00
chunk_180f76c76d3f7db2,unity_5e3225adc8b03712,unity_docs,official_documentation,ScriptReference,,BuildPipeline .BuildAssetBundles,https://docs.unity3d.com/6000.4/Documentation/ScriptReference/BuildPipeline.BuildAssetBundles.html,unity_docs_incremental_260527_002,2,E:/系统/桌面/工作区/本学期/大三下/IT项目管理/大作业/Data/KnowledgeBase/processed_clean/dify_import/unity_docs_chunk_180f76c76d3f7db2.md,1748,2026-05-27T13:13:30.053573+00:00
chunk_6137134913152d4b,unity_5e3225adc8b03712,unity_docs,official_documentation,ScriptReference,,BuildPipeline .BuildAssetBundles,https://docs.unity3d.com/6000.4/Documentation/ScriptReference/BuildPipeline.BuildAssetBundles.html,unity_docs_incremental_260527_002,3,E:/系统/桌面/工作区/本学期/大三下/IT项目管理/大作业/Data/KnowledgeBase/processed_clean/dify_import/unity_docs_chunk_6137134913152d4b.md,1755,2026-05-27T13:13:30.054141+00:00
chunk_74825c6c11b59feb,unity_5e3225adc8b03712,unity_docs,official_documentation,ScriptReference,,BuildPipeline .BuildAssetBundles,https://docs.unity3d.com/6000.4/Documentation/ScriptReference/BuildPipeline.BuildAssetBundles.html,unity_docs_incremental_260527_002,4,E:/系统/桌面/工作区/本学期/大三下/IT项目管理/大作业/Data/KnowledgeBase/processed_clean/dify_import/unity_docs_chunk_74825c6c11b59feb.md,1794,2026-05-27T13:13:30.054689+00:00
chunk_19c68a2b80bf28e1,unity_5e3225adc8b03712,unity_docs,official_documentation,ScriptReference,,BuildPipeline .BuildAssetBundles,https://docs.unity3d.com/6000.4/Documentation/ScriptReference/BuildPipeline.BuildAssetBundles.html,unity_docs_incremental_260527_002,5,E:/系统/桌面/工作区/本学期/大三下/IT项目管理/大作业/Data/KnowledgeBase/processed_clean/dify_import/unity_docs_chunk_19c68a2b80bf28e1.md,1796,2026-05-27T13:13:30.055285+00:00
chunk_b136c910ab170c19,unity_5e3225adc8b03712,unity_docs,official_documentation,ScriptReference,,BuildPipeline .BuildAssetBundles,https://docs.unity3d.com/6000.4/Documentation/ScriptReference/BuildPipeline.BuildAssetBundles.html,unity_docs_incremental_260527_002,6,E:/系统/桌面/工作区/本学期/大三下/IT项目管理/大作业/Data/KnowledgeBase/processed_clean/dify_import/unity_docs_chunk_b136c910ab170c19.md,1793,2026-05-27T13:13:30.056015+00:00
chunk_89339d9a454b7f0a,unity_23930da0a14d7eb0,unity_docs,official_documentation,ScriptReference,,AssetBundle,https://docs.unity3d.com/6000.4/Documentation/ScriptReference/AssetBundle.html,unity_docs_incremental_260527_002,1,E:/系统/桌面/工作区/本学期/大三下/IT项目管理/大作业/Data/KnowledgeBase/processed_clean/dify_import/unity_docs_chunk_89339d9a454b7f0a.md,1784,2026-05-27T13:13:30.058224+00:00
chunk_a304fcb763f6fb0a,unity_23930da0a14d7eb0,unity_docs,official_documentation,ScriptReference,,AssetBundle,https://docs.unity3d.com/6000.4/Documentation/ScriptReference/AssetBundle.html,unity_docs_incremental_260527_002,2,E:/系统/桌面/工作区/本学期/大三下/IT项目管理/大作业/Data/KnowledgeBase/processed_clean/dify_import/unity_docs_chunk_a304fcb763f6fb0a.md,1773,2026-05-27T13:13:30.058878+00:00
chunk_bc3241ba80ba83ed,unity_23930da0a14d7eb0,unity_docs,official_documentation,ScriptReference,,AssetBundle,https://docs.unity3d.com/6000.4/Documentation/ScriptReference/AssetBundle.html,unity_docs_incremental_260527_002,3,E:/系统/桌面/工作区/本学期/大三下/IT项目管理/大作业/Data/KnowledgeBase/processed_clean/dify_import/unity_docs_chunk_bc3241ba80ba83ed.md,1783,2026-05-27T13:13:30.059433+00:00
chunk_f9d56dfc8c3413b3,unity_23930da0a14d7eb0,unity_docs,official_documentation,ScriptReference,,AssetBundle,https://docs.unity3d.com/6000.4/Documentation/ScriptReference/AssetBundle.html,unity_docs_incremental_260527_002,4,E:/系统/桌面/工作区/本学期/大三下/IT项目管理/大作业/Data/KnowledgeBase/processed_clean/dify_import/unity_docs_chunk_f9d56dfc8c3413b3.md,1800,2026-05-27T13:13:30.060140+00:00
chunk_2f04bb67ce53e0bb,unity_23930da0a14d7eb0,unity_docs,official_documentation,ScriptReference,,AssetBundle,https://docs.unity3d.com/6000.4/Documentation/ScriptReference/AssetBundle.html,unity_docs_incremental_260527_002,5,E:/系统/桌面/工作区/本学期/大三下/IT项目管理/大作业/Data/KnowledgeBase/processed_clean/dify_import/unity_docs_chunk_2f04bb67ce53e0bb.md,1799,2026-05-27T13:13:30.060730+00:00
chunk_fa0eeb699dd336eb,unity_23930da0a14d7eb0,unity_docs,official_documentation,ScriptReference,,AssetBundle,https://docs.unity3d.com/6000.4/Documentation/ScriptReference/AssetBundle.html,unity_docs_incremental_260527_002,6,E:/系统/桌面/工作区/本学期/大三下/IT项目管理/大作业/Data/KnowledgeBase/processed_clean/dify_import/unity_docs_chunk_fa0eeb699dd336eb.md,1795,2026-05-27T13:13:30.061260+00:00
chunk_791f6ba08f1e6a3a,unity_23930da0a14d7eb0,unity_docs,official_documentation,ScriptReference,,AssetBundle,https://docs.unity3d.com/6000.4/Documentation/ScriptReference/AssetBundle.html,unity_docs_incremental_260527_002,7,E:/系统/桌面/工作区/本学期/大三下/IT项目管理/大作业/Data/KnowledgeBase/processed_clean/dify_import/unity_docs_chunk_791f6ba08f1e6a3a.md,1186,2026-05-27T13:13:30.061762+00:00
chunk_5593026450d33156,unity_5e623c073c59ddf1,unity_docs,official_documentation,ScriptReference,,UnityWebRequestAssetBundle,https://docs.unity3d.com/6000.4/Documentation/ScriptReference/Networking.UnityWebRequestAssetBundle.html,unity_docs_incremental_260527_002,1,E:/系统/桌面/工作区/本学期/大三下/IT项目管理/大作业/Data/KnowledgeBase/processed_clean/dify_import/unity_docs_chunk_5593026450d33156.md,1748,2026-05-27T13:13:30.063091+00:00
chunk_7115c0fe9fc006b3,unity_773a53a7b12f552b,unity_docs,official_documentation,ScriptReference,,AssetBundle .isStreamedSceneAssetBundle,https://docs.unity3d.com/6000.4/Documentation/ScriptReference/AssetBundle-isStreamedSceneAssetBundle.html,unity_docs_incremental_260527_002,1,E:/系统/桌面/工作区/本学期/大三下/IT项目管理/大作业/Data/KnowledgeBase/processed_clean/dify_import/unity_docs_chunk_7115c0fe9fc006b3.md,594,2026-05-27T13:13:30.064160+00:00
chunk_66476d9217d53b20,unity_0501983a43199c9c,unity_docs,official_documentation,ScriptReference,,BuildAssetBundleOptions .AssetBundleStripUnityVersion,https://docs.unity3d.com/6000.4/Documentation/ScriptReference/BuildAssetBundleOptions.AssetBundleStripUnityVersion.html,unity_docs_incremental_260527_002,1,E:/系统/桌面/工作区/本学期/大三下/IT项目管理/大作业/Data/KnowledgeBase/processed_clean/dify_import/unity_docs_chunk_66476d9217d53b20.md,1361,2026-05-27T13:13:30.065386+00:00
chunk_ec76350df6cbac6d,unity_8484f44001e1db5a,unity_docs,official_documentation,ScriptReference,,BuildAssetBundleOptions,https://docs.unity3d.com/6000.4/Documentation/ScriptReference/BuildAssetBundleOptions.html,unity_docs_incremental_260527_002,1,E:/系统/桌面/工作区/本学期/大三下/IT项目管理/大作业/Data/KnowledgeBase/processed_clean/dify_import/unity_docs_chunk_ec76350df6cbac6d.md,1794,2026-05-27T13:13:30.067253+00:00
chunk_d5b5b48b77f043a0,unity_8484f44001e1db5a,unity_docs,official_documentation,ScriptReference,,BuildAssetBundleOptions,https://docs.unity3d.com/6000.4/Documentation/ScriptReference/BuildAssetBundleOptions.html,unity_docs_incremental_260527_002,2,E:/系统/桌面/工作区/本学期/大三下/IT项目管理/大作业/Data/KnowledgeBase/processed_clean/dify_import/unity_docs_chunk_d5b5b48b77f043a0.md,1517,2026-05-27T13:13:30.068312+00:00
chunk_a3f3f94a235c4562,unity_8484f44001e1db5a,unity_docs,official_documentation,ScriptReference,,BuildAssetBundleOptions,https://docs.unity3d.com/6000.4/Documentation/ScriptReference/BuildAssetBundleOptions.html,unity_docs_incremental_260527_002,3,E:/系统/桌面/工作区/本学期/大三下/IT项目管理/大作业/Data/KnowledgeBase/processed_clean/dify_import/unity_docs_chunk_a3f3f94a235c4562.md,325,2026-05-27T13:13:30.069137+00:00
chunk_9a3d234642314657,unity_e30c866e66657391,unity_docs,official_documentation,ScriptReference,,BuildAssetBundleOptions .ForceRebuildAssetBundle,https://docs.unity3d.com/6000.4/Documentation/ScriptReference/BuildAssetBundleOptions.ForceRebuildAssetBundle.html,unity_docs_incremental_260527_002,1,E:/系统/桌面/工作区/本学期/大三下/IT项目管理/大作业/Data/KnowledgeBase/processed_clean/dify_import/unity_docs_chunk_9a3d234642314657.md,618,2026-05-27T13:13:30.070626+00:00
chunk_bc24c2e1237c6f29,unity_115420fc99b64c6d,unity_docs,official_documentation,ScriptReference,,BuildAssetBundleOptions .IgnoreTypeTreeChanges,https://docs.unity3d.com/6000.4/Documentation/ScriptReference/BuildAssetBundleOptions.IgnoreTypeTreeChanges.html,unity_docs_incremental_260527_002,1,E:/系统/桌面/工作区/本学期/大三下/IT项目管理/大作业/Data/KnowledgeBase/processed_clean/dify_import/unity_docs_chunk_bc24c2e1237c6f29.md,1779,2026-05-27T13:13:30.072587+00:00
chunk_7eb498fabf49560c,unity_20478edf5378ac53,unity_docs,official_documentation,ScriptReference,,AudioMixer,https://docs.unity3d.com/6000.4/Documentation/ScriptReference/Audio.AudioMixer.html,unity_docs_incremental_260527_002,1,E:/系统/桌面/工作区/本学期/大三下/IT项目管理/大作业/Data/KnowledgeBase/processed_clean/dify_import/unity_docs_chunk_7eb498fabf49560c.md,1688,2026-05-27T13:13:30.074484+00:00
chunk_5a478f9f15cb81ae,unity_20478edf5378ac53,unity_docs,official_documentation,ScriptReference,,AudioMixer,https://docs.unity3d.com/6000.4/Documentation/ScriptReference/Audio.AudioMixer.html,unity_docs_incremental_260527_002,2,E:/系统/桌面/工作区/本学期/大三下/IT项目管理/大作业/Data/KnowledgeBase/processed_clean/dify_import/unity_docs_chunk_5a478f9f15cb81ae.md,1355,2026-05-27T13:13:30.075224+00:00
chunk_c577b65db8c3d49b,unity_ae6ee94b2c9d4010,unity_docs,official_documentation,ScriptReference,,Tilemap,https://docs.unity3d.com/6000.4/Documentation/ScriptReference/Tilemaps.Tilemap.html,unity_docs_incremental_260527_002,1,E:/系统/桌面/工作区/本学期/大三下/IT项目管理/大作业/Data/KnowledgeBase/processed_clean/dify_import/unity_docs_chunk_c577b65db8c3d49b.md,1744,2026-05-27T13:13:30.077830+00:00
chunk_bb2364385fbd5dad,unity_ae6ee94b2c9d4010,unity_docs,official_documentation,ScriptReference,,Tilemap,https://docs.unity3d.com/6000.4/Documentation/ScriptReference/Tilemaps.Tilemap.html,unity_docs_incremental_260527_002,2,E:/系统/桌面/工作区/本学期/大三下/IT项目管理/大作业/Data/KnowledgeBase/processed_clean/dify_import/unity_docs_chunk_bb2364385fbd5dad.md,1787,2026-05-27T13:13:30.078643+00:00
chunk_b7f0eaf599d0446c,unity_ae6ee94b2c9d4010,unity_docs,official_documentation,ScriptReference,,Tilemap,https://docs.unity3d.com/6000.4/Documentation/ScriptReference/Tilemaps.Tilemap.html,unity_docs_incremental_260527_002,3,E:/系统/桌面/工作区/本学期/大三下/IT项目管理/大作业/Data/KnowledgeBase/processed_clean/dify_import/unity_docs_chunk_b7f0eaf599d0446c.md,1570,2026-05-27T13:13:30.079435+00:00
chunk_bf3b09fb503f6e1a,unity_ae6ee94b2c9d4010,unity_docs,official_documentation,ScriptReference,,Tilemap,https://docs.unity3d.com/6000.4/Documentation/ScriptReference/Tilemaps.Tilemap.html,unity_docs_incremental_260527_002,4,E:/系统/桌面/工作区/本学期/大三下/IT项目管理/大作业/Data/KnowledgeBase/processed_clean/dify_import/unity_docs_chunk_bf3b09fb503f6e1a.md,1725,2026-05-27T13:13:30.080003+00:00
chunk_bf7c70dde512247d,unity_ae6ee94b2c9d4010,unity_docs,official_documentation,ScriptReference,,Tilemap,https://docs.unity3d.com/6000.4/Documentation/ScriptReference/Tilemaps.Tilemap.html,unity_docs_incremental_260527_002,5,E:/系统/桌面/工作区/本学期/大三下/IT项目管理/大作业/Data/KnowledgeBase/processed_clean/dify_import/unity_docs_chunk_bf7c70dde512247d.md,1734,2026-05-27T13:13:30.080556+00:00
chunk_8cdc2c94f688f07e,unity_ae6ee94b2c9d4010,unity_docs,official_documentation,ScriptReference,,Tilemap,https://docs.unity3d.com/6000.4/Documentation/ScriptReference/Tilemaps.Tilemap.html,unity_docs_incremental_260527_002,6,E:/系统/桌面/工作区/本学期/大三下/IT项目管理/大作业/Data/KnowledgeBase/processed_clean/dify_import/unity_docs_chunk_8cdc2c94f688f07e.md,1798,2026-05-27T13:13:30.081093+00:00
chunk_d5760f253052b693,unity_ae6ee94b2c9d4010,unity_docs,official_documentation,ScriptReference,,Tilemap,https://docs.unity3d.com/6000.4/Documentation/ScriptReference/Tilemaps.Tilemap.html,unity_docs_incremental_260527_002,7,E:/系统/桌面/工作区/本学期/大三下/IT项目管理/大作业/Data/KnowledgeBase/processed_clean/dify_import/unity_docs_chunk_d5760f253052b693.md,1769,2026-05-27T13:13:30.081712+00:00
chunk_f938bc921e76f9b7,unity_ae6ee94b2c9d4010,unity_docs,official_documentation,ScriptReference,,Tilemap,https://docs.unity3d.com/6000.4/Documentation/ScriptReference/Tilemaps.Tilemap.html,unity_docs_incremental_260527_002,8,E:/系统/桌面/工作区/本学期/大三下/IT项目管理/大作业/Data/KnowledgeBase/processed_clean/dify_import/unity_docs_chunk_f938bc921e76f9b7.md,733,2026-05-27T13:13:30.082264+00:00
chunk_a49ed71a5e4e2540,unity_0ce82bdf401858ef,unity_docs,official_documentation,ScriptReference,,Sprite .associatedAlphaSplitTexture,https://docs.unity3d.com/6000.4/Documentation/ScriptReference/Sprite-associatedAlphaSplitTexture.html,unity_docs_incremental_260527_002,1,E:/系统/桌面/工作区/本学期/大三下/IT项目管理/大作业/Data/KnowledgeBase/processed_clean/dify_import/unity_docs_chunk_a49ed71a5e4e2540.md,688,2026-05-27T13:13:30.083333+00:00
chunk_2790c4e0a3b88f91,unity_564068381356aea7,unity_docs,official_documentation,ScriptReference,,Sprite .border,https://docs.unity3d.com/6000.4/Documentation/ScriptReference/Sprite-border.html,unity_docs_incremental_260527_002,1,E:/系统/桌面/工作区/本学期/大三下/IT项目管理/大作业/Data/KnowledgeBase/processed_clean/dify_import/unity_docs_chunk_2790c4e0a3b88f91.md,307,2026-05-27T13:13:30.084339+00:00
chunk_754dae26507894fa,unity_50fc2c5df6589922,unity_docs,official_documentation,ScriptReference,,Sprite .bounds,https://docs.unity3d.com/6000.4/Documentation/ScriptReference/Sprite-bounds.html,unity_docs_incremental_260527_002,1,E:/系统/桌面/工作区/本学期/大三下/IT项目管理/大作业/Data/KnowledgeBase/processed_clean/dify_import/unity_docs_chunk_754dae26507894fa.md,351,2026-05-27T13:13:30.086051+00:00
chunk_a8ece8a637b6cf97,unity_5f573513249f853d,unity_docs,official_documentation,ScriptReference,,Sprite .packingMode,https://docs.unity3d.com/6000.4/Documentation/ScriptReference/Sprite-packingMode.html,unity_docs_incremental_260527_002,1,E:/系统/桌面/工作区/本学期/大三下/IT项目管理/大作业/Data/KnowledgeBase/processed_clean/dify_import/unity_docs_chunk_a8ece8a637b6cf97.md,337,2026-05-27T13:13:30.087480+00:00
chunk_37fd1c0aadaeb300,unity_d113245d62a5982e,unity_docs,official_documentation,ScriptReference,,Sprite .packingRotation,https://docs.unity3d.com/6000.4/Documentation/ScriptReference/Sprite-packingRotation.html,unity_docs_incremental_260527_002,1,E:/系统/桌面/工作区/本学期/大三下/IT项目管理/大作业/Data/KnowledgeBase/processed_clean/dify_import/unity_docs_chunk_37fd1c0aadaeb300.md,361,2026-05-27T13:13:30.088928+00:00
chunk_94628c7b596954e2,unity_e9974946793bff1b,unity_docs,official_documentation,ScriptReference,,Sprite .pivot,https://docs.unity3d.com/6000.4/Documentation/ScriptReference/Sprite-pivot.html,unity_docs_incremental_260527_002,1,E:/系统/桌面/工作区/本学期/大三下/IT项目管理/大作业/Data/KnowledgeBase/processed_clean/dify_import/unity_docs_chunk_94628c7b596954e2.md,362,2026-05-27T13:13:30.090576+00:00
chunk_b45e6c424879da10,unity_8c90dc2a6551790b,unity_docs,official_documentation,ScriptReference,,Sprite .pixelsPerUnit,https://docs.unity3d.com/6000.4/Documentation/ScriptReference/Sprite-pixelsPerUnit.html,unity_docs_incremental_260527_002,1,E:/系统/桌面/工作区/本学期/大三下/IT项目管理/大作业/Data/KnowledgeBase/processed_clean/dify_import/unity_docs_chunk_b45e6c424879da10.md,348,2026-05-27T13:13:30.092543+00:00
chunk_1f9f0cdc100eaa32,unity_1850738e4fcc54b7,unity_docs,official_documentation,ScriptReference,,Sprite .rect,https://docs.unity3d.com/6000.4/Documentation/ScriptReference/Sprite-rect.html,unity_docs_incremental_260527_002,1,E:/系统/桌面/工作区/本学期/大三下/IT项目管理/大作业/Data/KnowledgeBase/processed_clean/dify_import/unity_docs_chunk_1f9f0cdc100eaa32.md,331,2026-05-27T13:13:30.094021+00:00
chunk_24e23bfd0863e6cd,unity_99172942217f0259,unity_docs,official_documentation,ScriptReference,,Sprite .spriteAtlasTextureScale,https://docs.unity3d.com/6000.4/Documentation/ScriptReference/Sprite-spriteAtlasTextureScale.html,unity_docs_incremental_260527_002,1,E:/系统/桌面/工作区/本学期/大三下/IT项目管理/大作业/Data/KnowledgeBase/processed_clean/dify_import/unity_docs_chunk_24e23bfd0863e6cd.md,423,2026-05-27T13:13:30.095582+00:00
chunk_d0b0681a575c4bc1,unity_67c1cb0d766fb5fe,unity_docs,official_documentation,ScriptReference,,Sprite .texture,https://docs.unity3d.com/6000.4/Documentation/ScriptReference/Sprite-texture.html,unity_docs_incremental_260527_002,1,E:/系统/桌面/工作区/本学期/大三下/IT项目管理/大作业/Data/KnowledgeBase/processed_clean/dify_import/unity_docs_chunk_d0b0681a575c4bc1.md,1524,2026-05-27T13:13:30.097454+00:00
chunk_3bdf38c002d1a1e1,unity_91dc035d9d069ed4,unity_docs,official_documentation,ScriptReference,,Sprite .textureRect,https://docs.unity3d.com/6000.4/Documentation/ScriptReference/Sprite-textureRect.html,unity_docs_incremental_260527_002,1,E:/系统/桌面/工作区/本学期/大三下/IT项目管理/大作业/Data/KnowledgeBase/processed_clean/dify_import/unity_docs_chunk_3bdf38c002d1a1e1.md,366,2026-05-27T13:13:30.099868+00:00
chunk_1d99675dc8da5241,unity_36c00895940e1fbd,unity_docs,official_documentation,ScriptReference,,Sprite .textureRectOffset,https://docs.unity3d.com/6000.4/Documentation/ScriptReference/Sprite-textureRectOffset.html,unity_docs_incremental_260527_002,1,E:/系统/桌面/工作区/本学期/大三下/IT项目管理/大作业/Data/KnowledgeBase/processed_clean/dify_import/unity_docs_chunk_1d99675dc8da5241.md,421,2026-05-27T13:13:30.101262+00:00
chunk_d24898ee66c01a33,unity_ef7d488d07c91b56,unity_docs,official_documentation,ScriptReference,,Sprite .triangles,https://docs.unity3d.com/6000.4/Documentation/ScriptReference/Sprite-triangles.html,unity_docs_incremental_260527_002,1,E:/系统/桌面/工作区/本学期/大三下/IT项目管理/大作业/Data/KnowledgeBase/processed_clean/dify_import/unity_docs_chunk_d24898ee66c01a33.md,385,2026-05-27T13:13:30.102827+00:00
chunk_485867f168dd00c7,unity_4f67876d3e6454c9,unity_docs,official_documentation,ScriptReference,,Sprite .vertices,https://docs.unity3d.com/6000.4/Documentation/ScriptReference/Sprite-vertices.html,unity_docs_incremental_260527_002,1,E:/系统/桌面/工作区/本学期/大三下/IT项目管理/大作业/Data/KnowledgeBase/processed_clean/dify_import/unity_docs_chunk_485867f168dd00c7.md,1797,2026-05-27T13:13:30.104342+00:00
chunk_0ea6ac083b7c92a8,unity_4f67876d3e6454c9,unity_docs,official_documentation,ScriptReference,,Sprite .vertices,https://docs.unity3d.com/6000.4/Documentation/ScriptReference/Sprite-vertices.html,unity_docs_incremental_260527_002,2,E:/系统/桌面/工作区/本学期/大三下/IT项目管理/大作业/Data/KnowledgeBase/processed_clean/dify_import/unity_docs_chunk_0ea6ac083b7c92a8.md,1445,2026-05-27T13:13:30.105273+00:00
chunk_30ce16436039c962,unity_80d08ffb0d35186c,unity_docs,official_documentation,ScriptReference,,Sprite .AddScriptableObject,https://docs.unity3d.com/6000.4/Documentation/ScriptReference/Sprite.AddScriptableObject.html,unity_docs_incremental_260527_002,1,E:/系统/桌面/工作区/本学期/大三下/IT项目管理/大作业/Data/KnowledgeBase/processed_clean/dify_import/unity_docs_chunk_30ce16436039c962.md,644,2026-05-27T13:13:30.106545+00:00
chunk_762e8481580b0bfa,unity_07965474a00e198c,unity_docs,official_documentation,ScriptReference,,Sprite .GetPhysicsShape,https://docs.unity3d.com/6000.4/Documentation/ScriptReference/Sprite.GetPhysicsShape.html,unity_docs_incremental_260527_002,1,E:/系统/桌面/工作区/本学期/大三下/IT项目管理/大作业/Data/KnowledgeBase/processed_clean/dify_import/unity_docs_chunk_762e8481580b0bfa.md,1652,2026-05-27T13:13:30.107763+00:00
chunk_3659e1843315d86e,unity_f2c204fe824db334,unity_docs,official_documentation,ScriptReference,,Sprite .GetPhysicsShapeCount,https://docs.unity3d.com/6000.4/Documentation/ScriptReference/Sprite.GetPhysicsShapeCount.html,unity_docs_incremental_260527_002,1,E:/系统/桌面/工作区/本学期/大三下/IT项目管理/大作业/Data/KnowledgeBase/processed_clean/dify_import/unity_docs_chunk_3659e1843315d86e.md,654,2026-05-27T13:13:30.109010+00:00
chunk_fa7a3bf515b7a53c,unity_9b712508678fa70a,unity_docs,official_documentation,ScriptReference,,Sprite .GetPhysicsShapePointCount,https://docs.unity3d.com/6000.4/Documentation/ScriptReference/Sprite.GetPhysicsShapePointCount.html,unity_docs_incremental_260527_002,1,E:/系统/桌面/工作区/本学期/大三下/IT项目管理/大作业/Data/KnowledgeBase/processed_clean/dify_import/unity_docs_chunk_fa7a3bf515b7a53c.md,617,2026-05-27T13:13:30.110582+00:00
chunk_a827097bcb36d70b,unity_39356c774b0995e6,unity_docs,official_documentation,ScriptReference,,Sprite .GetScriptableObjects,https://docs.unity3d.com/6000.4/Documentation/ScriptReference/Sprite.GetScriptableObjects.html,unity_docs_incremental_260527_002,1,E:/系统/桌面/工作区/本学期/大三下/IT项目管理/大作业/Data/KnowledgeBase/processed_clean/dify_import/unity_docs_chunk_a827097bcb36d70b.md,1795,2026-05-27T13:13:30.111925+00:00
chunk_3a6e23b816568412,unity_39356c774b0995e6,unity_docs,official_documentation,ScriptReference,,Sprite .GetScriptableObjects,https://docs.unity3d.com/6000.4/Documentation/ScriptReference/Sprite.GetScriptableObjects.html,unity_docs_incremental_260527_002,2,E:/系统/桌面/工作区/本学期/大三下/IT项目管理/大作业/Data/KnowledgeBase/processed_clean/dify_import/unity_docs_chunk_3a6e23b816568412.md,895,2026-05-27T13:13:30.112761+00:00
chunk_06e4a7fe57afc80b,unity_0b327b2d6c780f85,unity_docs,official_documentation,ScriptReference,,Sprite .GetScriptableObjectsCount,https://docs.unity3d.com/6000.4/Documentation/ScriptReference/Sprite.GetScriptableObjectsCount.html,unity_docs_incremental_260527_002,1,E:/系统/桌面/工作区/本学期/大三下/IT项目管理/大作业/Data/KnowledgeBase/processed_clean/dify_import/unity_docs_chunk_06e4a7fe57afc80b.md,532,2026-05-27T13:13:30.114043+00:00
chunk_4641581316b03c19,unity_36b56feb1395e5ed,unity_docs,official_documentation,ScriptReference,,Sprite .GetSecondaryTextureCount,https://docs.unity3d.com/6000.4/Documentation/ScriptReference/Sprite.GetSecondaryTextureCount.html,unity_docs_incremental_260527_002,1,E:/系统/桌面/工作区/本学期/大三下/IT项目管理/大作业/Data/KnowledgeBase/processed_clean/dify_import/unity_docs_chunk_4641581316b03c19.md,1632,2026-05-27T13:13:30.116199+00:00
chunk_7cc3d6c76c9c9db0,unity_66520dc405690326,unity_docs,official_documentation,ScriptReference,,Sprite .GetSecondaryTextures,https://docs.unity3d.com/6000.4/Documentation/ScriptReference/Sprite.GetSecondaryTextures.html,unity_docs_incremental_260527_002,1,E:/系统/桌面/工作区/本学期/大三下/IT项目管理/大作业/Data/KnowledgeBase/processed_clean/dify_import/unity_docs_chunk_7cc3d6c76c9c9db0.md,1799,2026-05-27T13:13:30.117933+00:00
chunk_6dc7400ca46b133b,unity_66520dc405690326,unity_docs,official_documentation,ScriptReference,,Sprite .GetSecondaryTextures,https://docs.unity3d.com/6000.4/Documentation/ScriptReference/Sprite.GetSecondaryTextures.html,unity_docs_incremental_260527_002,2,E:/系统/桌面/工作区/本学期/大三下/IT项目管理/大作业/Data/KnowledgeBase/processed_clean/dify_import/unity_docs_chunk_6dc7400ca46b133b.md,1088,2026-05-27T13:13:30.118684+00:00
chunk_af4b1eda1738b583,unity_ffa807ac99426b6c,unity_docs,official_documentation,ScriptReference,,Sprite .OverrideGeometry,https://docs.unity3d.com/6000.4/Documentation/ScriptReference/Sprite.OverrideGeometry.html,unity_docs_incremental_260527_002,1,E:/系统/桌面/工作区/本学期/大三下/IT项目管理/大作业/Data/KnowledgeBase/processed_clean/dify_import/unity_docs_chunk_af4b1eda1738b583.md,1797,2026-05-27T13:13:30.120333+00:00
chunk_2a9e2b13c7113f40,unity_ffa807ac99426b6c,unity_docs,official_documentation,ScriptReference,,Sprite .OverrideGeometry,https://docs.unity3d.com/6000.4/Documentation/ScriptReference/Sprite.OverrideGeometry.html,unity_docs_incremental_260527_002,2,E:/系统/桌面/工作区/本学期/大三下/IT项目管理/大作业/Data/KnowledgeBase/processed_clean/dify_import/unity_docs_chunk_2a9e2b13c7113f40.md,720,2026-05-27T13:13:30.121352+00:00
chunk_3f6200d0519e92bb,unity_614cec9d0faee01d,unity_docs,official_documentation,ScriptReference,,Sprite .OverridePhysicsShape,https://docs.unity3d.com/6000.4/Documentation/ScriptReference/Sprite.OverridePhysicsShape.html,unity_docs_incremental_260527_002,1,E:/系统/桌面/工作区/本学期/大三下/IT项目管理/大作业/Data/KnowledgeBase/processed_clean/dify_import/unity_docs_chunk_3f6200d0519e92bb.md,922,2026-05-27T13:13:30.122616+00:00
chunk_c055241ffc895c37,unity_bedee26f914122cf,unity_docs,official_documentation,ScriptReference,,Sprite .RemoveScriptableObjectAt,https://docs.unity3d.com/6000.4/Documentation/ScriptReference/Sprite.RemoveScriptableObjectAt.html,unity_docs_incremental_260527_002,1,E:/系统/桌面/工作区/本学期/大三下/IT项目管理/大作业/Data/KnowledgeBase/processed_clean/dify_import/unity_docs_chunk_c055241ffc895c37.md,667,2026-05-27T13:13:30.123949+00:00
chunk_18dd446f49f8bd30,unity_646266f400309d59,unity_docs,official_documentation,ScriptReference,,Sprite .SetScriptableObjectAt,https://docs.unity3d.com/6000.4/Documentation/ScriptReference/Sprite.SetScriptableObjectAt.html,unity_docs_incremental_260527_002,1,E:/系统/桌面/工作区/本学期/大三下/IT项目管理/大作业/Data/KnowledgeBase/processed_clean/dify_import/unity_docs_chunk_18dd446f49f8bd30.md,631,2026-05-27T13:13:30.125118+00:00
chunk_28cf42cb46d4a145,unity_5f4c1f00c317a599,unity_docs,official_documentation,ScriptReference,,Sprite .Create,https://docs.unity3d.com/6000.4/Documentation/ScriptReference/Sprite.Create.html,unity_docs_incremental_260527_002,1,E:/系统/桌面/工作区/本学期/大三下/IT项目管理/大作业/Data/KnowledgeBase/processed_clean/dify_import/unity_docs_chunk_28cf42cb46d4a145.md,1792,2026-05-27T13:13:30.127309+00:00
chunk_66b92145a9f647b8,unity_5f4c1f00c317a599,unity_docs,official_documentation,ScriptReference,,Sprite .Create,https://docs.unity3d.com/6000.4/Documentation/ScriptReference/Sprite.Create.html,unity_docs_incremental_260527_002,2,E:/系统/桌面/工作区/本学期/大三下/IT项目管理/大作业/Data/KnowledgeBase/processed_clean/dify_import/unity_docs_chunk_66b92145a9f647b8.md,1795,2026-05-27T13:13:30.127929+00:00
chunk_7e9a2887184bd7db,unity_5f4c1f00c317a599,unity_docs,official_documentation,ScriptReference,,Sprite .Create,https://docs.unity3d.com/6000.4/Documentation/ScriptReference/Sprite.Create.html,unity_docs_incremental_260527_002,3,E:/系统/桌面/工作区/本学期/大三下/IT项目管理/大作业/Data/KnowledgeBase/processed_clean/dify_import/unity_docs_chunk_7e9a2887184bd7db.md,1769,2026-05-27T13:13:30.128713+00:00
chunk_167f91daf85edea7,unity_d15be177cf28ebaf,unity_docs,official_documentation,ScriptReference,,PlayerSettings .useFlipModelSwapchain,https://docs.unity3d.com/6000.4/Documentation/ScriptReference/PlayerSettings-useFlipModelSwapchain.html,unity_docs_incremental_260527_002,1,E:/系统/桌面/工作区/本学期/大三下/IT项目管理/大作业/Data/KnowledgeBase/processed_clean/dify_import/unity_docs_chunk_167f91daf85edea7.md,1484,2026-05-27T13:13:30.130523+00:00
chunk_13c2e73231dce4ca,unity_d15be177cf28ebaf,unity_docs,official_documentation,ScriptReference,,PlayerSettings .useFlipModelSwapchain,https://docs.unity3d.com/6000.4/Documentation/ScriptReference/PlayerSettings-useFlipModelSwapchain.html,unity_docs_incremental_260527_002,2,E:/系统/桌面/工作区/本学期/大三下/IT项目管理/大作业/Data/KnowledgeBase/processed_clean/dify_import/unity_docs_chunk_13c2e73231dce4ca.md,1329,2026-05-27T13:13:30.131365+00:00
chunk_df47252c2de980ae,unity_0c62470938bf63c4,unity_docs,official_documentation,ScriptReference,,ShaderWarmup,https://docs.unity3d.com/6000.4/Documentation/ScriptReference/Experimental.Rendering.ShaderWarmup.html,unity_docs_incremental_260527_002,1,E:/系统/桌面/工作区/本学期/大三下/IT项目管理/大作业/Data/KnowledgeBase/processed_clean/dify_import/unity_docs_chunk_df47252c2de980ae.md,779,2026-05-27T13:13:30.132670+00:00
chunk_86dc73f37224e2da,unity_f2b98e620478f979,unity_docs,official_documentation,ScriptReference,,Rigidbody .isKinematic,https://docs.unity3d.com/6000.4/Documentation/ScriptReference/Rigidbody-isKinematic.html,unity_docs_incremental_260527_002,1,E:/系统/桌面/工作区/本学期/大三下/IT项目管理/大作业/Data/KnowledgeBase/processed_clean/dify_import/unity_docs_chunk_86dc73f37224e2da.md,1440,2026-05-27T13:13:30.134194+00:00
chunk_ef93fcb857bad3eb,unity_c4d2c23ebfafd028,unity_docs,official_documentation,ScriptReference,,TransformHandle,https://docs.unity3d.com/6000.4/Documentation/ScriptReference/TransformHandle.html,unity_docs_incremental_260527_002,1,E:/系统/桌面/工作区/本学期/大三下/IT项目管理/大作业/Data/KnowledgeBase/processed_clean/dify_import/unity_docs_chunk_ef93fcb857bad3eb.md,1774,2026-05-27T13:13:30.135748+00:00
chunk_eb2e64eaa7af4591,unity_c4d2c23ebfafd028,unity_docs,official_documentation,ScriptReference,,TransformHandle,https://docs.unity3d.com/6000.4/Documentation/ScriptReference/TransformHandle.html,unity_docs_incremental_260527_002,2,E:/系统/桌面/工作区/本学期/大三下/IT项目管理/大作业/Data/KnowledgeBase/processed_clean/dify_import/unity_docs_chunk_eb2e64eaa7af4591.md,1790,2026-05-27T13:13:30.136563+00:00
chunk_189db56d1bfad169,unity_c4d2c23ebfafd028,unity_docs,official_documentation,ScriptReference,,TransformHandle,https://docs.unity3d.com/6000.4/Documentation/ScriptReference/TransformHandle.html,unity_docs_incremental_260527_002,3,E:/系统/桌面/工作区/本学期/大三下/IT项目管理/大作业/Data/KnowledgeBase/processed_clean/dify_import/unity_docs_chunk_189db56d1bfad169.md,1767,2026-05-27T13:13:30.137107+00:00
chunk_aaa2a0afb9cf13ac,unity_c4ca8f8cf0721c35,unity_docs,official_documentation,ScriptReference,,EditorApplication .update,https://docs.unity3d.com/ScriptReference/EditorApplication-update.html,unity_docs_incremental_260527_002,1,E:/系统/桌面/工作区/本学期/大三下/IT项目管理/大作业/Data/KnowledgeBase/processed_clean/dify_import/unity_docs_chunk_aaa2a0afb9cf13ac.md,897,2026-05-27T13:13:30.138108+00:00
chunk_60b58bd927b788f4,unity_6e14cd5432eb02f9,unity_docs,official_documentation,ScriptReference,,Debug,https://docs.unity3d.com/6000.4/Documentation/ScriptReference/Debug.html,unity_docs_incremental_260527_002,1,E:/系统/桌面/工作区/本学期/大三下/IT项目管理/大作业/Data/KnowledgeBase/processed_clean/dify_import/unity_docs_chunk_60b58bd927b788f4.md,1790,2026-05-27T13:13:30.139273+00:00
chunk_6978e71667941bf0,unity_6e14cd5432eb02f9,unity_docs,official_documentation,ScriptReference,,Debug,https://docs.unity3d.com/6000.4/Documentation/ScriptReference/Debug.html,unity_docs_incremental_260527_002,2,E:/系统/桌面/工作区/本学期/大三下/IT项目管理/大作业/Data/KnowledgeBase/processed_clean/dify_import/unity_docs_chunk_6978e71667941bf0.md,436,2026-05-27T13:13:30.139974+00:00
chunk_1bb3daadd1c0ee94,unity_340314eecc6bc75b,unity_docs,official_documentation,ScriptReference,,IPostBuildPlayerScriptDLLs .OnPostBuildPlayerScriptDLLs,https://docs.unity3d.com/6000.4/Documentation/ScriptReference/Build.IPostBuildPlayerScriptDLLs.OnPostBuildPlayerScriptDLLs.html,unity_docs_incremental_260527_002,1,E:/系统/桌面/工作区/本学期/大三下/IT项目管理/大作业/Data/KnowledgeBase/processed_clean/dify_import/unity_docs_chunk_1bb3daadd1c0ee94.md,1574,2026-05-27T13:13:30.141248+00:00
chunk_ff035d8da63d14d1,unity_22996ba888866f7e,unity_docs,official_documentation,ScriptReference,,ParticleSystem .main,https://docs.unity3d.com/6000.4/Documentation/ScriptReference/ParticleSystem-main.html,unity_docs_incremental_260527_002,1,E:/系统/桌面/工作区/本学期/大三下/IT项目管理/大作业/Data/KnowledgeBase/processed_clean/dify_import/unity_docs_chunk_ff035d8da63d14d1.md,1007,2026-05-27T13:13:30.142272+00:00
chunk_ee88df0736a77edf,unity_635429771fc54fce,unity_docs,official_documentation,ScriptReference,,ParticleSystem .noise,https://docs.unity3d.com/6000.4/Documentation/ScriptReference/ParticleSystem-noise.html,unity_docs_incremental_260527_002,1,E:/系统/桌面/工作区/本学期/大三下/IT项目管理/大作业/Data/KnowledgeBase/processed_clean/dify_import/unity_docs_chunk_ee88df0736a77edf.md,1100,2026-05-27T13:13:30.143326+00:00
chunk_05d78e83b26716ea,unity_8676ab214debb888,unity_docs,official_documentation,ScriptReference,,ParticleSystem .emission,https://docs.unity3d.com/6000.4/Documentation/ScriptReference/ParticleSystem-emission.html,unity_docs_incremental_260527_002,1,E:/系统/桌面/工作区/本学期/大三下/IT项目管理/大作业/Data/KnowledgeBase/processed_clean/dify_import/unity_docs_chunk_05d78e83b26716ea.md,1072,2026-05-27T13:13:30.144667+00:00
chunk_ae411dafd6184bed,unity_5a48cb8c575e85ba,unity_docs,official_documentation,ScriptReference,,MinMaxCurve,https://docs.unity3d.com/6000.4/Documentation/ScriptReference/ParticleSystem.MinMaxCurve.html,unity_docs_incremental_260527_002,1,E:/系统/桌面/工作区/本学期/大三下/IT项目管理/大作业/Data/KnowledgeBase/processed_clean/dify_import/unity_docs_chunk_ae411dafd6184bed.md,1798,2026-05-27T13:13:30.146427+00:00
chunk_5eda09a72331b420,unity_5a48cb8c575e85ba,unity_docs,official_documentation,ScriptReference,,MinMaxCurve,https://docs.unity3d.com/6000.4/Documentation/ScriptReference/ParticleSystem.MinMaxCurve.html,unity_docs_incremental_260527_002,2,E:/系统/桌面/工作区/本学期/大三下/IT项目管理/大作业/Data/KnowledgeBase/processed_clean/dify_import/unity_docs_chunk_5eda09a72331b420.md,1781,2026-05-27T13:13:30.147286+00:00
chunk_b0fcca0d8bf9f4ef,unity_5a48cb8c575e85ba,unity_docs,official_documentation,ScriptReference,,MinMaxCurve,https://docs.unity3d.com/6000.4/Documentation/ScriptReference/ParticleSystem.MinMaxCurve.html,unity_docs_incremental_260527_002,3,E:/系统/桌面/工作区/本学期/大三下/IT项目管理/大作业/Data/KnowledgeBase/processed_clean/dify_import/unity_docs_chunk_b0fcca0d8bf9f4ef.md,1799,2026-05-27T13:13:30.147993+00:00
chunk_5f11515056e25720,unity_033b00e902b59894,unity_docs,official_documentation,ScriptReference,,MinMaxGradient,https://docs.unity3d.com/6000.4/Documentation/ScriptReference/ParticleSystem.MinMaxGradient.html,unity_docs_incremental_260527_002,1,E:/系统/桌面/工作区/本学期/大三下/IT项目管理/大作业/Data/KnowledgeBase/processed_clean/dify_import/unity_docs_chunk_5f11515056e25720.md,1703,2026-05-27T13:13:30.149691+00:00
chunk_0cd35526978e6a52,unity_033b00e902b59894,unity_docs,official_documentation,ScriptReference,,MinMaxGradient,https://docs.unity3d.com/6000.4/Documentation/ScriptReference/ParticleSystem.MinMaxGradient.html,unity_docs_incremental_260527_002,2,E:/系统/桌面/工作区/本学期/大三下/IT项目管理/大作业/Data/KnowledgeBase/processed_clean/dify_import/unity_docs_chunk_0cd35526978e6a52.md,1795,2026-05-27T13:13:30.150254+00:00
chunk_27261092d35038ef,unity_033b00e902b59894,unity_docs,official_documentation,ScriptReference,,MinMaxGradient,https://docs.unity3d.com/6000.4/Documentation/ScriptReference/ParticleSystem.MinMaxGradient.html,unity_docs_incremental_260527_002,3,E:/系统/桌面/工作区/本学期/大三下/IT项目管理/大作业/Data/KnowledgeBase/processed_clean/dify_import/unity_docs_chunk_27261092d35038ef.md,1800,2026-05-27T13:13:30.150810+00:00
chunk_5004cfe911cdbc37,unity_033b00e902b59894,unity_docs,official_documentation,ScriptReference,,MinMaxGradient,https://docs.unity3d.com/6000.4/Documentation/ScriptReference/ParticleSystem.MinMaxGradient.html,unity_docs_incremental_260527_002,4,E:/系统/桌面/工作区/本学期/大三下/IT项目管理/大作业/Data/KnowledgeBase/processed_clean/dify_import/unity_docs_chunk_5004cfe911cdbc37.md,1119,2026-05-27T13:13:30.151377+00:00
chunk_3de50cece4f19da6,unity_16a1af1d9ea99adf,unity_docs,official_documentation,ScriptReference,,Particle,https://docs.unity3d.com/6000.4/Documentation/ScriptReference/ParticleSystem.Particle.html,unity_docs_incremental_260527_002,1,E:/系统/桌面/工作区/本学期/大三下/IT项目管理/大作业/Data/KnowledgeBase/processed_clean/dify_import/unity_docs_chunk_3de50cece4f19da6.md,1795,2026-05-27T13:13:30.152823+00:00
chunk_cd25c2d1a94bb735,unity_16a1af1d9ea99adf,unity_docs,official_documentation,ScriptReference,,Particle,https://docs.unity3d.com/6000.4/Documentation/ScriptReference/ParticleSystem.Particle.html,unity_docs_incremental_260527_002,2,E:/系统/桌面/工作区/本学期/大三下/IT项目管理/大作业/Data/KnowledgeBase/processed_clean/dify_import/unity_docs_chunk_cd25c2d1a94bb735.md,349,2026-05-27T13:13:30.153389+00:00
chunk_cecce76411c5294d,unity_f324200d9e6b2499,unity_docs,official_documentation,ScriptReference,,ParticleSystem .collision,https://docs.unity3d.com/6000.4/Documentation/ScriptReference/ParticleSystem-collision.html,unity_docs_incremental_260527_002,1,E:/系统/桌面/工作区/本学期/大三下/IT项目管理/大作业/Data/KnowledgeBase/processed_clean/dify_import/unity_docs_chunk_cecce76411c5294d.md,886,2026-05-27T13:13:30.154682+00:00
chunk_ccdcb8c12191dacd,unity_0c198d1d166a45b4,unity_docs,official_documentation,ScriptReference,,ParticleSystem .colorBySpeed,https://docs.unity3d.com/6000.4/Documentation/ScriptReference/ParticleSystem-colorBySpeed.html,unity_docs_incremental_260527_002,1,E:/系统/桌面/工作区/本学期/大三下/IT项目管理/大作业/Data/KnowledgeBase/processed_clean/dify_import/unity_docs_chunk_ccdcb8c12191dacd.md,1164,2026-05-27T13:13:30.155841+00:00
chunk_e121580d590a5f38,unity_e0e194b416287fca,unity_docs,official_documentation,ScriptReference,,ParticleSystem .colorOverLifetime,https://docs.unity3d.com/6000.4/Documentation/ScriptReference/ParticleSystem-colorOverLifetime.html,unity_docs_incremental_260527_002,1,E:/系统/桌面/工作区/本学期/大三下/IT项目管理/大作业/Data/KnowledgeBase/processed_clean/dify_import/unity_docs_chunk_e121580d590a5f38.md,1219,2026-05-27T13:13:30.157174+00:00
chunk_1e393263b0eb3201,unity_0c07655f4c9cfbe9,unity_docs,official_documentation,ScriptReference,,ParticleSystem .customData,https://docs.unity3d.com/6000.4/Documentation/ScriptReference/ParticleSystem-customData.html,unity_docs_incremental_260527_002,1,E:/系统/桌面/工作区/本学期/大三下/IT项目管理/大作业/Data/KnowledgeBase/processed_clean/dify_import/unity_docs_chunk_1e393263b0eb3201.md,1787,2026-05-27T13:13:30.158411+00:00
chunk_558f2dd4dd14ffb3,unity_bb1458b485aab80c,unity_docs,official_documentation,ScriptReference,,ParticleSystem .externalForces,https://docs.unity3d.com/6000.4/Documentation/ScriptReference/ParticleSystem-externalForces.html,unity_docs_incremental_260527_002,1,E:/系统/桌面/工作区/本学期/大三下/IT项目管理/大作业/Data/KnowledgeBase/processed_clean/dify_import/unity_docs_chunk_558f2dd4dd14ffb3.md,911,2026-05-27T13:13:30.159613+00:00
chunk_29d8d4403ee5442c,unity_aafaf291bfc6c841,unity_docs,official_documentation,ScriptReference,,ParticleSystem .forceOverLifetime,https://docs.unity3d.com/6000.4/Documentation/ScriptReference/ParticleSystem-forceOverLifetime.html,unity_docs_incremental_260527_002,1,E:/系统/桌面/工作区/本学期/大三下/IT项目管理/大作业/Data/KnowledgeBase/processed_clean/dify_import/unity_docs_chunk_29d8d4403ee5442c.md,1072,2026-05-27T13:13:30.161303+00:00
chunk_14ba9d7d0606c597,unity_a907558be8286058,unity_docs,official_documentation,ScriptReference,,ParticleSystem .has3DParticleRotations,https://docs.unity3d.com/6000.4/Documentation/ScriptReference/ParticleSystem-has3DParticleRotations.html,unity_docs_incremental_260527_002,1,E:/系统/桌面/工作区/本学期/大三下/IT项目管理/大作业/Data/KnowledgeBase/processed_clean/dify_import/unity_docs_chunk_14ba9d7d0606c597.md,474,2026-05-27T13:13:30.162638+00:00
chunk_5035fdc2de8e4fe7,unity_01ccf05ed9e5dd14,unity_docs,official_documentation,ScriptReference,,ParticleSystem .hasNonUniformParticleSizes,https://docs.unity3d.com/6000.4/Documentation/ScriptReference/ParticleSystem-hasNonUniformParticleSizes.html,unity_docs_incremental_260527_002,1,E:/系统/桌面/工作区/本学期/大三下/IT项目管理/大作业/Data/KnowledgeBase/processed_clean/dify_import/unity_docs_chunk_5035fdc2de8e4fe7.md,507,2026-05-27T13:13:30.163890+00:00
chunk_91633c52681ac3ac,unity_92103342cbe78b4a,unity_docs,official_documentation,ScriptReference,,ParticleSystem .inheritVelocity,https://docs.unity3d.com/6000.4/Documentation/ScriptReference/ParticleSystem-inheritVelocity.html,unity_docs_incremental_260527_002,1,E:/系统/桌面/工作区/本学期/大三下/IT项目管理/大作业/Data/KnowledgeBase/processed_clean/dify_import/unity_docs_chunk_91633c52681ac3ac.md,1227,2026-05-27T13:13:30.165112+00:00
chunk_3d01d205a5065559,unity_e6fd305d85633486,unity_docs,official_documentation,ScriptReference,,ParticleSystem .isEmitting,https://docs.unity3d.com/6000.4/Documentation/ScriptReference/ParticleSystem-isEmitting.html,unity_docs_incremental_260527_002,1,E:/系统/桌面/工作区/本学期/大三下/IT项目管理/大作业/Data/KnowledgeBase/processed_clean/dify_import/unity_docs_chunk_3d01d205a5065559.md,537,2026-05-27T13:13:30.166148+00:00
chunk_7e10dd4826c84fe2,unity_8d975abf8a2e501e,unity_docs,official_documentation,ScriptReference,,ParticleSystem .isPaused,https://docs.unity3d.com/6000.4/Documentation/ScriptReference/ParticleSystem-isPaused.html,unity_docs_incremental_260527_002,1,E:/系统/桌面/工作区/本学期/大三下/IT项目管理/大作业/Data/KnowledgeBase/processed_clean/dify_import/unity_docs_chunk_7e10dd4826c84fe2.md,310,2026-05-27T13:13:30.167301+00:00
chunk_d1bec4663f1242c9,unity_8556d8f1580b528f,unity_docs,official_documentation,ScriptReference,,ParticleSystem .isPlaying,https://docs.unity3d.com/6000.4/Documentation/ScriptReference/ParticleSystem-isPlaying.html,unity_docs_incremental_260527_002,1,E:/系统/桌面/工作区/本学期/大三下/IT项目管理/大作业/Data/KnowledgeBase/processed_clean/dify_import/unity_docs_chunk_d1bec4663f1242c9.md,1638,2026-05-27T13:13:30.168742+00:00
chunk_9ee3c36f90cf0efb,unity_4d50072ca6a88e4c,unity_docs,official_documentation,ScriptReference,,ParticleSystem .isStopped,https://docs.unity3d.com/6000.4/Documentation/ScriptReference/ParticleSystem-isStopped.html,unity_docs_incremental_260527_002,1,E:/系统/桌面/工作区/本学期/大三下/IT项目管理/大作业/Data/KnowledgeBase/processed_clean/dify_import/unity_docs_chunk_9ee3c36f90cf0efb.md,592,2026-05-27T13:13:30.170092+00:00
chunk_ae69a092996ec7ac,unity_fadd997d1f61f5b0,unity_docs,official_documentation,ScriptReference,,ParticleSystem .lifetimeByEmitterSpeed,https://docs.unity3d.com/6000.4/Documentation/ScriptReference/ParticleSystem-lifetimeByEmitterSpeed.html,unity_docs_incremental_260527_002,1,E:/系统/桌面/工作区/本学期/大三下/IT项目管理/大作业/Data/KnowledgeBase/processed_clean/dify_import/unity_docs_chunk_ae69a092996ec7ac.md,1796,2026-05-27T13:13:30.171295+00:00
chunk_c98dafefc43ab98e,unity_fadd997d1f61f5b0,unity_docs,official_documentation,ScriptReference,,ParticleSystem .lifetimeByEmitterSpeed,https://docs.unity3d.com/6000.4/Documentation/ScriptReference/ParticleSystem-lifetimeByEmitterSpeed.html,unity_docs_incremental_260527_002,2,E:/系统/桌面/工作区/本学期/大三下/IT项目管理/大作业/Data/KnowledgeBase/processed_clean/dify_import/unity_docs_chunk_c98dafefc43ab98e.md,317,2026-05-27T13:13:30.172069+00:00
chunk_c73458e9ae078573,unity_03435a523636914f,unity_docs,official_documentation,ScriptReference,,ParticleSystem .lights,https://docs.unity3d.com/6000.4/Documentation/ScriptReference/ParticleSystem-lights.html,unity_docs_incremental_260527_002,1,E:/系统/桌面/工作区/本学期/大三下/IT项目管理/大作业/Data/KnowledgeBase/processed_clean/dify_import/unity_docs_chunk_c73458e9ae078573.md,1195,2026-05-27T13:13:30.173221+00:00
chunk_38cfa41eac29df95,unity_15ec36b5edf1f6a3,unity_docs,official_documentation,ScriptReference,,ParticleSystem .limitVelocityOverLifetime,https://docs.unity3d.com/6000.4/Documentation/ScriptReference/ParticleSystem-limitVelocityOverLifetime.html,unity_docs_incremental_260527_002,1,E:/系统/桌面/工作区/本学期/大三下/IT项目管理/大作业/Data/KnowledgeBase/processed_clean/dify_import/unity_docs_chunk_38cfa41eac29df95.md,1150,2026-05-27T13:13:30.174395+00:00
chunk_56e86d9643c8a23e,unity_b4cbe39b67d75125,unity_docs,official_documentation,ScriptReference,,ParticleSystem .particleCount,https://docs.unity3d.com/6000.4/Documentation/ScriptReference/ParticleSystem-particleCount.html,unity_docs_incremental_260527_002,1,E:/系统/桌面/工作区/本学期/大三下/IT项目管理/大作业/Data/KnowledgeBase/processed_clean/dify_import/unity_docs_chunk_56e86d9643c8a23e.md,387,2026-05-27T13:13:30.175782+00:00
chunk_52795af4398dc07a,unity_b24745de42806151,unity_docs,official_documentation,ScriptReference,,ParticleSystem .proceduralSimulationSupported,https://docs.unity3d.com/6000.4/Documentation/ScriptReference/ParticleSystem-proceduralSimulationSupported.html,unity_docs_incremental_260527_002,1,E:/系统/桌面/工作区/本学期/大三下/IT项目管理/大作业/Data/KnowledgeBase/processed_clean/dify_import/unity_docs_chunk_52795af4398dc07a.md,1483,2026-05-27T13:13:30.177616+00:00
chunk_53412df33e85d438,unity_f428ad479d46bae0,unity_docs,official_documentation,ScriptReference,,ParticleSystem .randomSeed,https://docs.unity3d.com/6000.4/Documentation/ScriptReference/ParticleSystem-randomSeed.html,unity_docs_incremental_260527_002,1,E:/系统/桌面/工作区/本学期/大三下/IT项目管理/大作业/Data/KnowledgeBase/processed_clean/dify_import/unity_docs_chunk_53412df33e85d438.md,405,2026-05-27T13:13:30.178761+00:00
chunk_c095478d78a3dcc3,unity_f4a456a6e2636046,unity_docs,official_documentation,ScriptReference,,ParticleSystem .rotationBySpeed,https://docs.unity3d.com/6000.4/Documentation/ScriptReference/ParticleSystem-rotationBySpeed.html,unity_docs_incremental_260527_002,1,E:/系统/桌面/工作区/本学期/大三下/IT项目管理/大作业/Data/KnowledgeBase/processed_clean/dify_import/unity_docs_chunk_c095478d78a3dcc3.md,1109,2026-05-27T13:13:30.179877+00:00
chunk_3c7eeae32a458e12,unity_dbd186d99f8bc1d6,unity_docs,official_documentation,ScriptReference,,ParticleSystem .rotationOverLifetime,https://docs.unity3d.com/6000.4/Documentation/ScriptReference/ParticleSystem-rotationOverLifetime.html,unity_docs_incremental_260527_002,1,E:/系统/桌面/工作区/本学期/大三下/IT项目管理/大作业/Data/KnowledgeBase/processed_clean/dify_import/unity_docs_chunk_3c7eeae32a458e12.md,1149,2026-05-27T13:13:30.180915+00:00
chunk_8ea2d3190cb348b7,unity_3eadac20af4f3a0e,unity_docs,official_documentation,ScriptReference,,ParticleSystem .shape,https://docs.unity3d.com/6000.4/Documentation/ScriptReference/ParticleSystem-shape.html,unity_docs_incremental_260527_002,1,E:/系统/桌面/工作区/本学期/大三下/IT项目管理/大作业/Data/KnowledgeBase/processed_clean/dify_import/unity_docs_chunk_8ea2d3190cb348b7.md,874,2026-05-27T13:13:30.182366+00:00
chunk_3be93d2911decbc0,unity_02f224c6abfc5ee9,unity_docs,official_documentation,ScriptReference,,ParticleSystem .sizeBySpeed,https://docs.unity3d.com/6000.4/Documentation/ScriptReference/ParticleSystem-sizeBySpeed.html,unity_docs_incremental_260527_002,1,E:/系统/桌面/工作区/本学期/大三下/IT项目管理/大作业/Data/KnowledgeBase/processed_clean/dify_import/unity_docs_chunk_3be93d2911decbc0.md,1034,2026-05-27T13:13:30.183667+00:00
chunk_e3edc40c6864a9f4,unity_0638ece694e65e71,unity_docs,official_documentation,ScriptReference,,ParticleSystem .sizeOverLifetime,https://docs.unity3d.com/6000.4/Documentation/ScriptReference/ParticleSystem-sizeOverLifetime.html,unity_docs_incremental_260527_002,1,E:/系统/桌面/工作区/本学期/大三下/IT项目管理/大作业/Data/KnowledgeBase/processed_clean/dify_import/unity_docs_chunk_e3edc40c6864a9f4.md,1032,2026-05-27T13:13:30.184936+00:00
chunk_9af52dbfee210318,unity_061823d86439e200,unity_docs,official_documentation,ScriptReference,,ParticleSystem .subEmitters,https://docs.unity3d.com/6000.4/Documentation/ScriptReference/ParticleSystem-subEmitters.html,unity_docs_incremental_260527_002,1,E:/系统/桌面/工作区/本学期/大三下/IT项目管理/大作业/Data/KnowledgeBase/processed_clean/dify_import/unity_docs_chunk_9af52dbfee210318.md,1799,2026-05-27T13:13:30.186519+00:00
chunk_cc695da59909462d,unity_061823d86439e200,unity_docs,official_documentation,ScriptReference,,ParticleSystem .subEmitters,https://docs.unity3d.com/6000.4/Documentation/ScriptReference/ParticleSystem-subEmitters.html,unity_docs_incremental_260527_002,2,E:/系统/桌面/工作区/本学期/大三下/IT项目管理/大作业/Data/KnowledgeBase/processed_clean/dify_import/unity_docs_chunk_cc695da59909462d.md,957,2026-05-27T13:13:30.187384+00:00
chunk_94cc6e36c7eae33b,unity_56d50ae71fac9763,unity_docs,official_documentation,ScriptReference,,ParticleSystem .textureSheetAnimation,https://docs.unity3d.com/6000.4/Documentation/ScriptReference/ParticleSystem-textureSheetAnimation.html,unity_docs_incremental_260527_002,1,E:/系统/桌面/工作区/本学期/大三下/IT项目管理/大作业/Data/KnowledgeBase/processed_clean/dify_import/unity_docs_chunk_94cc6e36c7eae33b.md,1482,2026-05-27T13:13:30.188878+00:00
chunk_541692484ab25ee0,unity_7d94f7f14f4cbfef,unity_docs,official_documentation,ScriptReference,,ParticleSystem .time,https://docs.unity3d.com/6000.4/Documentation/ScriptReference/ParticleSystem-time.html,unity_docs_incremental_260527_002,1,E:/系统/桌面/工作区/本学期/大三下/IT项目管理/大作业/Data/KnowledgeBase/processed_clean/dify_import/unity_docs_chunk_541692484ab25ee0.md,591,2026-05-27T13:13:30.190451+00:00
chunk_b467e761e5bfb099,unity_584a863e97505bc7,unity_docs,official_documentation,ScriptReference,,ParticleSystem .totalTime,https://docs.unity3d.com/6000.4/Documentation/ScriptReference/ParticleSystem-totalTime.html,unity_docs_incremental_260527_002,1,E:/系统/桌面/工作区/本学期/大三下/IT项目管理/大作业/Data/KnowledgeBase/processed_clean/dify_import/unity_docs_chunk_b467e761e5bfb099.md,548,2026-05-27T13:13:30.191675+00:00
chunk_60f6e91a3b56514a,unity_73a4de5a79571410,unity_docs,official_documentation,ScriptReference,,ParticleSystem .trails,https://docs.unity3d.com/6000.4/Documentation/ScriptReference/ParticleSystem-trails.html,unity_docs_incremental_260527_002,1,E:/系统/桌面/工作区/本学期/大三下/IT项目管理/大作业/Data/KnowledgeBase/processed_clean/dify_import/unity_docs_chunk_60f6e91a3b56514a.md,918,2026-05-27T13:13:30.193221+00:00
chunk_9facbc4b56134b2d,unity_3444ca389ce573c1,unity_docs,official_documentation,ScriptReference,,ParticleSystem .trigger,https://docs.unity3d.com/6000.4/Documentation/ScriptReference/ParticleSystem-trigger.html,unity_docs_incremental_260527_002,1,E:/系统/桌面/工作区/本学期/大三下/IT项目管理/大作业/Data/KnowledgeBase/processed_clean/dify_import/unity_docs_chunk_9facbc4b56134b2d.md,742,2026-05-27T13:13:30.194398+00:00
chunk_2ea91b86dbb7112d,unity_95b872e2c166503b,unity_docs,official_documentation,ScriptReference,,ParticleSystem .useAutoRandomSeed,https://docs.unity3d.com/6000.4/Documentation/ScriptReference/ParticleSystem-useAutoRandomSeed.html,unity_docs_incremental_260527_002,1,E:/系统/桌面/工作区/本学期/大三下/IT项目管理/大作业/Data/KnowledgeBase/processed_clean/dify_import/unity_docs_chunk_2ea91b86dbb7112d.md,776,2026-05-27T13:13:30.195500+00:00
chunk_39eb3f301e254fdf,unity_50e3d6c88ed713f0,unity_docs,official_documentation,ScriptReference,,ParticleSystem .velocityOverLifetime,https://docs.unity3d.com/6000.4/Documentation/ScriptReference/ParticleSystem-velocityOverLifetime.html,unity_docs_incremental_260527_002,1,E:/系统/桌面/工作区/本学期/大三下/IT项目管理/大作业/Data/KnowledgeBase/processed_clean/dify_import/unity_docs_chunk_39eb3f301e254fdf.md,1109,2026-05-27T13:13:30.197034+00:00
chunk_fdc84324c2576840,unity_c19b2eba5bb6e5aa,unity_docs,official_documentation,ScriptReference,,ParticleSystem .AllocateAxisOfRotationAttribute,https://docs.unity3d.com/6000.4/Documentation/ScriptReference/ParticleSystem.AllocateAxisOfRotationAttribute.html,unity_docs_incremental_260527_002,1,E:/系统/桌面/工作区/本学期/大三下/IT项目管理/大作业/Data/KnowledgeBase/processed_clean/dify_import/unity_docs_chunk_fdc84324c2576840.md,535,2026-05-27T13:13:30.198454+00:00
chunk_00de6cfbc1071b33,unity_a7a416507f1638f8,unity_docs,official_documentation,ScriptReference,,ParticleSystem .AllocateCustomDataAttribute,https://docs.unity3d.com/6000.4/Documentation/ScriptReference/ParticleSystem.AllocateCustomDataAttribute.html,unity_docs_incremental_260527_002,1,E:/系统/桌面/工作区/本学期/大三下/IT项目管理/大作业/Data/KnowledgeBase/processed_clean/dify_import/unity_docs_chunk_00de6cfbc1071b33.md,664,2026-05-27T13:13:30.199535+00:00
chunk_7cd98e861eb6dea0,unity_135117260d32dc2a,unity_docs,official_documentation,ScriptReference,,ParticleSystem .AllocateMeshIndexAttribute,https://docs.unity3d.com/6000.4/Documentation/ScriptReference/ParticleSystem.AllocateMeshIndexAttribute.html,unity_docs_incremental_260527_002,1,E:/系统/桌面/工作区/本学期/大三下/IT项目管理/大作业/Data/KnowledgeBase/processed_clean/dify_import/unity_docs_chunk_7cd98e861eb6dea0.md,511,2026-05-27T13:13:30.200529+00:00
chunk_951956a0387bae80,unity_1921cf3bf0afec4d,unity_docs,official_documentation,ScriptReference,,ParticleSystem .Clear,https://docs.unity3d.com/6000.4/Documentation/ScriptReference/ParticleSystem.Clear.html,unity_docs_incremental_260527_002,1,E:/系统/桌面/工作区/本学期/大三下/IT项目管理/大作业/Data/KnowledgeBase/processed_clean/dify_import/unity_docs_chunk_951956a0387bae80.md,655,2026-05-27T13:13:30.201588+00:00
chunk_15499019ff551151,unity_51cf859a872608f7,unity_docs,official_documentation,ScriptReference,,ParticleSystem .Emit,https://docs.unity3d.com/6000.4/Documentation/ScriptReference/ParticleSystem.Emit.html,unity_docs_incremental_260527_002,1,E:/系统/桌面/工作区/本学期/大三下/IT项目管理/大作业/Data/KnowledgeBase/processed_clean/dify_import/unity_docs_chunk_15499019ff551151.md,1791,2026-05-27T13:13:30.203127+00:00
chunk_6fddcd299c44dc69,unity_51cf859a872608f7,unity_docs,official_documentation,ScriptReference,,ParticleSystem .Emit,https://docs.unity3d.com/6000.4/Documentation/ScriptReference/ParticleSystem.Emit.html,unity_docs_incremental_260527_002,2,E:/系统/桌面/工作区/本学期/大三下/IT项目管理/大作业/Data/KnowledgeBase/processed_clean/dify_import/unity_docs_chunk_6fddcd299c44dc69.md,259,2026-05-27T13:13:30.203817+00:00
chunk_74f803f0e49bea9b,unity_9020c56f16449c01,unity_docs,official_documentation,ScriptReference,,ParticleSystem .GetCustomParticleData,https://docs.unity3d.com/6000.4/Documentation/ScriptReference/ParticleSystem.GetCustomParticleData.html,unity_docs_incremental_260527_002,1,E:/系统/桌面/工作区/本学期/大三下/IT项目管理/大作业/Data/KnowledgeBase/processed_clean/dify_import/unity_docs_chunk_74f803f0e49bea9b.md,690,2026-05-27T13:13:30.204911+00:00
chunk_c497c66b42f26581,unity_3d6321a215785e5a,unity_docs,official_documentation,ScriptReference,,ParticleSystem .GetParticles,https://docs.unity3d.com/6000.4/Documentation/ScriptReference/ParticleSystem.GetParticles.html,unity_docs_incremental_260527_002,1,E:/系统/桌面/工作区/本学期/大三下/IT项目管理/大作业/Data/KnowledgeBase/processed_clean/dify_import/unity_docs_chunk_c497c66b42f26581.md,1775,2026-05-27T13:13:30.206204+00:00
chunk_b0cfedba21442b57,unity_3d6321a215785e5a,unity_docs,official_documentation,ScriptReference,,ParticleSystem .GetParticles,https://docs.unity3d.com/6000.4/Documentation/ScriptReference/ParticleSystem.GetParticles.html,unity_docs_incremental_260527_002,2,E:/系统/桌面/工作区/本学期/大三下/IT项目管理/大作业/Data/KnowledgeBase/processed_clean/dify_import/unity_docs_chunk_b0cfedba21442b57.md,731,2026-05-27T13:13:30.207136+00:00
chunk_0058c5fd4e724ab6,unity_5a899dbcbe322a0a,unity_docs,official_documentation,ScriptReference,,ParticleSystem .GetPlaybackState,https://docs.unity3d.com/6000.4/Documentation/ScriptReference/ParticleSystem.GetPlaybackState.html,unity_docs_incremental_260527_002,1,E:/系统/桌面/工作区/本学期/大三下/IT项目管理/大作业/Data/KnowledgeBase/processed_clean/dify_import/unity_docs_chunk_0058c5fd4e724ab6.md,757,2026-05-27T13:13:30.208500+00:00
chunk_9f92a1088fe49c5e,unity_7db5fc98343597e6,unity_docs,official_documentation,ScriptReference,,ParticleSystem .GetTrails,https://docs.unity3d.com/6000.4/Documentation/ScriptReference/ParticleSystem.GetTrails.html,unity_docs_incremental_260527_002,1,E:/系统/桌面/工作区/本学期/大三下/IT项目管理/大作业/Data/KnowledgeBase/processed_clean/dify_import/unity_docs_chunk_9f92a1088fe49c5e.md,1339,2026-05-27T13:13:30.209996+00:00
chunk_2b7baf3a2fd21080,unity_9cb607ab06e9f7a3,unity_docs,official_documentation,ScriptReference,,ParticleSystem .IsAlive,https://docs.unity3d.com/6000.4/Documentation/ScriptReference/ParticleSystem.IsAlive.html,unity_docs_incremental_260527_002,1,E:/系统/桌面/工作区/本学期/大三下/IT项目管理/大作业/Data/KnowledgeBase/processed_clean/dify_import/unity_docs_chunk_2b7baf3a2fd21080.md,700,2026-05-27T13:13:30.211422+00:00
chunk_e6d3432c5f3dd3c2,unity_4e00a456f78e7323,unity_docs,official_documentation,ScriptReference,,ParticleSystem .Pause,https://docs.unity3d.com/6000.4/Documentation/ScriptReference/ParticleSystem.Pause.html,unity_docs_incremental_260527_002,1,E:/系统/桌面/工作区/本学期/大三下/IT项目管理/大作业/Data/KnowledgeBase/processed_clean/dify_import/unity_docs_chunk_e6d3432c5f3dd3c2.md,1778,2026-05-27T13:13:30.212943+00:00
chunk_8726afdb095d9e5b,unity_4e00a456f78e7323,unity_docs,official_documentation,ScriptReference,,ParticleSystem .Pause,https://docs.unity3d.com/6000.4/Documentation/ScriptReference/ParticleSystem.Pause.html,unity_docs_incremental_260527_002,2,E:/系统/桌面/工作区/本学期/大三下/IT项目管理/大作业/Data/KnowledgeBase/processed_clean/dify_import/unity_docs_chunk_8726afdb095d9e5b.md,436,2026-05-27T13:13:30.213524+00:00
chunk_0593cc668f1c9561,unity_f4d195ce1b6121eb,unity_docs,official_documentation,ScriptReference,,ParticleSystem .Play,https://docs.unity3d.com/6000.4/Documentation/ScriptReference/ParticleSystem.Play.html,unity_docs_incremental_260527_002,1,E:/系统/桌面/工作区/本学期/大三下/IT项目管理/大作业/Data/KnowledgeBase/processed_clean/dify_import/unity_docs_chunk_0593cc668f1c9561.md,1703,2026-05-27T13:13:30.214954+00:00
chunk_8a37b3ebccb5b947,unity_f4d195ce1b6121eb,unity_docs,official_documentation,ScriptReference,,ParticleSystem .Play,https://docs.unity3d.com/6000.4/Documentation/ScriptReference/ParticleSystem.Play.html,unity_docs_incremental_260527_002,2,E:/系统/桌面/工作区/本学期/大三下/IT项目管理/大作业/Data/KnowledgeBase/processed_clean/dify_import/unity_docs_chunk_8a37b3ebccb5b947.md,1765,2026-05-27T13:13:30.215577+00:00
chunk_681e39045246bf38,unity_f4d195ce1b6121eb,unity_docs,official_documentation,ScriptReference,,ParticleSystem .Play,https://docs.unity3d.com/6000.4/Documentation/ScriptReference/ParticleSystem.Play.html,unity_docs_incremental_260527_002,3,E:/系统/桌面/工作区/本学期/大三下/IT项目管理/大作业/Data/KnowledgeBase/processed_clean/dify_import/unity_docs_chunk_681e39045246bf38.md,786,2026-05-27T13:13:30.216647+00:00
chunk_3f9f2ff59bde8a6b,unity_c945e036e1f82621,unity_docs,official_documentation,ScriptReference,,ParticleSystem .SetCustomParticleData,https://docs.unity3d.com/6000.4/Documentation/ScriptReference/ParticleSystem.SetCustomParticleData.html,unity_docs_incremental_260527_002,1,E:/系统/桌面/工作区/本学期/大三下/IT项目管理/大作业/Data/KnowledgeBase/processed_clean/dify_import/unity_docs_chunk_3f9f2ff59bde8a6b.md,1787,2026-05-27T13:13:30.218714+00:00
chunk_b4a3f3db7d0f6b7a,unity_c945e036e1f82621,unity_docs,official_documentation,ScriptReference,,ParticleSystem .SetCustomParticleData,https://docs.unity3d.com/6000.4/Documentation/ScriptReference/ParticleSystem.SetCustomParticleData.html,unity_docs_incremental_260527_002,2,E:/系统/桌面/工作区/本学期/大三下/IT项目管理/大作业/Data/KnowledgeBase/processed_clean/dify_import/unity_docs_chunk_b4a3f3db7d0f6b7a.md,1753,2026-05-27T13:13:30.219352+00:00
chunk_9bd1ddb4dcfe83a7,unity_c945e036e1f82621,unity_docs,official_documentation,ScriptReference,,ParticleSystem .SetCustomParticleData,https://docs.unity3d.com/6000.4/Documentation/ScriptReference/ParticleSystem.SetCustomParticleData.html,unity_docs_incremental_260527_002,3,E:/系统/桌面/工作区/本学期/大三下/IT项目管理/大作业/Data/KnowledgeBase/processed_clean/dify_import/unity_docs_chunk_9bd1ddb4dcfe83a7.md,1799,2026-05-27T13:13:30.220006+00:00
chunk_db4fc2f8e20d81d5,unity_c945e036e1f82621,unity_docs,official_documentation,ScriptReference,,ParticleSystem .SetCustomParticleData,https://docs.unity3d.com/6000.4/Documentation/ScriptReference/ParticleSystem.SetCustomParticleData.html,unity_docs_incremental_260527_002,4,E:/系统/桌面/工作区/本学期/大三下/IT项目管理/大作业/Data/KnowledgeBase/processed_clean/dify_import/unity_docs_chunk_db4fc2f8e20d81d5.md,473,2026-05-27T13:13:30.220865+00:00
chunk_ab7762b351b9df26,unity_c29a6720be9f95f3,unity_docs,official_documentation,ScriptReference,,ParticleSystem .SetParticles,https://docs.unity3d.com/6000.4/Documentation/ScriptReference/ParticleSystem.SetParticles.html,unity_docs_incremental_260527_002,1,E:/系统/桌面/工作区/本学期/大三下/IT项目管理/大作业/Data/KnowledgeBase/processed_clean/dify_import/unity_docs_chunk_ab7762b351b9df26.md,1441,2026-05-27T13:13:30.222306+00:00
chunk_c4ff091072017c63,unity_55c04a5bf57cfbda,unity_docs,official_documentation,ScriptReference,,ParticleSystem .SetParticlesAndTrails,https://docs.unity3d.com/6000.4/Documentation/ScriptReference/ParticleSystem.SetParticlesAndTrails.html,unity_docs_incremental_260527_002,1,E:/系统/桌面/工作区/本学期/大三下/IT项目管理/大作业/Data/KnowledgeBase/processed_clean/dify_import/unity_docs_chunk_c4ff091072017c63.md,1601,2026-05-27T13:13:30.223612+00:00
chunk_f9d522e7ecb43b4e,unity_55c04a5bf57cfbda,unity_docs,official_documentation,ScriptReference,,ParticleSystem .SetParticlesAndTrails,https://docs.unity3d.com/6000.4/Documentation/ScriptReference/ParticleSystem.SetParticlesAndTrails.html,unity_docs_incremental_260527_002,2,E:/系统/桌面/工作区/本学期/大三下/IT项目管理/大作业/Data/KnowledgeBase/processed_clean/dify_import/unity_docs_chunk_f9d522e7ecb43b4e.md,305,2026-05-27T13:13:30.224518+00:00
chunk_f98ebc8f706c41d6,unity_752e8f66c6822372,unity_docs,official_documentation,ScriptReference,,ParticleSystem .SetPlaybackState,https://docs.unity3d.com/6000.4/Documentation/ScriptReference/ParticleSystem.SetPlaybackState.html,unity_docs_incremental_260527_002,1,E:/系统/桌面/工作区/本学期/大三下/IT项目管理/大作业/Data/KnowledgeBase/processed_clean/dify_import/unity_docs_chunk_f98ebc8f706c41d6.md,844,2026-05-27T13:13:30.225972+00:00
chunk_a33833c62b65316f,unity_fefd309c41d2d4c1,unity_docs,official_documentation,ScriptReference,,ParticleSystem .Simulate,https://docs.unity3d.com/6000.4/Documentation/ScriptReference/ParticleSystem.Simulate.html,unity_docs_incremental_260527_002,1,E:/系统/桌面/工作区/本学期/大三下/IT项目管理/大作业/Data/KnowledgeBase/processed_clean/dify_import/unity_docs_chunk_a33833c62b65316f.md,1309,2026-05-27T13:13:30.226966+00:00
chunk_c5be7c94edbbf5ef,unity_945ab17ea3af787a,unity_docs,official_documentation,ScriptReference,,ParticleSystem .Stop,https://docs.unity3d.com/6000.4/Documentation/ScriptReference/ParticleSystem.Stop.html,unity_docs_incremental_260527_002,1,E:/系统/桌面/工作区/本学期/大三下/IT项目管理/大作业/Data/KnowledgeBase/processed_clean/dify_import/unity_docs_chunk_c5be7c94edbbf5ef.md,1797,2026-05-27T13:13:30.227939+00:00
chunk_a71378aee170afc9,unity_945ab17ea3af787a,unity_docs,official_documentation,ScriptReference,,ParticleSystem .Stop,https://docs.unity3d.com/6000.4/Documentation/ScriptReference/ParticleSystem.Stop.html,unity_docs_incremental_260527_002,2,E:/系统/桌面/工作区/本学期/大三下/IT项目管理/大作业/Data/KnowledgeBase/processed_clean/dify_import/unity_docs_chunk_a71378aee170afc9.md,604,2026-05-27T13:13:30.228547+00:00
chunk_9902d5bfd2fce3b5,unity_f3d63903b28ddd87,unity_docs,official_documentation,ScriptReference,,ParticleSystem .TriggerSubEmitter,https://docs.unity3d.com/6000.4/Documentation/ScriptReference/ParticleSystem.TriggerSubEmitter.html,unity_docs_incremental_260527_002,1,E:/系统/桌面/工作区/本学期/大三下/IT项目管理/大作业/Data/KnowledgeBase/processed_clean/dify_import/unity_docs_chunk_9902d5bfd2fce3b5.md,1782,2026-05-27T13:13:30.230027+00:00
chunk_13e165b1c29d501a,unity_f3d63903b28ddd87,unity_docs,official_documentation,ScriptReference,,ParticleSystem .TriggerSubEmitter,https://docs.unity3d.com/6000.4/Documentation/ScriptReference/ParticleSystem.TriggerSubEmitter.html,unity_docs_incremental_260527_002,2,E:/系统/桌面/工作区/本学期/大三下/IT项目管理/大作业/Data/KnowledgeBase/processed_clean/dify_import/unity_docs_chunk_13e165b1c29d501a.md,1061,2026-05-27T13:13:30.230942+00:00
chunk_1edf5b20f79ba7c7,unity_1bcb568e5e459793,unity_docs,official_documentation,ScriptReference,,ParticleSystem .ResetPreMappedBufferMemory,https://docs.unity3d.com/6000.4/Documentation/ScriptReference/ParticleSystem.ResetPreMappedBufferMemory.html,unity_docs_incremental_260527_002,1,E:/系统/桌面/工作区/本学期/大三下/IT项目管理/大作业/Data/KnowledgeBase/processed_clean/dify_import/unity_docs_chunk_1edf5b20f79ba7c7.md,1500,2026-05-27T13:13:30.232346+00:00
chunk_1c0099bdbf708470,unity_1e661c14ae08f9c3,unity_docs,official_documentation,ScriptReference,,ParticleSystem .SetMaximumPreMappedBufferCounts,https://docs.unity3d.com/6000.4/Documentation/ScriptReference/ParticleSystem.SetMaximumPreMappedBufferCounts.html,unity_docs_incremental_260527_002,1,E:/系统/桌面/工作区/本学期/大三下/IT项目管理/大作业/Data/KnowledgeBase/processed_clean/dify_import/unity_docs_chunk_1c0099bdbf708470.md,1741,2026-05-27T13:13:30.233816+00:00
chunk_41a38f40bf31b9b9,unity_4b10b850a9421d7e,unity_docs,official_documentation,ScriptReference,,Component .gameObject,https://docs.unity3d.com/6000.4/Documentation/ScriptReference/Component-gameObject.html,unity_docs_incremental_260527_002,1,E:/系统/桌面/工作区/本学期/大三下/IT项目管理/大作业/Data/KnowledgeBase/processed_clean/dify_import/unity_docs_chunk_41a38f40bf31b9b9.md,464,2026-05-27T13:13:30.235311+00:00
chunk_f7e97bf95caa883b,unity_5d3b71d6478b4b70,unity_docs,official_documentation,ScriptReference,,Component .tag,https://docs.unity3d.com/6000.4/Documentation/ScriptReference/Component-tag.html,unity_docs_incremental_260527_002,1,E:/系统/桌面/工作区/本学期/大三下/IT项目管理/大作业/Data/KnowledgeBase/processed_clean/dify_import/unity_docs_chunk_f7e97bf95caa883b.md,953,2026-05-27T13:13:30.236708+00:00
chunk_9a7a6386799b25d0,unity_a9172fa67cdd9c58,unity_docs,official_documentation,ScriptReference,,Component .transform,https://docs.unity3d.com/6000.4/Documentation/ScriptReference/Component-transform.html,unity_docs_incremental_260527_002,1,E:/系统/桌面/工作区/本学期/大三下/IT项目管理/大作业/Data/KnowledgeBase/processed_clean/dify_import/unity_docs_chunk_9a7a6386799b25d0.md,417,2026-05-27T13:13:30.238461+00:00
chunk_bd64db6f88483341,unity_cdc723e49e0934fc,unity_docs,official_documentation,ScriptReference,,Component .transformHandle,https://docs.unity3d.com/6000.4/Documentation/ScriptReference/Component-transformHandle.html,unity_docs_incremental_260527_002,1,E:/系统/桌面/工作区/本学期/大三下/IT项目管理/大作业/Data/KnowledgeBase/processed_clean/dify_import/unity_docs_chunk_bd64db6f88483341.md,450,2026-05-27T13:13:30.239845+00:00
chunk_3060ae8e49d53448,unity_1294a657d65ed63c,unity_docs,official_documentation,ScriptReference,,Component .BroadcastMessage,https://docs.unity3d.com/6000.4/Documentation/ScriptReference/Component.BroadcastMessage.html,unity_docs_incremental_260527_002,1,E:/系统/桌面/工作区/本学期/大三下/IT项目管理/大作业/Data/KnowledgeBase/processed_clean/dify_import/unity_docs_chunk_3060ae8e49d53448.md,1416,2026-05-27T13:13:30.241500+00:00
chunk_7fe00a285af6f953,unity_952d069be0a47ec0,unity_docs,official_documentation,ScriptReference,,Component .CompareTag,https://docs.unity3d.com/6000.4/Documentation/ScriptReference/Component.CompareTag.html,unity_docs_incremental_260527_002,1,E:/系统/桌面/工作区/本学期/大三下/IT项目管理/大作业/Data/KnowledgeBase/processed_clean/dify_import/unity_docs_chunk_7fe00a285af6f953.md,1726,2026-05-27T13:13:30.242871+00:00
chunk_181c22339e37efbc,unity_f9a71222b2c033bd,unity_docs,official_documentation,ScriptReference,,Component .GetComponentInChildren,https://docs.unity3d.com/6000.4/Documentation/ScriptReference/Component.GetComponentInChildren.html,unity_docs_incremental_260527_002,1,E:/系统/桌面/工作区/本学期/大三下/IT项目管理/大作业/Data/KnowledgeBase/processed_clean/dify_import/unity_docs_chunk_181c22339e37efbc.md,1693,2026-05-27T13:13:30.244637+00:00
chunk_4367273704647733,unity_f9a71222b2c033bd,unity_docs,official_documentation,ScriptReference,,Component .GetComponentInChildren,https://docs.unity3d.com/6000.4/Documentation/ScriptReference/Component.GetComponentInChildren.html,unity_docs_incremental_260527_002,2,E:/系统/桌面/工作区/本学期/大三下/IT项目管理/大作业/Data/KnowledgeBase/processed_clean/dify_import/unity_docs_chunk_4367273704647733.md,1798,2026-05-27T13:13:30.245473+00:00
chunk_17baf9cd4fec1e74,unity_f9a71222b2c033bd,unity_docs,official_documentation,ScriptReference,,Component .GetComponentInChildren,https://docs.unity3d.com/6000.4/Documentation/ScriptReference/Component.GetComponentInChildren.html,unity_docs_incremental_260527_002,3,E:/系统/桌面/工作区/本学期/大三下/IT项目管理/大作业/Data/KnowledgeBase/processed_clean/dify_import/unity_docs_chunk_17baf9cd4fec1e74.md,946,2026-05-27T13:13:30.246436+00:00
chunk_abcdbd3118575b19,unity_ee74c5432e86593e,unity_docs,official_documentation,ScriptReference,,Component .GetComponentIndex,https://docs.unity3d.com/6000.4/Documentation/ScriptReference/Component.GetComponentIndex.html,unity_docs_incremental_260527_002,1,E:/系统/桌面/工作区/本学期/大三下/IT项目管理/大作业/Data/KnowledgeBase/processed_clean/dify_import/unity_docs_chunk_abcdbd3118575b19.md,371,2026-05-27T13:13:30.247573+00:00
chunk_b6f2e90a05357a3f,unity_ad969d91a3c24e31,unity_docs,official_documentation,ScriptReference,,Component .GetComponentInParent,https://docs.unity3d.com/6000.4/Documentation/ScriptReference/Component.GetComponentInParent.html,unity_docs_incremental_260527_002,1,E:/系统/桌面/工作区/本学期/大三下/IT项目管理/大作业/Data/KnowledgeBase/processed_clean/dify_import/unity_docs_chunk_b6f2e90a05357a3f.md,1699,2026-05-27T13:13:30.249191+00:00
chunk_a9b4bee47d21c34e,unity_ad969d91a3c24e31,unity_docs,official_documentation,ScriptReference,,Component .GetComponentInParent,https://docs.unity3d.com/6000.4/Documentation/ScriptReference/Component.GetComponentInParent.html,unity_docs_incremental_260527_002,2,E:/系统/桌面/工作区/本学期/大三下/IT项目管理/大作业/Data/KnowledgeBase/processed_clean/dify_import/unity_docs_chunk_a9b4bee47d21c34e.md,1798,2026-05-27T13:13:30.249902+00:00
chunk_c1b2c8cafb949738,unity_ad969d91a3c24e31,unity_docs,official_documentation,ScriptReference,,Component .GetComponentInParent,https://docs.unity3d.com/6000.4/Documentation/ScriptReference/Component.GetComponentInParent.html,unity_docs_incremental_260527_002,3,E:/系统/桌面/工作区/本学期/大三下/IT项目管理/大作业/Data/KnowledgeBase/processed_clean/dify_import/unity_docs_chunk_c1b2c8cafb949738.md,875,2026-05-27T13:13:30.250840+00:00
chunk_5e2b4858568e35b8,unity_7cc8fbf0a9bf163b,unity_docs,official_documentation,ScriptReference,,Component .GetComponents,https://docs.unity3d.com/6000.4/Documentation/ScriptReference/Component.GetComponents.html,unity_docs_incremental_260527_002,1,E:/系统/桌面/工作区/本学期/大三下/IT项目管理/大作业/Data/KnowledgeBase/processed_clean/dify_import/unity_docs_chunk_5e2b4858568e35b8.md,1786,2026-05-27T13:13:30.252899+00:00
chunk_8c2ffb4fab55b9eb,unity_7cc8fbf0a9bf163b,unity_docs,official_documentation,ScriptReference,,Component .GetComponents,https://docs.unity3d.com/6000.4/Documentation/ScriptReference/Component.GetComponents.html,unity_docs_incremental_260527_002,2,E:/系统/桌面/工作区/本学期/大三下/IT项目管理/大作业/Data/KnowledgeBase/processed_clean/dify_import/unity_docs_chunk_8c2ffb4fab55b9eb.md,1506,2026-05-27T13:13:30.253893+00:00
chunk_5ca4db43b4253603,unity_5e95b2ae93cb1342,unity_docs,official_documentation,ScriptReference,,Component .GetComponentsInChildren,https://docs.unity3d.com/6000.4/Documentation/ScriptReference/Component.GetComponentsInChildren.html,unity_docs_incremental_260527_002,1,E:/系统/桌面/工作区/本学期/大三下/IT项目管理/大作业/Data/KnowledgeBase/processed_clean/dify_import/unity_docs_chunk_5ca4db43b4253603.md,1792,2026-05-27T13:13:30.255519+00:00
chunk_e73d8a786ce2c6d9,unity_5e95b2ae93cb1342,unity_docs,official_documentation,ScriptReference,,Component .GetComponentsInChildren,https://docs.unity3d.com/6000.4/Documentation/ScriptReference/Component.GetComponentsInChildren.html,unity_docs_incremental_260527_002,2,E:/系统/桌面/工作区/本学期/大三下/IT项目管理/大作业/Data/KnowledgeBase/processed_clean/dify_import/unity_docs_chunk_e73d8a786ce2c6d9.md,1700,2026-05-27T13:13:30.256287+00:00
chunk_03d7c41c15daef58,unity_5e95b2ae93cb1342,unity_docs,official_documentation,ScriptReference,,Component .GetComponentsInChildren,https://docs.unity3d.com/6000.4/Documentation/ScriptReference/Component.GetComponentsInChildren.html,unity_docs_incremental_260527_002,3,E:/系统/桌面/工作区/本学期/大三下/IT项目管理/大作业/Data/KnowledgeBase/processed_clean/dify_import/unity_docs_chunk_03d7c41c15daef58.md,1371,2026-05-27T13:13:30.256817+00:00
chunk_d4c0176a412dc295,unity_a70a0555c17eef61,unity_docs,official_documentation,ScriptReference,,Component .GetComponentsInParent,https://docs.unity3d.com/6000.4/Documentation/ScriptReference/Component.GetComponentsInParent.html,unity_docs_incremental_260527_002,1,E:/系统/桌面/工作区/本学期/大三下/IT项目管理/大作业/Data/KnowledgeBase/processed_clean/dify_import/unity_docs_chunk_d4c0176a412dc295.md,1684,2026-05-27T13:13:30.258157+00:00
chunk_3bdd7b50331068ed,unity_a70a0555c17eef61,unity_docs,official_documentation,ScriptReference,,Component .GetComponentsInParent,https://docs.unity3d.com/6000.4/Documentation/ScriptReference/Component.GetComponentsInParent.html,unity_docs_incremental_260527_002,2,E:/系统/桌面/工作区/本学期/大三下/IT项目管理/大作业/Data/KnowledgeBase/processed_clean/dify_import/unity_docs_chunk_3bdd7b50331068ed.md,1792,2026-05-27T13:13:30.259072+00:00
chunk_9fa85dd893ae7b2a,unity_a70a0555c17eef61,unity_docs,official_documentation,ScriptReference,,Component .GetComponentsInParent,https://docs.unity3d.com/6000.4/Documentation/ScriptReference/Component.GetComponentsInParent.html,unity_docs_incremental_260527_002,3,E:/系统/桌面/工作区/本学期/大三下/IT项目管理/大作业/Data/KnowledgeBase/processed_clean/dify_import/unity_docs_chunk_9fa85dd893ae7b2a.md,510,2026-05-27T13:13:30.260131+00:00
chunk_e28d545cb94fd85a,unity_cd9fe333b6a36368,unity_docs,official_documentation,ScriptReference,,Component .SendMessage,https://docs.unity3d.com/6000.4/Documentation/ScriptReference/Component.SendMessage.html,unity_docs_incremental_260527_002,1,E:/系统/桌面/工作区/本学期/大三下/IT项目管理/大作业/Data/KnowledgeBase/processed_clean/dify_import/unity_docs_chunk_e28d545cb94fd85a.md,1579,2026-05-27T13:13:30.261721+00:00
chunk_7087303c9d5340b6,unity_3fac1421ca5b6874,unity_docs,official_documentation,ScriptReference,,Component .SendMessageUpwards,https://docs.unity3d.com/6000.4/Documentation/ScriptReference/Component.SendMessageUpwards.html,unity_docs_incremental_260527_002,1,E:/系统/桌面/工作区/本学期/大三下/IT项目管理/大作业/Data/KnowledgeBase/processed_clean/dify_import/unity_docs_chunk_7087303c9d5340b6.md,1576,2026-05-27T13:13:30.263355+00:00
chunk_b7e13776b468bad0,unity_0812dcd5d4a65575,unity_docs,official_documentation,ScriptReference,,Component .TryGetComponent,https://docs.unity3d.com/6000.4/Documentation/ScriptReference/Component.TryGetComponent.html,unity_docs_incremental_260527_002,1,E:/系统/桌面/工作区/本学期/大三下/IT项目管理/大作业/Data/KnowledgeBase/processed_clean/dify_import/unity_docs_chunk_b7e13776b468bad0.md,1473,2026-05-27T13:13:30.264990+00:00
chunk_d9c95f1cf7e29c55,unity_b89eb52c0839a8e2,unity_docs,official_documentation,ScriptReference,,Flare,https://docs.unity3d.com/6000.4/Documentation/ScriptReference/Flare.html,unity_docs_incremental_260527_002,1,E:/系统/桌面/工作区/本学期/大三下/IT项目管理/大作业/Data/KnowledgeBase/processed_clean/dify_import/unity_docs_chunk_d9c95f1cf7e29c55.md,1647,2026-05-27T13:13:30.266754+00:00
chunk_141bf7be85b49a8a,unity_a36ce87269e08403,unity_docs,official_documentation,ScriptReference,,Behaviour,https://docs.unity3d.com/6000.4/Documentation/ScriptReference/Behaviour.html,unity_docs_incremental_260527_002,1,E:/系统/桌面/工作区/本学期/大三下/IT项目管理/大作业/Data/KnowledgeBase/processed_clean/dify_import/unity_docs_chunk_141bf7be85b49a8a.md,1764,2026-05-27T13:13:30.268405+00:00
chunk_cdffb3518aaef48e,unity_a36ce87269e08403,unity_docs,official_documentation,ScriptReference,,Behaviour,https://docs.unity3d.com/6000.4/Documentation/ScriptReference/Behaviour.html,unity_docs_incremental_260527_002,2,E:/系统/桌面/工作区/本学期/大三下/IT项目管理/大作业/Data/KnowledgeBase/processed_clean/dify_import/unity_docs_chunk_cdffb3518aaef48e.md,1638,2026-05-27T13:13:30.269367+00:00
chunk_77d1917230302f30,unity_318dbe9850b9111f,unity_docs,official_documentation,ScriptReference,,LensFlare .brightness,https://docs.unity3d.com/6000.4/Documentation/ScriptReference/LensFlare-brightness.html,unity_docs_incremental_260527_002,1,E:/系统/桌面/工作区/本学期/大三下/IT项目管理/大作业/Data/KnowledgeBase/processed_clean/dify_import/unity_docs_chunk_77d1917230302f30.md,745,2026-05-27T13:13:30.270797+00:00
chunk_024e6dc50239a109,unity_d6fe17f89b2f32be,unity_docs,official_documentation,ScriptReference,,LensFlare .color,https://docs.unity3d.com/6000.4/Documentation/ScriptReference/LensFlare-color.html,unity_docs_incremental_260527_002,1,E:/系统/桌面/工作区/本学期/大三下/IT项目管理/大作业/Data/KnowledgeBase/processed_clean/dify_import/unity_docs_chunk_024e6dc50239a109.md,757,2026-05-27T13:13:30.272514+00:00
chunk_d496a977262445dd,unity_13e3a99931e7e757,unity_docs,official_documentation,ScriptReference,,LensFlare .fadeSpeed,https://docs.unity3d.com/6000.4/Documentation/ScriptReference/LensFlare-fadeSpeed.html,unity_docs_incremental_260527_002,1,E:/系统/桌面/工作区/本学期/大三下/IT项目管理/大作业/Data/KnowledgeBase/processed_clean/dify_import/unity_docs_chunk_d496a977262445dd.md,621,2026-05-27T13:13:30.274350+00:00
chunk_e8d7fcb06fc54496,unity_a6c5717bebb5786e,unity_docs,official_documentation,ScriptReference,,Behaviour .isActiveAndEnabled,https://docs.unity3d.com/6000.4/Documentation/ScriptReference/Behaviour-isActiveAndEnabled.html,unity_docs_incremental_260527_002,1,E:/系统/桌面/工作区/本学期/大三下/IT项目管理/大作业/Data/KnowledgeBase/processed_clean/dify_import/unity_docs_chunk_e8d7fcb06fc54496.md,1480,2026-05-27T13:13:30.275671+00:00
chunk_6ef978e23d77c91b,unity_78e4f8724b436907,unity_docs,official_documentation,ScriptReference,,XRSettings .enabled,https://docs.unity3d.com/6000.4/Documentation/ScriptReference/XR.XRSettings-enabled.html,unity_docs_incremental_260527_002,1,E:/系统/桌面/工作区/本学期/大三下/IT项目管理/大作业/Data/KnowledgeBase/processed_clean/dify_import/unity_docs_chunk_6ef978e23d77c91b.md,585,2026-05-27T13:13:30.276943+00:00
chunk_6542d82e203f9b72,unity_296b41655022e9a7,unity_docs,official_documentation,ScriptReference,,XRDisplaySubsystem,https://docs.unity3d.com/6000.4/Documentation/ScriptReference/XR.XRDisplaySubsystem.html,unity_docs_incremental_260527_002,1,E:/系统/桌面/工作区/本学期/大三下/IT项目管理/大作业/Data/KnowledgeBase/processed_clean/dify_import/unity_docs_chunk_6542d82e203f9b72.md,1570,2026-05-27T13:13:30.278972+00:00
chunk_982ada9e4a3748f8,unity_296b41655022e9a7,unity_docs,official_documentation,ScriptReference,,XRDisplaySubsystem,https://docs.unity3d.com/6000.4/Documentation/ScriptReference/XR.XRDisplaySubsystem.html,unity_docs_incremental_260527_002,2,E:/系统/桌面/工作区/本学期/大三下/IT项目管理/大作业/Data/KnowledgeBase/processed_clean/dify_import/unity_docs_chunk_982ada9e4a3748f8.md,1785,2026-05-27T13:13:30.280004+00:00
chunk_27b86b5821c27849,unity_296b41655022e9a7,unity_docs,official_documentation,ScriptReference,,XRDisplaySubsystem,https://docs.unity3d.com/6000.4/Documentation/ScriptReference/XR.XRDisplaySubsystem.html,unity_docs_incremental_260527_002,3,E:/系统/桌面/工作区/本学期/大三下/IT项目管理/大作业/Data/KnowledgeBase/processed_clean/dify_import/unity_docs_chunk_27b86b5821c27849.md,1652,2026-05-27T13:13:30.280900+00:00
chunk_b27326d71a53492e,unity_296b41655022e9a7,unity_docs,official_documentation,ScriptReference,,XRDisplaySubsystem,https://docs.unity3d.com/6000.4/Documentation/ScriptReference/XR.XRDisplaySubsystem.html,unity_docs_incremental_260527_002,4,E:/系统/桌面/工作区/本学期/大三下/IT项目管理/大作业/Data/KnowledgeBase/processed_clean/dify_import/unity_docs_chunk_b27326d71a53492e.md,1781,2026-05-27T13:13:30.281758+00:00
chunk_562bbb4057755e9a,unity_296b41655022e9a7,unity_docs,official_documentation,ScriptReference,,XRDisplaySubsystem,https://docs.unity3d.com/6000.4/Documentation/ScriptReference/XR.XRDisplaySubsystem.html,unity_docs_incremental_260527_002,5,E:/系统/桌面/工作区/本学期/大三下/IT项目管理/大作业/Data/KnowledgeBase/processed_clean/dify_import/unity_docs_chunk_562bbb4057755e9a.md,337,2026-05-27T13:13:30.282740+00:00
chunk_8d0232edfe80b4f3,unity_b973a10b4395f2e2,unity_docs,official_documentation,ScriptReference,,XRInputSubsystem,https://docs.unity3d.com/6000.4/Documentation/ScriptReference/XR.XRInputSubsystem.html,unity_docs_incremental_260527_002,1,E:/系统/桌面/工作区/本学期/大三下/IT项目管理/大作业/Data/KnowledgeBase/processed_clean/dify_import/unity_docs_chunk_8d0232edfe80b4f3.md,1784,2026-05-27T13:13:30.284149+00:00
chunk_4f978e1f26feec5d,unity_0dd52eab49086cb4,unity_docs,official_documentation,ScriptReference,,XRMeshSubsystem,https://docs.unity3d.com/6000.4/Documentation/ScriptReference/XR.XRMeshSubsystem.html,unity_docs_incremental_260527_002,1,E:/系统/桌面/工作区/本学期/大三下/IT项目管理/大作业/Data/KnowledgeBase/processed_clean/dify_import/unity_docs_chunk_4f978e1f26feec5d.md,1641,2026-05-27T13:13:30.286073+00:00
chunk_994889409805af78,unity_0dd52eab49086cb4,unity_docs,official_documentation,ScriptReference,,XRMeshSubsystem,https://docs.unity3d.com/6000.4/Documentation/ScriptReference/XR.XRMeshSubsystem.html,unity_docs_incremental_260527_002,2,E:/系统/桌面/工作区/本学期/大三下/IT项目管理/大作业/Data/KnowledgeBase/processed_clean/dify_import/unity_docs_chunk_994889409805af78.md,855,2026-05-27T13:13:30.287089+00:00
chunk_bb7974087f498812,unity_fe0f5d2c4c54277d,unity_docs,official_documentation,ScriptReference,,SpriteAtlasManager .CreateSpriteAtlas,https://docs.unity3d.com/ScriptReference/U2D.SpriteAtlasManager.CreateSpriteAtlas.html,unity_docs_incremental_260527_002,1,E:/系统/桌面/工作区/本学期/大三下/IT项目管理/大作业/Data/KnowledgeBase/processed_clean/dify_import/unity_docs_chunk_bb7974087f498812.md,734,2026-05-27T13:13:30.288826+00:00
chunk_5fc7cba03ad5fa64,unity_c16d90d87687720f,unity_docs,official_documentation,ScriptReference,,EntityId,https://docs.unity3d.com/ScriptReference/EntityId.html,unity_docs_incremental_260527_002,1,E:/系统/桌面/工作区/本学期/大三下/IT项目管理/大作业/Data/KnowledgeBase/processed_clean/dify_import/unity_docs_chunk_5fc7cba03ad5fa64.md,1797,2026-05-27T13:13:30.290945+00:00
chunk_d8c77b58d0748e69,unity_c16d90d87687720f,unity_docs,official_documentation,ScriptReference,,EntityId,https://docs.unity3d.com/ScriptReference/EntityId.html,unity_docs_incremental_260527_002,2,E:/系统/桌面/工作区/本学期/大三下/IT项目管理/大作业/Data/KnowledgeBase/processed_clean/dify_import/unity_docs_chunk_d8c77b58d0748e69.md,516,2026-05-27T13:13:30.291975+00:00
chunk_aa1fe48ab26873a8,unity_1ba340a0349d037c,unity_docs,official_documentation,ScriptReference,,GraphicsState,https://docs.unity3d.com/ScriptReference/Experimental.Rendering.GraphicsStateCollection.GraphicsState.html,unity_docs_incremental_260527_002,1,E:/系统/桌面/工作区/本学期/大三下/IT项目管理/大作业/Data/KnowledgeBase/processed_clean/dify_import/unity_docs_chunk_aa1fe48ab26873a8.md,1700,2026-05-27T13:13:30.294225+00:00
chunk_7ad9394334997077,unity_1ba340a0349d037c,unity_docs,official_documentation,ScriptReference,,GraphicsState,https://docs.unity3d.com/ScriptReference/Experimental.Rendering.GraphicsStateCollection.GraphicsState.html,unity_docs_incremental_260527_002,2,E:/系统/桌面/工作区/本学期/大三下/IT项目管理/大作业/Data/KnowledgeBase/processed_clean/dify_import/unity_docs_chunk_7ad9394334997077.md,1235,2026-05-27T13:13:30.295301+00:00
chunk_14eec8bfb07bacdb,unity_5d93e6d09ea21ce1,unity_docs,official_documentation,ScriptReference,,GraphicsStateCollection,https://docs.unity3d.com/ScriptReference/Experimental.Rendering.GraphicsStateCollection.html,unity_docs_incremental_260527_002,1,E:/系统/桌面/工作区/本学期/大三下/IT项目管理/大作业/Data/KnowledgeBase/processed_clean/dify_import/unity_docs_chunk_14eec8bfb07bacdb.md,1776,2026-05-27T13:13:30.297362+00:00
chunk_005a64932872e6c9,unity_5d93e6d09ea21ce1,unity_docs,official_documentation,ScriptReference,,GraphicsStateCollection,https://docs.unity3d.com/ScriptReference/Experimental.Rendering.GraphicsStateCollection.html,unity_docs_incremental_260527_002,2,E:/系统/桌面/工作区/本学期/大三下/IT项目管理/大作业/Data/KnowledgeBase/processed_clean/dify_import/unity_docs_chunk_005a64932872e6c9.md,1791,2026-05-27T13:13:30.298194+00:00
chunk_0c7fdfd7ed907fc6,unity_5d93e6d09ea21ce1,unity_docs,official_documentation,ScriptReference,,GraphicsStateCollection,https://docs.unity3d.com/ScriptReference/Experimental.Rendering.GraphicsStateCollection.html,unity_docs_incremental_260527_002,3,E:/系统/桌面/工作区/本学期/大三下/IT项目管理/大作业/Data/KnowledgeBase/processed_clean/dify_import/unity_docs_chunk_0c7fdfd7ed907fc6.md,1749,2026-05-27T13:13:30.298773+00:00
chunk_e711be4f936419ed,unity_5804695480cb0902,unity_docs,official_documentation,ScriptReference,,MonoBehaviour .OnMouseDown(),https://docs.unity3d.com/ScriptReference/MonoBehaviour.OnMouseDown.html,unity_docs_incremental_260527_002,1,E:/系统/桌面/工作区/本学期/大三下/IT项目管理/大作业/Data/KnowledgeBase/processed_clean/dify_import/unity_docs_chunk_e711be4f936419ed.md,1340,2026-05-27T13:13:30.300472+00:00
chunk_2b759f091c13efe4,unity_ee56c170be2c177f,unity_docs,official_documentation,ScriptReference,,MonoBehaviour .OnMouseDrag(),https://docs.unity3d.com/ScriptReference/MonoBehaviour.OnMouseDrag.html,unity_docs_incremental_260527_002,1,E:/系统/桌面/工作区/本学期/大三下/IT项目管理/大作业/Data/KnowledgeBase/processed_clean/dify_import/unity_docs_chunk_2b759f091c13efe4.md,1051,2026-05-27T13:13:30.301850+00:00
chunk_dcec4cbe4aa65334,unity_56b4eb1ba4a985a6,unity_docs,official_documentation,ScriptReference,,MonoBehaviour .OnMouseUp(),https://docs.unity3d.com/ScriptReference/MonoBehaviour.OnMouseUp.html,unity_docs_incremental_260527_002,1,E:/系统/桌面/工作区/本学期/大三下/IT项目管理/大作业/Data/KnowledgeBase/processed_clean/dify_import/unity_docs_chunk_dcec4cbe4aa65334.md,1614,2026-05-27T13:13:30.302832+00:00
chunk_1c21277a6d053c4f,unity_9e85cda113a4be40,unity_docs,official_documentation,ScriptReference,,GameWindow,https://docs.unity3d.com/ScriptReference/Windowing.GameWindow.html,unity_docs_incremental_260527_002,1,E:/系统/桌面/工作区/本学期/大三下/IT项目管理/大作业/Data/KnowledgeBase/processed_clean/dify_import/unity_docs_chunk_1c21277a6d053c4f.md,1739,2026-05-27T13:13:30.304173+00:00
chunk_35fbbd5f7b250f27,unity_9e85cda113a4be40,unity_docs,official_documentation,ScriptReference,,GameWindow,https://docs.unity3d.com/ScriptReference/Windowing.GameWindow.html,unity_docs_incremental_260527_002,2,E:/系统/桌面/工作区/本学期/大三下/IT项目管理/大作业/Data/KnowledgeBase/processed_clean/dify_import/unity_docs_chunk_35fbbd5f7b250f27.md,511,2026-05-27T13:13:30.304850+00:00
chunk_3208fb374ef2b5ea,unity_d8652019d6cd441e,unity_docs,official_documentation,ScriptReference,,GameWindow .PositionChangedThisFrame,https://docs.unity3d.com/ScriptReference/Windowing.GameWindow.PositionChangedThisFrame.html,unity_docs_incremental_260527_002,1,E:/系统/桌面/工作区/本学期/大三下/IT项目管理/大作业/Data/KnowledgeBase/processed_clean/dify_import/unity_docs_chunk_3208fb374ef2b5ea.md,975,2026-05-27T13:13:30.305930+00:00
chunk_7a4b81de3386ce27,unity_81417e7ff9474ee5,unity_docs,official_documentation,ScriptReference,,GameWindow .ResolutionChangedThisFrame,https://docs.unity3d.com/ScriptReference/Windowing.GameWindow.ResolutionChangedThisFrame.html,unity_docs_incremental_260527_002,1,E:/系统/桌面/工作区/本学期/大三下/IT项目管理/大作业/Data/KnowledgeBase/processed_clean/dify_import/unity_docs_chunk_7a4b81de3386ce27.md,1021,2026-05-27T13:13:30.307173+00:00
chunk_26c21f348992ff17,unity_ada6ba8022d2ac95,unity_docs,official_documentation,ScriptReference,,GameWindow .RegisterPositionChangedCallback,https://docs.unity3d.com/ScriptReference/Windowing.GameWindow.RegisterPositionChangedCallback.html,unity_docs_incremental_260527_002,1,E:/系统/桌面/工作区/本学期/大三下/IT项目管理/大作业/Data/KnowledgeBase/processed_clean/dify_import/unity_docs_chunk_26c21f348992ff17.md,1242,2026-05-27T13:13:30.308524+00:00
chunk_6d0f9e9fac13fe41,unity_a887beb1e23ce07a,unity_docs,official_documentation,ScriptReference,,GameWindow .RegisterResolutionChangedCallback,https://docs.unity3d.com/ScriptReference/Windowing.GameWindow.RegisterResolutionChangedCallback.html,unity_docs_incremental_260527_002,1,E:/系统/桌面/工作区/本学期/大三下/IT项目管理/大作业/Data/KnowledgeBase/processed_clean/dify_import/unity_docs_chunk_6d0f9e9fac13fe41.md,1502,2026-05-27T13:13:30.309541+00:00
chunk_fcad356a6ff77e9e,unity_4364b81f514cc98f,unity_docs,official_documentation,ScriptReference,,Microphone,https://docs.unity3d.com/ScriptReference/Microphone.html,unity_docs_incremental_260527_002,1,E:/系统/桌面/工作区/本学期/大三下/IT项目管理/大作业/Data/KnowledgeBase/processed_clean/dify_import/unity_docs_chunk_fcad356a6ff77e9e.md,1006,2026-05-27T13:13:30.310498+00:00
chunk_0c36c888a72a32b0,unity_98430f35aef0b526,unity_docs,official_documentation,ScriptReference,,PhysicsWorld,https://docs.unity3d.com/ScriptReference/LowLevelPhysics2D.PhysicsWorld.html,unity_docs_incremental_260527_002,1,E:/系统/桌面/工作区/本学期/大三下/IT项目管理/大作业/Data/KnowledgeBase/processed_clean/dify_import/unity_docs_chunk_0c36c888a72a32b0.md,1800,2026-05-27T13:13:30.313377+00:00
chunk_3efe84187049ff19,unity_98430f35aef0b526,unity_docs,official_documentation,ScriptReference,,PhysicsWorld,https://docs.unity3d.com/ScriptReference/LowLevelPhysics2D.PhysicsWorld.html,unity_docs_incremental_260527_002,2,E:/系统/桌面/工作区/本学期/大三下/IT项目管理/大作业/Data/KnowledgeBase/processed_clean/dify_import/unity_docs_chunk_3efe84187049ff19.md,1680,2026-05-27T13:13:30.314173+00:00
chunk_8bcbd5ef86834994,unity_98430f35aef0b526,unity_docs,official_documentation,ScriptReference,,PhysicsWorld,https://docs.unity3d.com/ScriptReference/LowLevelPhysics2D.PhysicsWorld.html,unity_docs_incremental_260527_002,3,E:/系统/桌面/工作区/本学期/大三下/IT项目管理/大作业/Data/KnowledgeBase/processed_clean/dify_import/unity_docs_chunk_8bcbd5ef86834994.md,1763,2026-05-27T13:13:30.315177+00:00
chunk_e4f7ab8c7ba92829,unity_98430f35aef0b526,unity_docs,official_documentation,ScriptReference,,PhysicsWorld,https://docs.unity3d.com/ScriptReference/LowLevelPhysics2D.PhysicsWorld.html,unity_docs_incremental_260527_002,4,E:/系统/桌面/工作区/本学期/大三下/IT项目管理/大作业/Data/KnowledgeBase/processed_clean/dify_import/unity_docs_chunk_e4f7ab8c7ba92829.md,1800,2026-05-27T13:13:30.315831+00:00
chunk_5c9be487158d784d,unity_98430f35aef0b526,unity_docs,official_documentation,ScriptReference,,PhysicsWorld,https://docs.unity3d.com/ScriptReference/LowLevelPhysics2D.PhysicsWorld.html,unity_docs_incremental_260527_002,5,E:/系统/桌面/工作区/本学期/大三下/IT项目管理/大作业/Data/KnowledgeBase/processed_clean/dify_import/unity_docs_chunk_5c9be487158d784d.md,1768,2026-05-27T13:13:30.316370+00:00
chunk_40390ef7c3bc034f,unity_98430f35aef0b526,unity_docs,official_documentation,ScriptReference,,PhysicsWorld,https://docs.unity3d.com/ScriptReference/LowLevelPhysics2D.PhysicsWorld.html,unity_docs_incremental_260527_002,6,E:/系统/桌面/工作区/本学期/大三下/IT项目管理/大作业/Data/KnowledgeBase/processed_clean/dify_import/unity_docs_chunk_40390ef7c3bc034f.md,1721,2026-05-27T13:13:30.317029+00:00
chunk_21b1a493ee86554b,unity_98430f35aef0b526,unity_docs,official_documentation,ScriptReference,,PhysicsWorld,https://docs.unity3d.com/ScriptReference/LowLevelPhysics2D.PhysicsWorld.html,unity_docs_incremental_260527_002,7,E:/系统/桌面/工作区/本学期/大三下/IT项目管理/大作业/Data/KnowledgeBase/processed_clean/dify_import/unity_docs_chunk_21b1a493ee86554b.md,1654,2026-05-27T13:13:30.317455+00:00
chunk_bcee880ac87be904,unity_98430f35aef0b526,unity_docs,official_documentation,ScriptReference,,PhysicsWorld,https://docs.unity3d.com/ScriptReference/LowLevelPhysics2D.PhysicsWorld.html,unity_docs_incremental_260527_002,8,E:/系统/桌面/工作区/本学期/大三下/IT项目管理/大作业/Data/KnowledgeBase/processed_clean/dify_import/unity_docs_chunk_bcee880ac87be904.md,1750,2026-05-27T13:13:30.317804+00:00
chunk_214d35ccaf480be2,unity_98430f35aef0b526,unity_docs,official_documentation,ScriptReference,,PhysicsWorld,https://docs.unity3d.com/ScriptReference/LowLevelPhysics2D.PhysicsWorld.html,unity_docs_incremental_260527_002,9,E:/系统/桌面/工作区/本学期/大三下/IT项目管理/大作业/Data/KnowledgeBase/processed_clean/dify_import/unity_docs_chunk_214d35ccaf480be2.md,1786,2026-05-27T13:13:30.318333+00:00
chunk_cb8381785259dd05,unity_98430f35aef0b526,unity_docs,official_documentation,ScriptReference,,PhysicsWorld,https://docs.unity3d.com/ScriptReference/LowLevelPhysics2D.PhysicsWorld.html,unity_docs_incremental_260527_002,10,E:/系统/桌面/工作区/本学期/大三下/IT项目管理/大作业/Data/KnowledgeBase/processed_clean/dify_import/unity_docs_chunk_cb8381785259dd05.md,1736,2026-05-27T13:13:30.318708+00:00
chunk_4b82c5a172dfb84b,unity_98430f35aef0b526,unity_docs,official_documentation,ScriptReference,,PhysicsWorld,https://docs.unity3d.com/ScriptReference/LowLevelPhysics2D.PhysicsWorld.html,unity_docs_incremental_260527_002,11,E:/系统/桌面/工作区/本学期/大三下/IT项目管理/大作业/Data/KnowledgeBase/processed_clean/dify_import/unity_docs_chunk_4b82c5a172dfb84b.md,1752,2026-05-27T13:13:30.319054+00:00
chunk_9f553a200dd21664,unity_98430f35aef0b526,unity_docs,official_documentation,ScriptReference,,PhysicsWorld,https://docs.unity3d.com/ScriptReference/LowLevelPhysics2D.PhysicsWorld.html,unity_docs_incremental_260527_002,12,E:/系统/桌面/工作区/本学期/大三下/IT项目管理/大作业/Data/KnowledgeBase/processed_clean/dify_import/unity_docs_chunk_9f553a200dd21664.md,1758,2026-05-27T13:13:30.319446+00:00
chunk_8cd3a07f3a27d0aa,unity_98430f35aef0b526,unity_docs,official_documentation,ScriptReference,,PhysicsWorld,https://docs.unity3d.com/ScriptReference/LowLevelPhysics2D.PhysicsWorld.html,unity_docs_incremental_260527_002,13,E:/系统/桌面/工作区/本学期/大三下/IT项目管理/大作业/Data/KnowledgeBase/processed_clean/dify_import/unity_docs_chunk_8cd3a07f3a27d0aa.md,1747,2026-05-27T13:13:30.319984+00:00
chunk_d6dce2edccbd6e29,unity_98430f35aef0b526,unity_docs,official_documentation,ScriptReference,,PhysicsWorld,https://docs.unity3d.com/ScriptReference/LowLevelPhysics2D.PhysicsWorld.html,unity_docs_incremental_260527_002,14,E:/系统/桌面/工作区/本学期/大三下/IT项目管理/大作业/Data/KnowledgeBase/processed_clean/dify_import/unity_docs_chunk_d6dce2edccbd6e29.md,1799,2026-05-27T13:13:30.320394+00:00
chunk_6dc8146f2ffaeddf,unity_98430f35aef0b526,unity_docs,official_documentation,ScriptReference,,PhysicsWorld,https://docs.unity3d.com/ScriptReference/LowLevelPhysics2D.PhysicsWorld.html,unity_docs_incremental_260527_002,15,E:/系统/桌面/工作区/本学期/大三下/IT项目管理/大作业/Data/KnowledgeBase/processed_clean/dify_import/unity_docs_chunk_6dc8146f2ffaeddf.md,1798,2026-05-27T13:13:30.320958+00:00
chunk_91cceb16217e66c0,unity_98430f35aef0b526,unity_docs,official_documentation,ScriptReference,,PhysicsWorld,https://docs.unity3d.com/ScriptReference/LowLevelPhysics2D.PhysicsWorld.html,unity_docs_incremental_260527_002,16,E:/系统/桌面/工作区/本学期/大三下/IT项目管理/大作业/Data/KnowledgeBase/processed_clean/dify_import/unity_docs_chunk_91cceb16217e66c0.md,1779,2026-05-27T13:13:30.321536+00:00
chunk_9809852d6aabe7bb,unity_98430f35aef0b526,unity_docs,official_documentation,ScriptReference,,PhysicsWorld,https://docs.unity3d.com/ScriptReference/LowLevelPhysics2D.PhysicsWorld.html,unity_docs_incremental_260527_002,17,E:/系统/桌面/工作区/本学期/大三下/IT项目管理/大作业/Data/KnowledgeBase/processed_clean/dify_import/unity_docs_chunk_9809852d6aabe7bb.md,1626,2026-05-27T13:13:30.322244+00:00
chunk_27473f0990c38172,unity_98430f35aef0b526,unity_docs,official_documentation,ScriptReference,,PhysicsWorld,https://docs.unity3d.com/ScriptReference/LowLevelPhysics2D.PhysicsWorld.html,unity_docs_incremental_260527_002,18,E:/系统/桌面/工作区/本学期/大三下/IT项目管理/大作业/Data/KnowledgeBase/processed_clean/dify_import/unity_docs_chunk_27473f0990c38172.md,1784,2026-05-27T13:13:30.323041+00:00
chunk_ef6015dc3706289c,unity_98430f35aef0b526,unity_docs,official_documentation,ScriptReference,,PhysicsWorld,https://docs.unity3d.com/ScriptReference/LowLevelPhysics2D.PhysicsWorld.html,unity_docs_incremental_260527_002,19,E:/系统/桌面/工作区/本学期/大三下/IT项目管理/大作业/Data/KnowledgeBase/processed_clean/dify_import/unity_docs_chunk_ef6015dc3706289c.md,374,2026-05-27T13:13:30.323679+00:00
chunk_0712fc746410c233,unity_893c026b2b827de7,unity_docs,official_documentation,ScriptReference,,AssistiveSupport,https://docs.unity3d.com/ScriptReference/Accessibility.AssistiveSupport.html,unity_docs_incremental_260527_002,1,E:/系统/桌面/工作区/本学期/大三下/IT项目管理/大作业/Data/KnowledgeBase/processed_clean/dify_import/unity_docs_chunk_0712fc746410c233.md,1786,2026-05-27T13:13:30.325080+00:00
chunk_3b0488df3080871a,unity_893c026b2b827de7,unity_docs,official_documentation,ScriptReference,,AssistiveSupport,https://docs.unity3d.com/ScriptReference/Accessibility.AssistiveSupport.html,unity_docs_incremental_260527_002,2,E:/系统/桌面/工作区/本学期/大三下/IT项目管理/大作业/Data/KnowledgeBase/processed_clean/dify_import/unity_docs_chunk_3b0488df3080871a.md,577,2026-05-27T13:13:30.325830+00:00
chunk_ecd1051f1f11938c,unity_157a358f6bced26d,unity_docs,official_documentation,ScriptReference,,AccessibilityNode .scrolled,https://docs.unity3d.com/ScriptReference/Accessibility.AccessibilityNode-scrolled.html,unity_docs_incremental_260527_002,1,E:/系统/桌面/工作区/本学期/大三下/IT项目管理/大作业/Data/KnowledgeBase/processed_clean/dify_import/unity_docs_chunk_ecd1051f1f11938c.md,1773,2026-05-27T13:13:30.326947+00:00
chunk_f1a60cae628f25d3,unity_50b4019f16b715ee,unity_docs,official_documentation,ScriptReference,,IAccessibilityNotificationDispatcher .SendPageScrolledAnnouncement,https://docs.unity3d.com/ScriptReference/Accessibility.IAccessibilityNotificationDispatcher.SendPageScrolledAnnouncement.html,unity_docs_incremental_260527_002,1,E:/系统/桌面/工作区/本学期/大三下/IT项目管理/大作业/Data/KnowledgeBase/processed_clean/dify_import/unity_docs_chunk_f1a60cae628f25d3.md,1417,2026-05-27T13:13:30.328487+00:00
chunk_d6b0c5d226b996e4,unity_ccc8f9aa64af515b,unity_docs,official_documentation,ScriptReference,,AccessibilityRole,https://docs.unity3d.com/ScriptReference/Accessibility.AccessibilityRole.html,unity_docs_incremental_260527_002,1,E:/系统/桌面/工作区/本学期/大三下/IT项目管理/大作业/Data/KnowledgeBase/processed_clean/dify_import/unity_docs_chunk_d6b0c5d226b996e4.md,1784,2026-05-27T13:13:30.330179+00:00
chunk_e32a3d45c1893cc3,unity_ccc8f9aa64af515b,unity_docs,official_documentation,ScriptReference,,AccessibilityRole,https://docs.unity3d.com/ScriptReference/Accessibility.AccessibilityRole.html,unity_docs_incremental_260527_002,2,E:/系统/桌面/工作区/本学期/大三下/IT项目管理/大作业/Data/KnowledgeBase/processed_clean/dify_import/unity_docs_chunk_e32a3d45c1893cc3.md,1766,2026-05-27T13:13:30.330759+00:00
chunk_c96d7ce23be55b10,unity_ccc8f9aa64af515b,unity_docs,official_documentation,ScriptReference,,AccessibilityRole,https://docs.unity3d.com/ScriptReference/Accessibility.AccessibilityRole.html,unity_docs_incremental_260527_002,3,E:/系统/桌面/工作区/本学期/大三下/IT项目管理/大作业/Data/KnowledgeBase/processed_clean/dify_import/unity_docs_chunk_c96d7ce23be55b10.md,1769,2026-05-27T13:13:30.331286+00:00
chunk_f5924cb44715e701,unity_ccc8f9aa64af515b,unity_docs,official_documentation,ScriptReference,,AccessibilityRole,https://docs.unity3d.com/ScriptReference/Accessibility.AccessibilityRole.html,unity_docs_incremental_260527_002,4,E:/系统/桌面/工作区/本学期/大三下/IT项目管理/大作业/Data/KnowledgeBase/processed_clean/dify_import/unity_docs_chunk_f5924cb44715e701.md,569,2026-05-27T13:13:30.331811+00:00
chunk_b95be089fbfdf30b,unity_9397e6f68b6e0c5c,unity_docs,official_documentation,ScriptReference,,AssistiveSupport .screenReaderStatusOverride,https://docs.unity3d.com/ScriptReference/Accessibility.AssistiveSupport-screenReaderStatusOverride.html,unity_docs_incremental_260527_002,1,E:/系统/桌面/工作区/本学期/大三下/IT项目管理/大作业/Data/KnowledgeBase/processed_clean/dify_import/unity_docs_chunk_b95be089fbfdf30b.md,1002,2026-05-27T13:13:30.333443+00:00
chunk_ba8251f3a7a56252,unity_1af6fe156bef06a3,unity_docs,official_documentation,ScriptReference,,AccessibilityState,https://docs.unity3d.com/ScriptReference/Accessibility.AccessibilityState.html,unity_docs_incremental_260527_002,1,E:/系统/桌面/工作区/本学期/大三下/IT项目管理/大作业/Data/KnowledgeBase/processed_clean/dify_import/unity_docs_chunk_ba8251f3a7a56252.md,1457,2026-05-27T13:13:30.335474+00:00
chunk_d0b23ced0dcb2ecf,unity_f68fcfb548315be1,unity_docs,official_documentation,ScriptReference,,AccessibilityNode .selected,https://docs.unity3d.com/ScriptReference/Accessibility.AccessibilityNode-selected.html,unity_docs_incremental_260527_002,1,E:/系统/桌面/工作区/本学期/大三下/IT项目管理/大作业/Data/KnowledgeBase/processed_clean/dify_import/unity_docs_chunk_d0b23ced0dcb2ecf.md,387,2026-05-27T13:13:30.336717+00:00
chunk_72bbc550d9214a8d,unity_a0eb7d3f65477166,unity_docs,official_documentation,ScriptReference,,AccessibilityNode .invoked,https://docs.unity3d.com/ScriptReference/Accessibility.AccessibilityNode-invoked.html,unity_docs_incremental_260527_002,1,E:/系统/桌面/工作区/本学期/大三下/IT项目管理/大作业/Data/KnowledgeBase/processed_clean/dify_import/unity_docs_chunk_72bbc550d9214a8d.md,1789,2026-05-27T13:13:30.337944+00:00
chunk_cf6c142576f7c7b5,unity_a0eb7d3f65477166,unity_docs,official_documentation,ScriptReference,,AccessibilityNode .invoked,https://docs.unity3d.com/ScriptReference/Accessibility.AccessibilityNode-invoked.html,unity_docs_incremental_260527_002,2,E:/系统/桌面/工作区/本学期/大三下/IT项目管理/大作业/Data/KnowledgeBase/processed_clean/dify_import/unity_docs_chunk_cf6c142576f7c7b5.md,222,2026-05-27T13:13:30.338730+00:00
chunk_0b982539bab51507,unity_ba8270e4db56c617,unity_docs,official_documentation,ScriptReference,,,https://docs.unity3d.com/ScriptReference/Animations.AnimatorControllerPlayable.ResetControllerState.html,unity_docs_incremental_260527_002,1,E:/系统/桌面/工作区/本学期/大三下/IT项目管理/大作业/Data/KnowledgeBase/processed_clean/dify_import/unity_docs_chunk_0b982539bab51507.md,1760,2026-05-27T13:13:30.340106+00:00
chunk_980f1fbbe1100bfc,unity_163f30960f249a2d,unity_docs,official_documentation,ScriptReference,,BuildProfile,https://docs.unity3d.com/ScriptReference/Build.Profile.BuildProfile.html,unity_docs_incremental_260527_002,1,E:/系统/桌面/工作区/本学期/大三下/IT项目管理/大作业/Data/KnowledgeBase/processed_clean/dify_import/unity_docs_chunk_980f1fbbe1100bfc.md,1797,2026-05-27T13:13:30.342018+00:00
chunk_7db7e8c6f933044c,unity_163f30960f249a2d,unity_docs,official_documentation,ScriptReference,,BuildProfile,https://docs.unity3d.com/ScriptReference/Build.Profile.BuildProfile.html,unity_docs_incremental_260527_002,2,E:/系统/桌面/工作区/本学期/大三下/IT项目管理/大作业/Data/KnowledgeBase/processed_clean/dify_import/unity_docs_chunk_7db7e8c6f933044c.md,1607,2026-05-27T13:13:30.342897+00:00
chunk_e5e2c32974d95138,unity_65386db2c07ce42f,unity_docs,official_documentation,ScriptReference,,BuildProfile .AddComponent,https://docs.unity3d.com/ScriptReference/Build.Profile.BuildProfile.AddComponent.html,unity_docs_incremental_260527_002,1,E:/系统/桌面/工作区/本学期/大三下/IT项目管理/大作业/Data/KnowledgeBase/processed_clean/dify_import/unity_docs_chunk_e5e2c32974d95138.md,760,2026-05-27T13:13:30.343886+00:00
chunk_775f8815c8926663,unity_e062c85cf4d79f76,unity_docs,official_documentation,ScriptReference,,BuildProfile .CreateComponent,https://docs.unity3d.com/ScriptReference/Build.Profile.BuildProfile.CreateComponent.html,unity_docs_incremental_260527_002,1,E:/系统/桌面/工作区/本学期/大三下/IT项目管理/大作业/Data/KnowledgeBase/processed_clean/dify_import/unity_docs_chunk_775f8815c8926663.md,763,2026-05-27T13:13:30.344717+00:00
chunk_23bbbfdf31d6812c,unity_bad9ddd2fd2c9a87,unity_docs,official_documentation,ScriptReference,,BuildProfile .GetComponent,https://docs.unity3d.com/ScriptReference/Build.Profile.BuildProfile.GetComponent.html,unity_docs_incremental_260527_002,1,E:/系统/桌面/工作区/本学期/大三下/IT项目管理/大作业/Data/KnowledgeBase/processed_clean/dify_import/unity_docs_chunk_23bbbfdf31d6812c.md,632,2026-05-27T13:13:30.345587+00:00
chunk_dda6592622b95742,unity_c83132d12010412e,unity_docs,official_documentation,ScriptReference,,ScriptableObject,https://docs.unity3d.com/ScriptReference/ScriptableObject.html,unity_docs_incremental_260527_002,1,E:/系统/桌面/工作区/本学期/大三下/IT项目管理/大作业/Data/KnowledgeBase/processed_clean/dify_import/unity_docs_chunk_dda6592622b95742.md,1794,2026-05-27T13:13:30.347284+00:00
chunk_83a1ef802b1cc34c,unity_c83132d12010412e,unity_docs,official_documentation,ScriptReference,,ScriptableObject,https://docs.unity3d.com/ScriptReference/ScriptableObject.html,unity_docs_incremental_260527_002,2,E:/系统/桌面/工作区/本学期/大三下/IT项目管理/大作业/Data/KnowledgeBase/processed_clean/dify_import/unity_docs_chunk_83a1ef802b1cc34c.md,1793,2026-05-27T13:13:30.347957+00:00
chunk_283f8ab7b5fbdfab,unity_c83132d12010412e,unity_docs,official_documentation,ScriptReference,,ScriptableObject,https://docs.unity3d.com/ScriptReference/ScriptableObject.html,unity_docs_incremental_260527_002,3,E:/系统/桌面/工作区/本学期/大三下/IT项目管理/大作业/Data/KnowledgeBase/processed_clean/dify_import/unity_docs_chunk_283f8ab7b5fbdfab.md,1785,2026-05-27T13:13:30.349008+00:00
chunk_6559818672224d17,unity_c83132d12010412e,unity_docs,official_documentation,ScriptReference,,ScriptableObject,https://docs.unity3d.com/ScriptReference/ScriptableObject.html,unity_docs_incremental_260527_002,4,E:/系统/桌面/工作区/本学期/大三下/IT项目管理/大作业/Data/KnowledgeBase/processed_clean/dify_import/unity_docs_chunk_6559818672224d17.md,1795,2026-05-27T13:13:30.349925+00:00
chunk_e22165f03c91c258,unity_c83132d12010412e,unity_docs,official_documentation,ScriptReference,,ScriptableObject,https://docs.unity3d.com/ScriptReference/ScriptableObject.html,unity_docs_incremental_260527_002,5,E:/系统/桌面/工作区/本学期/大三下/IT项目管理/大作业/Data/KnowledgeBase/processed_clean/dify_import/unity_docs_chunk_e22165f03c91c258.md,918,2026-05-27T13:13:30.350925+00:00
chunk_c9a2dd6b6ead60d1,unity_b694f53beaf4f9a2,unity_docs,official_documentation,ScriptReference,,DeeplinkHandlerAttribute,https://docs.unity3d.com/ScriptReference/DeeplinkHandlerAttribute.html,unity_docs_incremental_260527_002,1,E:/系统/桌面/工作区/本学期/大三下/IT项目管理/大作业/Data/KnowledgeBase/processed_clean/dify_import/unity_docs_chunk_c9a2dd6b6ead60d1.md,1292,2026-05-27T13:13:30.352367+00:00
chunk_b68f465136b9492d,unity_2b7e258f7effc8fd,unity_docs,official_documentation,ScriptReference,,EditorDialog,https://docs.unity3d.com/ScriptReference/EditorDialog.html,unity_docs_incremental_260527_002,1,E:/系统/桌面/工作区/本学期/大三下/IT项目管理/大作业/Data/KnowledgeBase/processed_clean/dify_import/unity_docs_chunk_b68f465136b9492d.md,1064,2026-05-27T13:13:30.353822+00:00
chunk_c66c3bf5e74c6fd7,unity_90639bb4a8b366a1,unity_docs,official_documentation,ScriptReference,,ShaderUtil .IsGraphicsAPISupported,https://docs.unity3d.com/ScriptReference/ShaderUtil.IsGraphicsAPISupported.html,unity_docs_incremental_260527_002,1,E:/系统/桌面/工作区/本学期/大三下/IT项目管理/大作业/Data/KnowledgeBase/processed_clean/dify_import/unity_docs_chunk_c66c3bf5e74c6fd7.md,1735,2026-05-27T13:13:30.355233+00:00
chunk_64922d03ea159f1f,unity_90639bb4a8b366a1,unity_docs,official_documentation,ScriptReference,,ShaderUtil .IsGraphicsAPISupported,https://docs.unity3d.com/ScriptReference/ShaderUtil.IsGraphicsAPISupported.html,unity_docs_incremental_260527_002,2,E:/系统/桌面/工作区/本学期/大三下/IT项目管理/大作业/Data/KnowledgeBase/processed_clean/dify_import/unity_docs_chunk_64922d03ea159f1f.md,645,2026-05-27T13:13:30.356330+00:00
chunk_992b820ef056da41,unity_8cb47715ca7305c8,unity_docs,official_documentation,ScriptReference,,ShaderUtil .GetAnyHitShaderName,https://docs.unity3d.com/ScriptReference/ShaderUtil.GetAnyHitShaderName.html,unity_docs_incremental_260527_002,1,E:/系统/桌面/工作区/本学期/大三下/IT项目管理/大作业/Data/KnowledgeBase/processed_clean/dify_import/unity_docs_chunk_992b820ef056da41.md,508,2026-05-27T13:13:30.357743+00:00
chunk_480457deb4b95788,unity_28a4c0130a5da56a,unity_docs,official_documentation,ScriptReference,,ShaderUtil .GetClosestHitShaderName,https://docs.unity3d.com/ScriptReference/ShaderUtil.GetClosestHitShaderName.html,unity_docs_incremental_260527_002,1,E:/系统/桌面/工作区/本学期/大三下/IT项目管理/大作业/Data/KnowledgeBase/processed_clean/dify_import/unity_docs_chunk_480457deb4b95788.md,532,2026-05-27T13:13:30.358952+00:00
chunk_2ebbbb436a2e04f7,unity_e2fee17341858567,unity_docs,official_documentation,ScriptReference,,RayTracingAccelerationStructure .AddInstancesIndirect,https://docs.unity3d.com/ScriptReference/Rendering.RayTracingAccelerationStructure.AddInstancesIndirect.html,unity_docs_incremental_260527_002,1,E:/系统/桌面/工作区/本学期/大三下/IT项目管理/大作业/Data/KnowledgeBase/processed_clean/dify_import/unity_docs_chunk_2ebbbb436a2e04f7.md,1742,2026-05-27T13:13:30.361579+00:00
chunk_01dc756004f9cf6e,unity_e2fee17341858567,unity_docs,official_documentation,ScriptReference,,RayTracingAccelerationStructure .AddInstancesIndirect,https://docs.unity3d.com/ScriptReference/Rendering.RayTracingAccelerationStructure.AddInstancesIndirect.html,unity_docs_incremental_260527_002,2,E:/系统/桌面/工作区/本学期/大三下/IT项目管理/大作业/Data/KnowledgeBase/processed_clean/dify_import/unity_docs_chunk_01dc756004f9cf6e.md,1772,2026-05-27T13:13:30.362509+00:00
chunk_57452f4c6c135d1d,unity_e2fee17341858567,unity_docs,official_documentation,ScriptReference,,RayTracingAccelerationStructure .AddInstancesIndirect,https://docs.unity3d.com/ScriptReference/Rendering.RayTracingAccelerationStructure.AddInstancesIndirect.html,unity_docs_incremental_260527_002,3,E:/系统/桌面/工作区/本学期/大三下/IT项目管理/大作业/Data/KnowledgeBase/processed_clean/dify_import/unity_docs_chunk_57452f4c6c135d1d.md,1781,2026-05-27T13:13:30.363357+00:00
chunk_a228ea7a5d04b19d,unity_e2fee17341858567,unity_docs,official_documentation,ScriptReference,,RayTracingAccelerationStructure .AddInstancesIndirect,https://docs.unity3d.com/ScriptReference/Rendering.RayTracingAccelerationStructure.AddInstancesIndirect.html,unity_docs_incremental_260527_002,4,E:/系统/桌面/工作区/本学期/大三下/IT项目管理/大作业/Data/KnowledgeBase/processed_clean/dify_import/unity_docs_chunk_a228ea7a5d04b19d.md,1751,2026-05-27T13:13:30.364179+00:00
chunk_e60ba9cfbf3b64fa,unity_e2fee17341858567,unity_docs,official_documentation,ScriptReference,,RayTracingAccelerationStructure .AddInstancesIndirect,https://docs.unity3d.com/ScriptReference/Rendering.RayTracingAccelerationStructure.AddInstancesIndirect.html,unity_docs_incremental_260527_002,5,E:/系统/桌面/工作区/本学期/大三下/IT项目管理/大作业/Data/KnowledgeBase/processed_clean/dify_import/unity_docs_chunk_e60ba9cfbf3b64fa.md,1639,2026-05-27T13:13:30.364834+00:00
chunk_f1d86e435382ce17,unity_e2fee17341858567,unity_docs,official_documentation,ScriptReference,,RayTracingAccelerationStructure .AddInstancesIndirect,https://docs.unity3d.com/ScriptReference/Rendering.RayTracingAccelerationStructure.AddInstancesIndirect.html,unity_docs_incremental_260527_002,6,E:/系统/桌面/工作区/本学期/大三下/IT项目管理/大作业/Data/KnowledgeBase/processed_clean/dify_import/unity_docs_chunk_f1d86e435382ce17.md,1789,2026-05-27T13:13:30.365444+00:00
chunk_86553490474e4081,unity_e2fee17341858567,unity_docs,official_documentation,ScriptReference,,RayTracingAccelerationStructure .AddInstancesIndirect,https://docs.unity3d.com/ScriptReference/Rendering.RayTracingAccelerationStructure.AddInstancesIndirect.html,unity_docs_incremental_260527_002,7,E:/系统/桌面/工作区/本学期/大三下/IT项目管理/大作业/Data/KnowledgeBase/processed_clean/dify_import/unity_docs_chunk_86553490474e4081.md,1789,2026-05-27T13:13:30.366195+00:00
chunk_214f4366ad7a40e2,unity_e2fee17341858567,unity_docs,official_documentation,ScriptReference,,RayTracingAccelerationStructure .AddInstancesIndirect,https://docs.unity3d.com/ScriptReference/Rendering.RayTracingAccelerationStructure.AddInstancesIndirect.html,unity_docs_incremental_260527_002,8,E:/系统/桌面/工作区/本学期/大三下/IT项目管理/大作业/Data/KnowledgeBase/processed_clean/dify_import/unity_docs_chunk_214f4366ad7a40e2.md,1797,2026-05-27T13:13:30.366889+00:00
chunk_764f8c9e6ce77cb6,unity_e2fee17341858567,unity_docs,official_documentation,ScriptReference,,RayTracingAccelerationStructure .AddInstancesIndirect,https://docs.unity3d.com/ScriptReference/Rendering.RayTracingAccelerationStructure.AddInstancesIndirect.html,unity_docs_incremental_260527_002,9,E:/系统/桌面/工作区/本学期/大三下/IT项目管理/大作业/Data/KnowledgeBase/processed_clean/dify_import/unity_docs_chunk_764f8c9e6ce77cb6.md,1783,2026-05-27T13:13:30.367515+00:00
chunk_f7419d93ccd0cab1,unity_e2fee17341858567,unity_docs,official_documentation,ScriptReference,,RayTracingAccelerationStructure .AddInstancesIndirect,https://docs.unity3d.com/ScriptReference/Rendering.RayTracingAccelerationStructure.AddInstancesIndirect.html,unity_docs_incremental_260527_002,10,E:/系统/桌面/工作区/本学期/大三下/IT项目管理/大作业/Data/KnowledgeBase/processed_clean/dify_import/unity_docs_chunk_f7419d93ccd0cab1.md,1798,2026-05-27T13:13:30.368126+00:00
chunk_163136cee22fef00,unity_e2fee17341858567,unity_docs,official_documentation,ScriptReference,,RayTracingAccelerationStructure .AddInstancesIndirect,https://docs.unity3d.com/ScriptReference/Rendering.RayTracingAccelerationStructure.AddInstancesIndirect.html,unity_docs_incremental_260527_002,11,E:/系统/桌面/工作区/本学期/大三下/IT项目管理/大作业/Data/KnowledgeBase/processed_clean/dify_import/unity_docs_chunk_163136cee22fef00.md,1795,2026-05-27T13:13:30.368753+00:00
chunk_0f425c31db8e400d,unity_e2fee17341858567,unity_docs,official_documentation,ScriptReference,,RayTracingAccelerationStructure .AddInstancesIndirect,https://docs.unity3d.com/ScriptReference/Rendering.RayTracingAccelerationStructure.AddInstancesIndirect.html,unity_docs_incremental_260527_002,12,E:/系统/桌面/工作区/本学期/大三下/IT项目管理/大作业/Data/KnowledgeBase/processed_clean/dify_import/unity_docs_chunk_0f425c31db8e400d.md,1275,2026-05-27T13:13:30.369559+00:00
chunk_aad4cd4ed413b8d6,unity_74865358a3fac967,unity_docs,official_documentation,ScriptReference,,GraphicsStateCollection .CopyGraphicsStatesForVariant,https://docs.unity3d.com/ScriptReference/Experimental.Rendering.GraphicsStateCollection.CopyGraphicsStatesForVariant.html,unity_docs_incremental_260527_002,1,E:/系统/桌面/工作区/本学期/大三下/IT项目管理/大作业/Data/KnowledgeBase/processed_clean/dify_import/unity_docs_chunk_aad4cd4ed413b8d6.md,1797,2026-05-27T13:13:30.371424+00:00
chunk_96d70f9fdfa4e729,unity_74865358a3fac967,unity_docs,official_documentation,ScriptReference,,GraphicsStateCollection .CopyGraphicsStatesForVariant,https://docs.unity3d.com/ScriptReference/Experimental.Rendering.GraphicsStateCollection.CopyGraphicsStatesForVariant.html,unity_docs_incremental_260527_002,2,E:/系统/桌面/工作区/本学期/大三下/IT项目管理/大作业/Data/KnowledgeBase/processed_clean/dify_import/unity_docs_chunk_96d70f9fdfa4e729.md,598,2026-05-27T13:13:30.372117+00:00
chunk_bb70d4eadc4becf2,unity_9599bfc874e0b518,unity_docs,official_documentation,ScriptReference,,GraphicsStateCollection .AddVariants,https://docs.unity3d.com/ScriptReference/Experimental.Rendering.GraphicsStateCollection.AddVariants.html,unity_docs_incremental_260527_002,1,E:/系统/桌面/工作区/本学期/大三下/IT项目管理/大作业/Data/KnowledgeBase/processed_clean/dify_import/unity_docs_chunk_bb70d4eadc4becf2.md,1304,2026-05-27T13:13:30.373425+00:00
chunk_4cd402ea3f82be6c,unity_69e7d8958a6e415b,unity_docs,official_documentation,ScriptReference,,ShaderVariant,https://docs.unity3d.com/ScriptReference/Experimental.Rendering.GraphicsStateCollection.ShaderVariant.html,unity_docs_incremental_260527_002,1,E:/系统/桌面/工作区/本学期/大三下/IT项目管理/大作业/Data/KnowledgeBase/processed_clean/dify_import/unity_docs_chunk_4cd402ea3f82be6c.md,757,2026-05-27T13:13:30.374541+00:00
chunk_2b2d833c7a4b2671,unity_8ef058cf2eda6062,unity_docs,official_documentation,ScriptReference,,GraphicsStateCollection .AddVariant,https://docs.unity3d.com/ScriptReference/Experimental.Rendering.GraphicsStateCollection.AddVariant.html,unity_docs_incremental_260527_002,1,E:/系统/桌面/工作区/本学期/大三下/IT项目管理/大作业/Data/KnowledgeBase/processed_clean/dify_import/unity_docs_chunk_2b2d833c7a4b2671.md,1204,2026-05-27T13:13:30.375734+00:00
chunk_fe91f2dadc982a19,unity_f941bd1754c65f3d,unity_docs,official_documentation,ScriptReference,,GraphicsStateCollection .RemoveVariant,https://docs.unity3d.com/ScriptReference/Experimental.Rendering.GraphicsStateCollection.RemoveVariant.html,unity_docs_incremental_260527_002,1,E:/系统/桌面/工作区/本学期/大三下/IT项目管理/大作业/Data/KnowledgeBase/processed_clean/dify_import/unity_docs_chunk_fe91f2dadc982a19.md,1255,2026-05-27T13:13:30.377131+00:00
chunk_d4abc218b82136c4,unity_884a697ea2ab02c3,unity_docs,official_documentation,ScriptReference,,GraphicsStateCollection .ContainsVariant,https://docs.unity3d.com/ScriptReference/Experimental.Rendering.GraphicsStateCollection.ContainsVariant.html,unity_docs_incremental_260527_002,1,E:/系统/桌面/工作区/本学期/大三下/IT项目管理/大作业/Data/KnowledgeBase/processed_clean/dify_import/unity_docs_chunk_d4abc218b82136c4.md,1246,2026-05-27T13:13:30.378537+00:00
chunk_13382d291dbe0c67,unity_a1446658ad8689ea,unity_docs,official_documentation,ScriptReference,,GraphicsStateCollection .AddGraphicsStateForVariant,https://docs.unity3d.com/ScriptReference/Experimental.Rendering.GraphicsStateCollection.AddGraphicsStateForVariant.html,unity_docs_incremental_260527_002,1,E:/系统/桌面/工作区/本学期/大三下/IT项目管理/大作业/Data/KnowledgeBase/processed_clean/dify_import/unity_docs_chunk_13382d291dbe0c67.md,1771,2026-05-27T13:13:30.380352+00:00
chunk_1cb5d0a1da061295,unity_a1446658ad8689ea,unity_docs,official_documentation,ScriptReference,,GraphicsStateCollection .AddGraphicsStateForVariant,https://docs.unity3d.com/ScriptReference/Experimental.Rendering.GraphicsStateCollection.AddGraphicsStateForVariant.html,unity_docs_incremental_260527_002,2,E:/系统/桌面/工作区/本学期/大三下/IT项目管理/大作业/Data/KnowledgeBase/processed_clean/dify_import/unity_docs_chunk_1cb5d0a1da061295.md,563,2026-05-27T13:13:30.381074+00:00
chunk_37d5151befecd4ad,unity_297318e9fcc82256,unity_docs,official_documentation,ScriptReference,,GraphicsStateCollection .RemoveGraphicsStatesForVariant,https://docs.unity3d.com/ScriptReference/Experimental.Rendering.GraphicsStateCollection.RemoveGraphicsStatesForVariant.html,unity_docs_incremental_260527_002,1,E:/系统/桌面/工作区/本学期/大三下/IT项目管理/大作业/Data/KnowledgeBase/processed_clean/dify_import/unity_docs_chunk_37d5151befecd4ad.md,1048,2026-05-27T13:13:30.382056+00:00
chunk_c8b7b46e6a19c7e6,unity_b7fc2104ea6e5fb7,unity_docs,official_documentation,ScriptReference,,GraphicsStateCollection.GraphicsState .SetMeshData,https://docs.unity3d.com/ScriptReference/Experimental.Rendering.GraphicsStateCollection.GraphicsState.SetMeshData.html,unity_docs_incremental_260527_002,1,E:/系统/桌面/工作区/本学期/大三下/IT项目管理/大作业/Data/KnowledgeBase/processed_clean/dify_import/unity_docs_chunk_c8b7b46e6a19c7e6.md,824,2026-05-27T13:13:30.382826+00:00
chunk_c66940e9505a8cce,unity_b8693a2430629bb4,unity_docs,official_documentation,ScriptReference,,GraphicsStateCollection.GraphicsState .SetRenderPassData,https://docs.unity3d.com/ScriptReference/Experimental.Rendering.GraphicsStateCollection.GraphicsState.SetRenderPassData.html,unity_docs_incremental_260527_002,1,E:/系统/桌面/工作区/本学期/大三下/IT项目管理/大作业/Data/KnowledgeBase/processed_clean/dify_import/unity_docs_chunk_c66940e9505a8cce.md,1256,2026-05-27T13:13:30.384105+00:00
chunk_04672aa3ddd423f0,unity_0471f1b67908bb8b,unity_docs,official_documentation,ScriptReference,,MeshRenderer .SetShaderUserValue,https://docs.unity3d.com/ScriptReference/MeshRenderer.SetShaderUserValue.html,unity_docs_incremental_260527_002,1,E:/系统/桌面/工作区/本学期/大三下/IT项目管理/大作业/Data/KnowledgeBase/processed_clean/dify_import/unity_docs_chunk_04672aa3ddd423f0.md,1748,2026-05-27T13:13:30.385388+00:00
chunk_ea86a74156cdbf8d,unity_0471f1b67908bb8b,unity_docs,official_documentation,ScriptReference,,MeshRenderer .SetShaderUserValue,https://docs.unity3d.com/ScriptReference/MeshRenderer.SetShaderUserValue.html,unity_docs_incremental_260527_002,2,E:/系统/桌面/工作区/本学期/大三下/IT项目管理/大作业/Data/KnowledgeBase/processed_clean/dify_import/unity_docs_chunk_ea86a74156cdbf8d.md,1022,2026-05-27T13:13:30.386044+00:00
chunk_632ddf6a491aa7da,unity_7b7603d46605e11d,unity_docs,official_documentation,Manual,,UI Toolkit project settings,https://docs.unity3d.com/6000.4/Documentation/Manual/UIB-project-setting.html,unity_docs_incremental_260527,1,E:/系统/桌面/工作区/本学期/大三下/IT项目管理/大作业/Data/KnowledgeBase/processed_clean/dify_import/unity_docs_chunk_632ddf6a491aa7da.md,1777,2026-05-27T13:13:30.388007+00:00
chunk_888d394eb0a7e45a,unity_7b7603d46605e11d,unity_docs,official_documentation,Manual,,UI Toolkit project settings,https://docs.unity3d.com/6000.4/Documentation/Manual/UIB-project-setting.html,unity_docs_incremental_260527,2,E:/系统/桌面/工作区/本学期/大三下/IT项目管理/大作业/Data/KnowledgeBase/processed_clean/dify_import/unity_docs_chunk_888d394eb0a7e45a.md,263,2026-05-27T13:13:30.388567+00:00
chunk_9fc0fb842b18898f,unity_d5b42b700b10083a,unity_docs,official_documentation,Manual,,Managing time and frame rate,https://docs.unity3d.com/6000.4/Documentation/Manual/managing-time-and-frame-rate.html,unity_docs_incremental_260527,1,E:/系统/桌面/工作区/本学期/大三下/IT项目管理/大作业/Data/KnowledgeBase/processed_clean/dify_import/unity_docs_chunk_9fc0fb842b18898f.md,1649,2026-05-27T13:13:30.389528+00:00
chunk_beb66f3074d0eaff,unity_e6f211ed99009900,unity_docs,official_documentation,Manual,,Unity - Manual: Fixed updates,https://docs.unity3d.com/6000.4/Documentation/Manual/fixed-updates.html,unity_docs_incremental_260527,1,E:/系统/桌面/工作区/本学期/大三下/IT项目管理/大作业/Data/KnowledgeBase/processed_clean/dify_import/unity_docs_chunk_beb66f3074d0eaff.md,1706,2026-05-27T13:13:30.391231+00:00
chunk_9ad3e15565a6a11d,unity_e6f211ed99009900,unity_docs,official_documentation,Manual,,Unity - Manual: Fixed updates,https://docs.unity3d.com/6000.4/Documentation/Manual/fixed-updates.html,unity_docs_incremental_260527,2,E:/系统/桌面/工作区/本学期/大三下/IT项目管理/大作业/Data/KnowledgeBase/processed_clean/dify_import/unity_docs_chunk_9ad3e15565a6a11d.md,1701,2026-05-27T13:13:30.391744+00:00
chunk_5c9b3dd11744a09f,unity_e6f211ed99009900,unity_docs,official_documentation,Manual,,Unity - Manual: Fixed updates,https://docs.unity3d.com/6000.4/Documentation/Manual/fixed-updates.html,unity_docs_incremental_260527,3,E:/系统/桌面/工作区/本学期/大三下/IT项目管理/大作业/Data/KnowledgeBase/processed_clean/dify_import/unity_docs_chunk_5c9b3dd11744a09f.md,1198,2026-05-27T13:13:30.392203+00:00
chunk_ed453023a3c9f02f,unity_e6f211ed99009900,unity_docs,official_documentation,Manual,,Unity - Manual: Fixed updates,https://docs.unity3d.com/6000.4/Documentation/Manual/fixed-updates.html,unity_docs_incremental_260527,4,E:/系统/桌面/工作区/本学期/大三下/IT项目管理/大作业/Data/KnowledgeBase/processed_clean/dify_import/unity_docs_chunk_ed453023a3c9f02f.md,1125,2026-05-27T13:13:30.392633+00:00
chunk_6fa1ff307dd3197c,unity_e6f211ed99009900,unity_docs,official_documentation,Manual,,Unity - Manual: Fixed updates,https://docs.unity3d.com/6000.4/Documentation/Manual/fixed-updates.html,unity_docs_incremental_260527,5,E:/系统/桌面/工作区/本学期/大三下/IT项目管理/大作业/Data/KnowledgeBase/processed_clean/dify_import/unity_docs_chunk_6fa1ff307dd3197c.md,985,2026-05-27T13:13:30.393339+00:00
chunk_c8c9fcaf52ac7cf6,unity_35384f0b60404453,unity_docs,official_documentation,Manual,,Optimize physics performance,https://docs.unity3d.com/6000.4/Documentation/Manual/physics-optimization.html,unity_docs_incremental_260527,1,E:/系统/桌面/工作区/本学期/大三下/IT项目管理/大作业/Data/KnowledgeBase/processed_clean/dify_import/unity_docs_chunk_c8c9fcaf52ac7cf6.md,1591,2026-05-27T13:13:30.394862+00:00
chunk_a6ebf84907392af5,unity_35384f0b60404453,unity_docs,official_documentation,Manual,,Optimize physics performance,https://docs.unity3d.com/6000.4/Documentation/Manual/physics-optimization.html,unity_docs_incremental_260527,2,E:/系统/桌面/工作区/本学期/大三下/IT项目管理/大作业/Data/KnowledgeBase/processed_clean/dify_import/unity_docs_chunk_a6ebf84907392af5.md,1395,2026-05-27T13:13:30.395600+00:00
chunk_d50a530cbd906c5a,unity_5993ac54679d293f,unity_docs,official_documentation,Manual,,Overlays,https://docs.unity3d.com/6000.4/Documentation/Manual/overlays.html,unity_docs_incremental_260527,1,E:/系统/桌面/工作区/本学期/大三下/IT项目管理/大作业/Data/KnowledgeBase/processed_clean/dify_import/unity_docs_chunk_d50a530cbd906c5a.md,1773,2026-05-27T13:13:30.396973+00:00
chunk_bf54cd92f6f63ecd,unity_5993ac54679d293f,unity_docs,official_documentation,Manual,,Overlays,https://docs.unity3d.com/6000.4/Documentation/Manual/overlays.html,unity_docs_incremental_260527,2,E:/系统/桌面/工作区/本学期/大三下/IT项目管理/大作业/Data/KnowledgeBase/processed_clean/dify_import/unity_docs_chunk_bf54cd92f6f63ecd.md,800,2026-05-27T13:13:30.397857+00:00
chunk_1d69f9d9adee1dfb,unity_4cc2efb53db8d321,unity_docs,official_documentation,Manual,,Per-pixel and per-vertex lights in the Built-In Render Pipeline,https://docs.unity3d.com/6000.4/Documentation/Manual/PerPixelLights-BuiltIn.html,unity_docs_incremental_260527,1,E:/系统/桌面/工作区/本学期/大三下/IT项目管理/大作业/Data/KnowledgeBase/processed_clean/dify_import/unity_docs_chunk_1d69f9d9adee1dfb.md,1766,2026-05-27T13:13:30.399366+00:00
chunk_fcaa65a8cc769f3b,unity_4cc2efb53db8d321,unity_docs,official_documentation,Manual,,Per-pixel and per-vertex lights in the Built-In Render Pipeline,https://docs.unity3d.com/6000.4/Documentation/Manual/PerPixelLights-BuiltIn.html,unity_docs_incremental_260527,2,E:/系统/桌面/工作区/本学期/大三下/IT项目管理/大作业/Data/KnowledgeBase/processed_clean/dify_import/unity_docs_chunk_fcaa65a8cc769f3b.md,1462,2026-05-27T13:13:30.399990+00:00
chunk_20e240cafeefc47f,unity_b1d2207161fefd21,unity_docs,official_documentation,Manual,,Frame Debugger Event Information reference,https://docs.unity3d.com/6000.4/Documentation/Manual/frame-debugger-window-event-information.html,unity_docs_incremental_260527,1,E:/系统/桌面/工作区/本学期/大三下/IT项目管理/大作业/Data/KnowledgeBase/processed_clean/dify_import/unity_docs_chunk_20e240cafeefc47f.md,1716,2026-05-27T13:13:30.402294+00:00
chunk_d09323c1191d7a22,unity_b1d2207161fefd21,unity_docs,official_documentation,Manual,,Frame Debugger Event Information reference,https://docs.unity3d.com/6000.4/Documentation/Manual/frame-debugger-window-event-information.html,unity_docs_incremental_260527,2,E:/系统/桌面/工作区/本学期/大三下/IT项目管理/大作业/Data/KnowledgeBase/processed_clean/dify_import/unity_docs_chunk_d09323c1191d7a22.md,1794,2026-05-27T13:13:30.402847+00:00
chunk_54eb4057bbffeec5,unity_b1d2207161fefd21,unity_docs,official_documentation,Manual,,Frame Debugger Event Information reference,https://docs.unity3d.com/6000.4/Documentation/Manual/frame-debugger-window-event-information.html,unity_docs_incremental_260527,3,E:/系统/桌面/工作区/本学期/大三下/IT项目管理/大作业/Data/KnowledgeBase/processed_clean/dify_import/unity_docs_chunk_54eb4057bbffeec5.md,1739,2026-05-27T13:13:30.403322+00:00
chunk_abee851238be19c0,unity_b1d2207161fefd21,unity_docs,official_documentation,Manual,,Frame Debugger Event Information reference,https://docs.unity3d.com/6000.4/Documentation/Manual/frame-debugger-window-event-information.html,unity_docs_incremental_260527,4,E:/系统/桌面/工作区/本学期/大三下/IT项目管理/大作业/Data/KnowledgeBase/processed_clean/dify_import/unity_docs_chunk_abee851238be19c0.md,1780,2026-05-27T13:13:30.403803+00:00
chunk_6c42f5cdc198932c,unity_b1d2207161fefd21,unity_docs,official_documentation,Manual,,Frame Debugger Event Information reference,https://docs.unity3d.com/6000.4/Documentation/Manual/frame-debugger-window-event-information.html,unity_docs_incremental_260527,5,E:/系统/桌面/工作区/本学期/大三下/IT项目管理/大作业/Data/KnowledgeBase/processed_clean/dify_import/unity_docs_chunk_6c42f5cdc198932c.md,1788,2026-05-27T13:13:30.404581+00:00
chunk_80d3927de5b1983c,unity_b1d2207161fefd21,unity_docs,official_documentation,Manual,,Frame Debugger Event Information reference,https://docs.unity3d.com/6000.4/Documentation/Manual/frame-debugger-window-event-information.html,unity_docs_incremental_260527,6,E:/系统/桌面/工作区/本学期/大三下/IT项目管理/大作业/Data/KnowledgeBase/processed_clean/dify_import/unity_docs_chunk_80d3927de5b1983c.md,1758,2026-05-27T13:13:30.405212+00:00
chunk_39573672804ab03f,unity_b1d2207161fefd21,unity_docs,official_documentation,Manual,,Frame Debugger Event Information reference,https://docs.unity3d.com/6000.4/Documentation/Manual/frame-debugger-window-event-information.html,unity_docs_incremental_260527,7,E:/系统/桌面/工作区/本学期/大三下/IT项目管理/大作业/Data/KnowledgeBase/processed_clean/dify_import/unity_docs_chunk_39573672804ab03f.md,1799,2026-05-27T13:13:30.405781+00:00
chunk_8f579dd8ed6a7df9,unity_b1d2207161fefd21,unity_docs,official_documentation,Manual,,Frame Debugger Event Information reference,https://docs.unity3d.com/6000.4/Documentation/Manual/frame-debugger-window-event-information.html,unity_docs_incremental_260527,8,E:/系统/桌面/工作区/本学期/大三下/IT项目管理/大作业/Data/KnowledgeBase/processed_clean/dify_import/unity_docs_chunk_8f579dd8ed6a7df9.md,1783,2026-05-27T13:13:30.406327+00:00
chunk_d8ca622595cc3349,unity_b1d2207161fefd21,unity_docs,official_documentation,Manual,,Frame Debugger Event Information reference,https://docs.unity3d.com/6000.4/Documentation/Manual/frame-debugger-window-event-information.html,unity_docs_incremental_260527,9,E:/系统/桌面/工作区/本学期/大三下/IT项目管理/大作业/Data/KnowledgeBase/processed_clean/dify_import/unity_docs_chunk_d8ca622595cc3349.md,229,2026-05-27T13:13:30.406855+00:00
chunk_a5ceeebf487ccb94,unity_c2ea9135c7e9e69d,unity_docs,official_documentation,Manual,,RenderDoc integration,https://docs.unity3d.com/6000.4/Documentation/Manual/RenderDocIntegration.html,unity_docs_incremental_260527,1,E:/系统/桌面/工作区/本学期/大三下/IT项目管理/大作业/Data/KnowledgeBase/processed_clean/dify_import/unity_docs_chunk_a5ceeebf487ccb94.md,1685,2026-05-27T13:13:30.408630+00:00
chunk_71dd931985a00049,unity_c2ea9135c7e9e69d,unity_docs,official_documentation,Manual,,RenderDoc integration,https://docs.unity3d.com/6000.4/Documentation/Manual/RenderDocIntegration.html,unity_docs_incremental_260527,2,E:/系统/桌面/工作区/本学期/大三下/IT项目管理/大作业/Data/KnowledgeBase/processed_clean/dify_import/unity_docs_chunk_71dd931985a00049.md,1712,2026-05-27T13:13:30.409297+00:00
chunk_d655df2c74bee466,unity_c2ea9135c7e9e69d,unity_docs,official_documentation,Manual,,RenderDoc integration,https://docs.unity3d.com/6000.4/Documentation/Manual/RenderDocIntegration.html,unity_docs_incremental_260527,3,E:/系统/桌面/工作区/本学期/大三下/IT项目管理/大作业/Data/KnowledgeBase/processed_clean/dify_import/unity_docs_chunk_d655df2c74bee466.md,1657,2026-05-27T13:13:30.409791+00:00
chunk_0ac4ded7051bb5ac,unity_c2ea9135c7e9e69d,unity_docs,official_documentation,Manual,,RenderDoc integration,https://docs.unity3d.com/6000.4/Documentation/Manual/RenderDocIntegration.html,unity_docs_incremental_260527,4,E:/系统/桌面/工作区/本学期/大三下/IT项目管理/大作业/Data/KnowledgeBase/processed_clean/dify_import/unity_docs_chunk_0ac4ded7051bb5ac.md,274,2026-05-27T13:13:30.410390+00:00
chunk_bec9215c8dc6c783,unity_f5bad10d3967fb9c,unity_docs,official_documentation,ScriptReference,,Mesh .triangles,https://docs.unity3d.com/6000.4/Documentation/ScriptReference/Mesh-triangles.html,unity_docs_incremental_260527,1,E:/系统/桌面/工作区/本学期/大三下/IT项目管理/大作业/Data/KnowledgeBase/processed_clean/dify_import/unity_docs_chunk_bec9215c8dc6c783.md,1727,2026-05-27T13:13:30.411945+00:00
chunk_25e71c3900885949,unity_593dc2dcbac81ee7,unity_docs,official_documentation,ScriptReference,,Mesh .vertices,https://docs.unity3d.com/6000.4/Documentation/ScriptReference/Mesh-vertices.html,unity_docs_incremental_260527,1,E:/系统/桌面/工作区/本学期/大三下/IT项目管理/大作业/Data/KnowledgeBase/processed_clean/dify_import/unity_docs_chunk_25e71c3900885949.md,1415,2026-05-27T13:13:30.413057+00:00
chunk_b78643ef46691055,unity_9b71cd715db72788,unity_docs,official_documentation,Manual,,Scriptable Render Pipeline Batcher in URP,https://docs.unity3d.com/6000.4/Documentation/Manual/SRPBatcher.html,unity_docs_incremental_260527,1,E:/系统/桌面/工作区/本学期/大三下/IT项目管理/大作业/Data/KnowledgeBase/processed_clean/dify_import/unity_docs_chunk_b78643ef46691055.md,1713,2026-05-27T13:13:30.414210+00:00
chunk_643dc5553b23c911,unity_9b71cd715db72788,unity_docs,official_documentation,Manual,,Scriptable Render Pipeline Batcher in URP,https://docs.unity3d.com/6000.4/Documentation/Manual/SRPBatcher.html,unity_docs_incremental_260527,2,E:/系统/桌面/工作区/本学期/大三下/IT项目管理/大作业/Data/KnowledgeBase/processed_clean/dify_import/unity_docs_chunk_643dc5553b23c911.md,1781,2026-05-27T13:13:30.414624+00:00
chunk_ad7fdcdedcf75d52,unity_9b71cd715db72788,unity_docs,official_documentation,Manual,,Scriptable Render Pipeline Batcher in URP,https://docs.unity3d.com/6000.4/Documentation/Manual/SRPBatcher.html,unity_docs_incremental_260527,3,E:/系统/桌面/工作区/本学期/大三下/IT项目管理/大作业/Data/KnowledgeBase/processed_clean/dify_import/unity_docs_chunk_ad7fdcdedcf75d52.md,293,2026-05-27T13:13:30.414987+00:00
chunk_4efad0753b6a122c,unity_d160bef8453357b7,unity_docs,official_documentation,Manual,,Enable the GPU Resident Drawer in URP,https://docs.unity3d.com/6000.4/Documentation/Manual/urp/gpu-resident-drawer.html,unity_docs_incremental_260527,1,E:/系统/桌面/工作区/本学期/大三下/IT项目管理/大作业/Data/KnowledgeBase/processed_clean/dify_import/unity_docs_chunk_4efad0753b6a122c.md,1790,2026-05-27T13:13:30.416144+00:00
chunk_72023f1ba5a67ff2,unity_d160bef8453357b7,unity_docs,official_documentation,Manual,,Enable the GPU Resident Drawer in URP,https://docs.unity3d.com/6000.4/Documentation/Manual/urp/gpu-resident-drawer.html,unity_docs_incremental_260527,2,E:/系统/桌面/工作区/本学期/大三下/IT项目管理/大作业/Data/KnowledgeBase/processed_clean/dify_import/unity_docs_chunk_72023f1ba5a67ff2.md,1778,2026-05-27T13:13:30.416558+00:00
chunk_c870a651f1e02f94,unity_d160bef8453357b7,unity_docs,official_documentation,Manual,,Enable the GPU Resident Drawer in URP,https://docs.unity3d.com/6000.4/Documentation/Manual/urp/gpu-resident-drawer.html,unity_docs_incremental_260527,3,E:/系统/桌面/工作区/本学期/大三下/IT项目管理/大作业/Data/KnowledgeBase/processed_clean/dify_import/unity_docs_chunk_c870a651f1e02f94.md,1451,2026-05-27T13:13:30.416905+00:00
chunk_88b8254abe1e3c26,unity_7e2b1e66e867db6a,unity_docs,official_documentation,Manual,,Introduction to GPU instancing,https://docs.unity3d.com/6000.4/Documentation/Manual/GPUInstancing.html,unity_docs_incremental_260527,1,E:/系统/桌面/工作区/本学期/大三下/IT项目管理/大作业/Data/KnowledgeBase/processed_clean/dify_import/unity_docs_chunk_88b8254abe1e3c26.md,1485,2026-05-27T13:13:30.418425+00:00
chunk_d9b533854358dffd,unity_7e2b1e66e867db6a,unity_docs,official_documentation,Manual,,Introduction to GPU instancing,https://docs.unity3d.com/6000.4/Documentation/Manual/GPUInstancing.html,unity_docs_incremental_260527,2,E:/系统/桌面/工作区/本学期/大三下/IT项目管理/大作业/Data/KnowledgeBase/processed_clean/dify_import/unity_docs_chunk_d9b533854358dffd.md,1672,2026-05-27T13:13:30.419160+00:00
chunk_8505cb06b361002c,unity_7e2b1e66e867db6a,unity_docs,official_documentation,Manual,,Introduction to GPU instancing,https://docs.unity3d.com/6000.4/Documentation/Manual/GPUInstancing.html,unity_docs_incremental_260527,3,E:/系统/桌面/工作区/本学期/大三下/IT项目管理/大作业/Data/KnowledgeBase/processed_clean/dify_import/unity_docs_chunk_8505cb06b361002c.md,1689,2026-05-27T13:13:30.419853+00:00
chunk_3b3cc4571002ea07,unity_1643a2c816e58d66,unity_docs,official_documentation,Manual,,The camera view,https://docs.unity3d.com/6000.4/Documentation/Manual/CameraView.html,unity_docs_incremental_260527,1,E:/系统/桌面/工作区/本学期/大三下/IT项目管理/大作业/Data/KnowledgeBase/processed_clean/dify_import/unity_docs_chunk_3b3cc4571002ea07.md,1323,2026-05-27T13:13:30.420873+00:00
chunk_7311dbdccb61f67e,unity_bd6b2813ee12a854,unity_docs,official_documentation,Manual,,Lighting data,https://docs.unity3d.com/6000.4/Documentation/Manual/Lightmap-data-landing.html,unity_docs_incremental_260527,1,E:/系统/桌面/工作区/本学期/大三下/IT项目管理/大作业/Data/KnowledgeBase/processed_clean/dify_import/unity_docs_chunk_7311dbdccb61f67e.md,1696,2026-05-27T13:13:30.421771+00:00
chunk_bd50c30465bb01eb,unity_bd6b2813ee12a854,unity_docs,official_documentation,Manual,,Lighting data,https://docs.unity3d.com/6000.4/Documentation/Manual/Lightmap-data-landing.html,unity_docs_incremental_260527,2,E:/系统/桌面/工作区/本学期/大三下/IT项目管理/大作业/Data/KnowledgeBase/processed_clean/dify_import/unity_docs_chunk_bd50c30465bb01eb.md,458,2026-05-27T13:13:30.422167+00:00
